tenure,MonthlyCharges,TotalCharges,avg_monthly_spend,gender_Male,SeniorCitizen_Yes,Partner_Yes,Dependents_Yes,PhoneService_Yes,MultipleLines_No phone service,MultipleLines_Yes,InternetService_Fiber optic,InternetService_No,OnlineSecurity_No internet service,OnlineSecurity_Yes,OnlineBackup_No internet service,OnlineBackup_Yes,DeviceProtection_No internet service,DeviceProtection_Yes,TechSupport_No internet service,TechSupport_Yes,StreamingTV_No internet service,StreamingTV_Yes,StreamingMovies_No internet service,StreamingMovies_Yes,Contract_One year,Contract_Two year,PaperlessBilling_Yes,PaymentMethod_Credit card (automatic),PaymentMethod_Electronic check,PaymentMethod_Mailed check,tenure_group_Menengah,tenure_group_Lama
35,49.2,1701.65,48.61857142857143,1,0,0,0,0,1,0,0,0,0,0,0,0,0,1,0,0,0,1,0,1,0,0,0,0,1,0,1,0
15,75.1,1151.55,76.77,1,0,1,1,1,0,0,1,0,0,1,0,0,0,0,0,0,0,0,0,0,0,0,0,0,0,1,1,0
13,40.55,590.35,45.41153846153846,1,0,1,1,0,1,0,0,0,0,1,0,1,0,0,0,1,0,0,0,0,0,1,0,0,0,1,1,0
26,73.5,1905.7,73.29615384615384,0,0,1,0,1,0,0,0,0,0,0,0,1,0,1,0,0,0,1,0,1,0,1,1,1,0,0,1,0
1,44.55,44.55,44.55,1,0,1,1,1,0,0,0,0,0,0,0,0,0,0,0,0,0,0,0,0,0,0,0,0,1,0,0,0
66,79.5,5196.1,78.72878787878788,1,0,0,1,1,0,0,0,0,0,0,0,1,0,1,0,1,0,1,0,1,0,1,1,1,0,0,0,1
1,19.8,19.8,19.8,0,0,0,0,1,0,0,0,1,1,0,1,0,1,0,1,0,1,0,1,0,0,0,0,1,0,0,0,0
40,56.6,2379.1,59.4775,0,0,1,0,1,0,1,0,0,0,0,0,1,0,0,0,0,0,0,0,0,0,0,0,1,0,0,0,1
65,59.8,3808.2,58.58769230769231,0,0,1,0,1,0,0,0,0,0,0,0,0,0,0,0,1,0,1,0,0,0,1,1,1,0,0,0,1
60,80.55,4847.05,80.78416666666666,0,0,0,0,1,0,1,0,0,0,0,0,0,0,1,0,1,0,1,0,1,1,0,0,1,0,0,0,1
5,59.9,287.85,57.57000000000001,0,1,0,0,1,0,0,0,0,0,1,0,1,0,0,0,1,0,0,0,0,0,0,0,1,0,0,0,0
5,49.4,232.55,46.510000000000005,0,0,1,1,1,0,0,0,0,0,1,0,0,0,0,0,0,0,0,0,0,0,0,1,0,0,1,0,0
2,50.95,123.05,61.525,0,0,0,0,1,0,0,0,0,0,1,0,0,0,0,0,0,0,0,0,0,0,0,0,0,0,1,0,0
30,67.6,2000.2,66.67333333333333,1,0,1,1,1,0,1,0,0,0,1,0,1,0,1,0,1,0,0,0,0,0,0,0,0,1,0,1,0
36,95.4,3474.2,96.50555555555555,1,0,1,0,1,0,1,1,0,0,0,0,0,0,0,0,0,0,1,0,1,0,0,1,0,1,0,1,0
55,69.05,3842.6,69.86545454545454,0,0,1,1,1,0,0,1,0,0,0,0,0,0,0,0,0,0,0,0,0,0,1,1,1,0,0,0,1
31,84.75,2613.4,84.30322580645162,0,0,0,0,1,0,1,1,0,0,1,0,0,0,1,0,0,0,0,0,0,0,0,1,1,0,0,1,0
28,35.9,973.65,34.77321428571428,0,1,1,1,0,1,0,0,0,0,0,0,0,0,0,0,0,0,1,0,0,0,0,1,0,1,0,1,0
16,18.95,326.8,20.425,1,0,0,0,1,0,0,0,1,1,0,1,0,1,0,1,0,1,0,1,0,0,1,0,1,0,0,1,0
6,20.15,130.5,21.75,1,0,0,0,1,0,0,0,1,1,0,1,0,1,0,1,0,1,0,1,0,0,0,0,0,0,0,0,0
27,85.9,2220.1,82.22592592592592,1,1,1,0,1,0,1,1,0,0,1,0,0,0,1,0,0,0,0,0,0,1,0,1,0,1,0,1,0
58,25.3,1474.35,25.419827586206896,1,0,0,0,1,0,1,0,1,1,0,1,0,1,0,1,0,1,0,1,0,0,1,1,1,0,0,0,1
72,104.9,7732.65,107.39791666666666,1,0,1,1,1,0,1,1,0,0,1,0,1,0,1,0,1,0,0,0,1,0,1,1,1,0,0,0,1
28,35.75,961.4,34.33571428571428,0,0,0,0,0,1,0,0,0,0,0,0,0,0,1,0,1,0,0,0,0,0,0,1,0,0,1,1,0
40,85.05,3355.65,83.89125,1,0,1,1,1,0,0,1,0,0,0,0,0,0,1,0,0,0,1,0,0,1,0,1,0,1,0,0,1
1,20.5,20.5,20.5,1,0,0,0,1,0,0,0,1,1,0,1,0,1,0,1,0,1,0,1,0,0,0,0,0,0,1,0,0
5,80.0,412.5,82.5,0,0,0,0,1,0,0,1,0,0,0,0,0,0,0,0,0,0,0,0,1,0,0,1,0,1,0,0,0
1,69.2,69.2,69.2,0,0,0,0,1,0,0,1,0,0,0,0,0,0,0,0,0,0,0,0,0,0,0,1,0,1,0,0,0
12,105.3,1275.65,106.30416666666667,0,0,0,1,1,0,1,1,0,0,0,0,1,0,1,0,0,0,1,0,1,0,0,1,0,1,0,0,0
5,96.1,453.4,90.67999999999999,1,0,0,0,1,0,0,1,0,0,0,0,0,0,0,0,1,0,1,0,1,0,0,1,0,1,0,0,0
71,86.1,6045.9,85.15352112676055,1,0,1,0,1,0,0,0,0,0,1,0,1,0,1,0,1,0,1,0,1,0,1,1,0,0,0,0,1
3,76.95,228.4,76.13333333333334,1,0,0,0,1,0,1,1,0,0,0,0,0,0,0,0,0,0,0,0,0,0,0,1,0,1,0,0,0
30,19.65,655.85,21.861666666666668,0,0,1,0,1,0,0,0,1,1,0,1,0,1,0,1,0,1,0,1,0,0,0,0,0,0,0,1,0
25,20.2,507.9,20.316,0,0,1,0,1,0,0,0,1,1,0,1,0,1,0,1,0,1,0,1,0,1,0,1,0,0,0,1,0
52,24.55,1331.05,25.597115384615385,1,0,1,1,1,0,1,0,1,1,0,1,0,1,0,1,0,1,0,1,0,0,1,0,0,0,1,0,1
46,110.0,4874.8,105.97391304347826,0,1,0,0,1,0,1,1,0,0,1,0,1,0,1,0,0,0,1,0,1,1,0,1,0,1,0,0,1
9,70.5,597.9,66.43333333333334,1,0,0,0,1,0,0,1,0,0,0,0,0,0,0,0,0,0,0,0,0,0,0,1,0,1,0,0,0
19,86.85,1564.4,82.33684210526316,0,0,1,0,1,0,1,1,0,0,0,0,0,0,0,0,0,0,1,0,0,0,0,1,0,1,0,1,0
12,49.4,611.65,50.97083333333333,0,0,0,0,1,0,0,0,0,0,0,0,1,0,0,0,0,0,0,0,0,0,0,1,0,1,0,0,0
45,98.7,4525.8,100.57333333333334,1,1,1,0,1,0,1,1,0,0,0,0,1,0,1,0,1,0,1,0,0,1,0,1,0,0,0,0,1
36,104.5,3684.95,102.35972222222222,0,0,1,1,1,0,1,1,0,0,1,0,0,0,1,0,0,0,1,0,1,0,0,1,1,0,0,1,0
38,95.1,3691.2,97.13684210526316,1,0,0,0,1,0,1,1,0,0,0,0,1,0,1,0,0,0,0,0,1,0,0,1,1,0,0,0,1
1,19.2,19.2,19.2,1,0,1,1,1,0,0,0,1,1,0,1,0,1,0,1,0,1,0,1,0,0,0,0,0,0,1,0,0
10,98.5,1037.75,103.775,1,0,1,0,1,0,1,1,0,0,0,0,0,0,1,0,0,0,1,0,1,0,0,1,0,1,0,0,0
13,44.8,559.2,43.01538461538462,1,0,1,1,1,0,0,0,0,0,0,0,0,0,0,0,0,0,0,0,0,0,0,0,0,0,0,1,0
18,82.0,1425.45,79.19166666666666,1,0,0,0,1,0,1,0,0,0,0,0,0,0,1,0,1,0,1,0,1,1,0,1,1,0,0,1,0
37,45.4,1593.1,43.056756756756755,0,0,1,0,0,1,0,0,0,0,1,0,0,0,0,0,1,0,1,0,0,0,1,0,0,1,0,0,1
5,20.35,122.0,24.4,1,0,0,1,1,0,0,0,1,1,0,1,0,1,0,1,0,1,0,1,0,0,0,0,1,0,0,0,0
11,74.95,815.5,74.13636363636364,1,0,0,0,1,0,0,1,0,0,0,0,1,0,0,0,0,0,0,0,0,0,0,0,0,1,0,0,0
64,99.15,6171.2,96.425,1,0,0,1,1,0,0,1,0,0,0,0,1,0,0,0,1,0,1,0,1,0,0,1,1,0,0,0,1
1,55.55,55.55,55.55,1,0,0,0,1,0,0,0,0,0,0,0,0,0,0,0,0,0,0,0,1,0,0,0,0,0,1,0,0
37,92.5,3473.4,93.87567567567568,1,1,1,0,1,0,1,1,0,0,0,0,0,0,0,0,0,0,1,0,1,0,0,1,0,1,0,0,1
48,105.25,4997.5,104.11458333333333,0,0,1,1,1,0,1,1,0,0,1,0,1,0,0,0,0,0,1,0,1,0,0,1,1,0,0,0,1
20,94.55,1899.65,94.9825,1,1,1,0,1,0,1,1,0,0,0,0,0,0,0,0,0,0,1,0,1,0,0,1,0,1,0,1,0
26,69.5,1800.05,69.2326923076923,0,0,0,0,1,0,1,0,0,0,1,0,1,0,0,0,0,0,1,0,0,0,0,1,0,0,0,1,0
30,19.4,578.5,19.283333333333335,0,0,0,0,1,0,0,0,1,1,0,1,0,1,0,1,0,1,0,1,0,0,1,0,1,0,0,1,0
69,66.9,4577.9,66.3463768115942,0,0,0,0,1,0,1,0,0,0,1,0,1,0,0,0,1,0,0,0,0,0,1,1,0,0,1,0,1
63,89.4,5597.65,88.8515873015873,1,0,1,1,1,0,1,0,0,0,1,0,1,0,1,0,1,0,1,0,1,0,1,1,1,0,0,0,1
5,19.35,126.05,25.21,1,0,1,0,1,0,0,0,1,1,0,1,0,1,0,1,0,1,0,1,0,0,0,0,0,0,1,0,0
39,20.45,790.0,20.256410256410255,1,0,1,0,1,0,0,0,1,1,0,1,0,1,0,1,0,1,0,1,0,0,1,1,0,0,0,0,1
4,101.7,364.55,91.1375,1,0,0,1,1,0,1,1,0,0,0,0,1,0,0,0,0,0,1,0,1,0,0,1,0,1,0,0,0
60,101.15,6067.4,101.12333333333332,1,0,1,0,1,0,1,1,0,0,0,0,0,0,1,0,0,0,1,0,1,0,1,0,1,0,0,0,1
19,103.3,2012.7,105.93157894736842,1,0,1,1,1,0,1,1,0,0,0,0,0,0,1,0,1,0,1,0,1,0,0,0,0,1,0,1,0
11,102.0,1145.35,104.12272727272726,0,0,1,0,1,0,1,1,0,0,0,0,1,0,0,0,0,0,1,0,1,0,0,1,0,1,0,0,0
31,99.95,3186.65,102.79516129032258,0,1,0,0,1,0,1,1,0,0,0,0,1,0,0,0,0,0,1,0,1,0,0,1,0,1,0,1,0
30,84.3,2438.6,81.28666666666666,1,0,0,0,1,0,0,1,0,0,1,0,1,0,1,0,0,0,0,0,0,0,0,1,1,0,0,1,0
53,24.6,1279.0,24.132075471698112,1,0,0,0,1,0,1,0,1,1,0,1,0,1,0,1,0,1,0,1,0,0,1,0,0,0,1,0,1
5,89.35,461.7,92.34,0,0,0,0,1,0,0,1,0,0,0,0,1,0,0,0,1,0,0,0,1,0,0,1,0,1,0,0,0
51,79.6,3974.7,77.93529411764706,1,1,0,0,1,0,1,1,0,0,0,0,1,0,0,0,0,0,0,0,0,1,0,1,0,0,0,0,1
71,89.3,6388.65,89.98098591549295,0,0,1,0,1,0,1,0,0,0,1,0,1,0,1,0,1,0,1,0,1,0,1,0,1,0,0,0,1
61,25.0,1498.35,24.563114754098358,0,0,0,1,1,0,1,0,1,1,0,1,0,1,0,1,0,1,0,1,0,0,1,1,1,0,0,0,1
8,74.5,606.55,75.81875,1,1,0,0,1,0,0,1,0,0,0,0,1,0,0,0,0,0,0,0,0,0,0,1,0,1,0,0,0
10,54.95,568.85,56.885000000000005,1,0,1,0,1,0,0,0,0,0,1,0,0,0,0,0,1,0,0,0,0,0,0,1,1,0,0,0,0
12,49.85,617.15,51.42916666666667,0,0,1,0,0,1,0,0,0,0,0,0,0,0,1,0,0,0,1,0,1,0,0,1,0,0,0,0,0
66,63.85,4264.6,64.61515151515152,1,0,1,0,1,0,1,0,0,0,0,0,0,0,0,0,1,0,0,0,1,0,0,0,0,1,0,0,1
24,60.45,1440.75,60.03125,1,0,0,0,1,0,0,0,0,0,1,0,1,0,0,0,1,0,0,0,0,0,0,0,0,0,0,1,0
4,56.5,235.1,58.775,0,0,1,1,1,0,0,0,0,0,0,0,1,0,0,0,1,0,0,0,0,0,0,0,0,0,1,0,0
4,88.95,355.2,88.8,0,0,0,0,1,0,1,1,0,0,0,0,1,0,0,0,0,0,0,0,1,0,0,1,0,1,0,0,0
35,55.6,2016.45,57.612857142857145,0,0,0,1,1,0,0,0,0,0,1,0,1,0,0,0,0,0,0,0,0,1,0,0,1,0,0,1,0
45,85.7,3778.1,83.95777777777778,0,1,0,0,1,0,0,1,0,0,1,0,1,0,0,0,1,0,0,0,0,0,0,1,0,0,0,0,1
65,110.0,7138.65,109.8253846153846,1,0,0,0,1,0,1,1,0,0,1,0,0,0,1,0,1,0,1,0,1,1,0,1,1,0,0,0,1
14,80.9,1152.8,82.34285714285714,0,0,1,1,1,0,0,1,0,0,0,0,0,0,0,0,0,0,0,0,1,0,0,1,0,0,0,1,0
61,50.7,3088.75,50.635245901639344,0,0,1,1,0,1,0,0,0,0,1,0,1,0,0,0,1,0,0,0,1,1,0,1,0,0,0,0,1
68,80.35,5375.15,79.04632352941177,1,0,1,1,1,0,0,1,0,0,1,0,0,0,1,0,0,0,0,0,0,0,1,0,1,0,0,0,1
23,57.75,1282.85,55.77608695652174,0,0,1,1,1,0,0,0,0,0,1,0,1,0,0,0,1,0,0,0,0,1,0,1,0,0,1,1,0
55,81.55,4509.5,81.99090909090908,0,0,0,0,1,0,0,1,0,0,0,0,1,0,1,0,0,0,0,0,0,0,0,1,0,1,0,0,1
69,24.45,1718.2,24.90144927536232,1,0,1,1,1,0,1,0,1,1,0,1,0,1,0,1,0,1,0,1,0,0,1,0,0,0,0,0,1
7,81.25,580.1,82.87142857142858,0,0,1,0,1,0,0,0,0,0,1,0,0,0,1,0,1,0,1,0,1,0,0,0,0,0,0,0,0
72,79.05,5730.7,79.59305555555555,0,0,1,1,1,0,1,1,0,0,1,0,0,0,0,0,0,0,0,0,0,0,1,0,0,0,0,0,1
61,49.7,2961.4,48.54754098360656,0,0,1,1,1,0,0,0,0,0,1,0,0,0,0,0,0,0,0,0,0,1,0,1,0,0,0,0,1
64,80.3,5017.7,78.4015625,1,1,1,0,1,0,0,1,0,0,1,0,0,0,1,0,0,0,0,0,0,1,0,0,1,0,0,0,1
32,93.2,2931.0,91.59375,0,1,1,0,1,0,1,1,0,0,0,0,0,0,0,0,0,0,1,0,1,0,0,1,0,1,0,1,0
1,79.55,79.55,79.55,0,0,0,0,1,0,1,1,0,0,0,0,0,0,1,0,0,0,0,0,0,0,0,1,0,0,1,0,0
3,82.3,214.4,71.46666666666667,1,0,0,0,1,0,0,1,0,0,1,0,0,0,0,0,1,0,0,0,0,0,0,1,0,0,1,0,0
3,20.2,50.6,16.866666666666667,1,0,0,1,1,0,0,0,1,1,0,1,0,1,0,1,0,1,0,1,0,0,0,0,0,0,0,0,0
72,84.4,6096.45,84.67291666666667,0,0,1,0,1,0,1,0,0,0,1,0,0,0,1,0,1,0,1,0,1,0,1,1,1,0,0,0,1
26,29.8,786.5,30.25,0,0,0,1,0,1,0,0,0,0,0,0,0,0,1,0,0,0,0,0,0,0,0,1,0,0,1,1,0
39,100.45,3801.7,97.47948717948718,1,0,0,0,1,0,0,1,0,0,1,0,0,0,1,0,0,0,1,0,1,0,1,1,0,1,0,0,1
1,19.55,19.55,19.55,0,0,0,0,1,0,0,0,1,1,0,1,0,1,0,1,0,1,0,1,0,0,0,0,0,0,1,0,0
1,19.5,19.5,19.5,0,0,0,0,1,0,0,0,1,1,0,1,0,1,0,1,0,1,0,1,0,0,0,1,0,0,1,0,0
56,88.9,4968.0,88.71428571428571,0,0,1,1,1,0,0,1,0,0,0,0,0,0,0,0,0,0,1,0,1,1,0,0,0,0,0,0,1
43,107.55,4533.9,105.43953488372092,0,1,1,0,1,0,1,1,0,0,0,0,0,0,1,0,1,0,1,0,1,1,0,1,0,1,0,0,1
1,25.4,25.4,25.4,0,0,0,1,1,0,1,0,1,1,0,1,0,1,0,1,0,1,0,1,0,0,0,0,0,0,1,0,0
29,70.9,1964.6,67.7448275862069,1,0,0,0,1,0,1,0,0,0,0,0,1,0,1,0,0,0,0,0,1,1,0,0,1,0,0,1,0
2,82.0,184.65,92.325,1,0,0,0,1,0,1,1,0,0,0,0,1,0,0,0,0,0,0,0,0,0,0,1,0,1,0,0,0
68,79.6,5461.45,80.31544117647059,1,0,0,0,1,0,0,1,0,0,0,0,1,0,1,0,0,0,0,0,0,1,0,0,1,0,0,0,1
67,89.55,6373.1,95.12089552238807,1,0,1,1,1,0,1,1,0,0,0,0,1,0,0,0,0,0,0,0,1,0,0,1,0,0,0,0,1
19,24.9,467.7,24.61578947368421,0,0,1,1,1,0,1,0,1,1,0,1,0,1,0,1,0,1,0,1,0,0,1,1,0,0,0,1,0
66,56.75,3708.4,56.18787878787879,1,0,1,1,0,1,0,0,0,0,0,0,1,0,1,0,0,0,1,0,1,0,1,1,1,0,0,0,1
4,29.05,129.6,32.4,0,0,1,0,0,1,0,0,0,0,1,0,0,0,0,0,0,0,0,0,0,0,0,1,0,1,0,0,0
9,19.75,210.65,23.405555555555555,0,0,1,1,1,0,0,0,1,1,0,1,0,1,0,1,0,1,0,1,0,0,1,0,0,0,1,0,0
53,103.85,5485.5,103.5,1,1,1,0,1,0,1,1,0,0,0,0,1,0,1,0,0,0,1,0,1,0,0,1,0,1,0,0,1
23,19.5,470.2,20.443478260869565,0,0,0,0,1,0,0,0,1,1,0,1,0,1,0,1,0,1,0,1,0,0,0,1,0,0,1,1,0
50,108.55,5610.7,112.214,0,0,1,0,1,0,1,1,0,0,1,0,1,0,0,0,1,0,1,0,1,1,0,0,0,1,0,0,1
2,74.95,151.75,75.875,1,0,0,0,1,0,0,1,0,0,0,0,1,0,0,0,0,0,0,0,0,0,0,0,0,1,0,0,0
59,20.35,1267.0,21.47457627118644,0,0,1,0,1,0,0,0,1,1,0,1,0,1,0,1,0,1,0,1,0,1,0,0,0,0,1,0,1
63,83.5,5435.0,86.26984126984127,1,0,1,1,1,0,1,0,0,0,1,0,1,0,1,0,0,0,1,0,1,0,1,0,1,0,0,0,1
25,71.05,1837.7,73.508,0,0,1,0,1,0,0,0,0,0,1,0,1,0,0,0,1,0,0,0,1,0,0,1,0,0,1,1,0
14,80.45,1072.0,76.57142857142857,0,0,0,0,1,0,1,1,0,0,0,0,0,0,1,0,0,0,0,0,0,0,0,1,0,1,0,1,0
65,67.05,4309.55,66.30076923076923,1,0,1,0,1,0,1,0,0,0,1,0,1,0,1,0,0,0,0,0,0,1,0,0,1,0,0,0,1
69,56.55,3952.65,57.28478260869565,1,1,1,0,0,1,0,0,0,0,1,0,1,0,0,0,0,0,1,0,1,0,1,0,1,0,0,0,1
21,74.05,1565.7,74.55714285714286,0,0,1,1,1,0,0,1,0,0,0,0,1,0,0,0,0,0,0,0,0,0,0,1,0,0,0,1,0
43,91.25,4013.8,93.34418604651164,1,0,1,1,1,0,1,1,0,0,1,0,0,0,1,0,1,0,0,0,0,1,0,1,1,0,0,0,1
71,92.0,6585.2,92.74929577464789,1,1,1,0,1,0,1,1,0,0,1,0,1,0,1,0,1,0,0,0,0,1,0,1,0,1,0,0,1
19,25.35,566.1,29.794736842105266,1,0,0,1,0,1,0,0,0,0,0,0,0,0,0,0,0,0,0,0,0,0,0,1,1,0,0,1,0
40,19.65,830.25,20.75625,0,0,0,0,1,0,0,0,1,1,0,1,0,1,0,1,0,1,0,1,0,0,1,0,1,0,0,0,1
9,83.3,803.3,89.25555555555555,0,0,0,0,1,0,1,1,0,0,0,0,0,0,0,0,0,0,0,0,1,0,0,1,0,1,0,0,0
58,103.25,6017.65,103.75258620689655,1,0,0,0,1,0,1,1,0,0,0,0,1,0,1,0,0,0,1,0,1,1,0,1,0,0,0,0,1
1,19.9,19.9,19.9,0,0,0,0,1,0,0,0,1,1,0,1,0,1,0,1,0,1,0,1,0,0,0,0,0,0,0,0,0
47,113.45,5317.8,113.14468085106384,1,0,1,1,1,0,1,1,0,0,1,0,1,0,1,0,1,0,1,0,1,1,0,1,0,0,0,0,1
58,84.3,4916.4,84.7655172413793,0,0,1,0,1,0,1,0,0,0,1,0,0,0,1,0,1,0,1,0,1,0,1,1,0,1,0,0,1
40,102.65,4108.15,102.70374999999999,1,0,0,0,1,0,1,1,0,0,0,0,1,0,1,0,0,0,1,0,1,0,0,1,0,0,1,0,1
41,68.6,2877.05,70.1719512195122,0,0,0,0,1,0,1,0,0,0,0,0,0,0,1,0,1,0,0,0,1,1,0,1,0,1,0,0,1
67,100.9,6733.15,100.49477611940299,1,0,1,0,1,0,0,1,0,0,1,0,1,0,0,0,0,0,1,0,1,1,0,1,1,0,0,0,1
34,99.85,3343.15,98.32794117647059,1,1,0,0,1,0,0,1,0,0,0,0,1,0,1,0,0,0,1,0,1,1,0,1,0,1,0,1,0
3,19.1,53.05,17.683333333333334,1,0,0,0,1,0,0,0,1,1,0,1,0,1,0,1,0,1,0,1,0,0,0,1,0,0,1,0,0
60,116.05,6925.9,115.43166666666666,0,1,1,0,1,0,1,1,0,0,1,0,1,0,1,0,1,0,1,0,1,0,1,1,0,0,0,0,1
8,92.1,729.95,91.24375,0,1,0,0,1,0,0,1,0,0,0,0,0,0,1,0,0,0,1,0,1,0,0,1,0,1,0,0,0
15,74.9,1107.25,73.81666666666666,1,0,1,1,1,0,1,1,0,0,0,0,0,0,0,0,0,0,0,0,0,0,0,1,0,0,0,1,0
68,102.1,7149.35,105.1375,1,0,0,0,1,0,1,1,0,0,1,0,1,0,1,0,0,0,0,0,1,0,1,1,0,0,0,0,1
71,25.45,1789.65,25.206338028169014,1,1,1,0,1,0,1,0,1,1,0,1,0,1,0,1,0,1,0,1,0,0,1,0,1,0,0,0,1
58,79.8,4526.85,78.0491379310345,0,0,0,0,1,0,1,1,0,0,1,0,0,0,0,0,0,0,0,0,0,0,0,1,0,0,0,0,1
2,19.2,37.2,18.6,1,1,0,0,1,0,0,0,1,1,0,1,0,1,0,1,0,1,0,1,0,0,0,0,0,1,0,0,0
14,89.65,1208.35,86.31071428571428,0,0,1,1,1,0,0,1,0,0,0,0,1,0,0,0,1,0,0,0,1,0,0,1,1,0,0,1,0
71,20.9,1493.2,21.03098591549296,0,0,1,0,1,0,0,0,1,1,0,1,0,1,0,1,0,1,0,1,0,0,1,1,0,0,0,0,1
14,100.55,1415.55,101.11071428571428,1,0,0,0,1,0,1,1,0,0,0,0,1,0,0,0,0,0,1,0,1,0,0,1,0,1,0,1,0
6,50.95,307.6,51.26666666666667,0,0,0,0,0,1,0,0,0,0,1,0,1,0,0,0,1,0,0,0,1,0,0,0,1,0,0,0,0
15,69.5,1071.4,71.42666666666668,1,0,1,1,1,0,0,0,0,0,0,0,1,0,1,0,1,0,0,0,1,0,0,1,0,0,1,1,0
57,97.55,5598.0,98.21052631578948,1,0,1,1,1,0,0,1,0,0,0,0,1,0,1,0,0,0,1,0,1,1,0,1,1,0,0,0,1
66,61.15,4017.45,60.87045454545454,0,0,0,0,1,0,0,0,0,0,1,0,1,0,1,0,0,0,0,0,0,0,1,1,0,0,0,0,1
69,89.95,6143.15,89.03115942028985,1,1,1,0,1,0,1,1,0,0,0,0,1,0,0,0,0,0,1,0,0,0,0,1,0,1,0,0,1
68,55.9,3848.8,56.6,0,0,1,0,1,0,0,0,0,0,1,0,0,0,0,0,1,0,0,0,0,1,0,0,0,0,0,0,1
56,94.8,5264.3,94.00535714285715,1,1,0,1,1,0,0,1,0,0,1,0,0,0,0,0,0,0,1,0,1,1,0,0,1,0,0,0,1
35,99.05,3395.8,97.02285714285715,1,1,0,0,1,0,1,1,0,0,0,0,0,0,1,0,0,0,1,0,1,0,0,1,0,1,0,1,0
43,56.15,2499.3,58.12325581395349,0,0,1,1,1,0,0,0,0,0,0,0,0,0,0,0,0,0,1,0,0,0,0,0,0,1,0,0,1
31,66.4,2019.8,65.15483870967742,1,0,1,0,1,0,0,0,0,0,0,0,0,0,1,0,1,0,0,0,1,0,0,1,1,0,0,1,0
33,58.45,1955.4,59.25454545454546,0,0,1,1,1,0,0,0,0,0,1,0,1,0,1,0,0,0,0,0,0,1,0,1,0,0,1,1,0
1,69.35,69.35,69.35,1,0,0,0,1,0,0,1,0,0,0,0,0,0,0,0,0,0,0,0,0,0,0,1,0,1,0,0,0
44,100.1,4378.35,99.50795454545455,1,0,0,0,1,0,0,1,0,0,0,0,0,0,1,0,1,0,1,0,1,0,1,0,0,0,0,0,1
57,53.45,3053.0,53.56140350877193,0,0,1,1,1,0,0,0,0,0,1,0,1,0,0,0,0,0,0,0,0,1,0,0,0,1,0,0,1
70,64.95,4551.5,65.02142857142857,1,0,0,1,1,0,1,0,0,0,1,0,1,0,0,0,1,0,0,0,0,1,0,0,0,0,0,0,1
1,20.55,20.55,20.55,1,0,0,0,1,0,0,0,1,1,0,1,0,1,0,1,0,1,0,1,0,0,0,0,1,0,0,0,0
55,55.25,3119.9,56.72545454545455,1,0,1,1,1,0,0,0,0,0,0,0,0,0,1,0,1,0,0,0,0,0,1,1,1,0,0,0,1
29,94.45,2653.65,91.5051724137931,1,1,1,0,1,0,1,1,0,0,0,0,0,0,0,0,0,0,1,0,1,0,0,1,0,1,0,1,0
33,60.9,2033.85,61.631818181818176,0,0,0,0,1,0,1,0,0,0,1,0,1,0,0,0,0,0,0,0,0,0,0,1,0,0,1,1,0
4,74.95,308.7,77.175,1,1,1,0,1,0,1,1,0,0,0,0,0,0,0,0,0,0,0,0,0,0,0,0,0,1,0,0,0
70,40.05,2799.75,39.996428571428574,1,0,0,0,0,1,0,0,0,0,0,0,0,0,0,0,1,0,0,0,1,0,1,1,0,0,1,0,1
35,25.6,901.25,25.75,1,0,0,0,1,0,1,0,1,1,0,1,0,1,0,1,0,1,0,1,0,0,0,1,0,1,0,1,0
2,45.85,105.6,52.8,0,0,0,0,1,0,0,0,0,0,0,0,0,0,0,0,0,0,0,0,0,0,0,1,0,0,1,0,0
10,89.8,914.3,91.42999999999999,1,1,1,0,1,0,1,1,0,0,0,0,0,0,1,0,0,0,0,0,1,0,0,1,0,1,0,0,0
1,74.6,74.6,74.6,1,0,1,1,1,0,0,1,0,0,0,0,1,0,0,0,0,0,0,0,0,0,0,0,1,0,0,0,0
31,20.4,609.1,19.648387096774194,1,0,0,0,1,0,0,0,1,1,0,1,0,1,0,1,0,1,0,1,0,0,1,0,0,0,0,1,0
30,90.5,2595.85,86.52833333333334,1,1,0,0,1,0,1,1,0,0,1,0,0,0,0,0,0,0,0,0,1,0,0,1,1,0,0,1,0
60,93.25,5774.55,96.2425,1,1,1,1,1,0,1,1,0,0,1,0,1,0,0,0,0,0,0,0,1,0,0,1,0,1,0,0,1
72,66.85,4758.8,66.09444444444445,0,0,1,1,1,0,1,0,0,0,1,0,0,0,1,0,1,0,0,0,0,0,1,0,0,0,0,0,1
4,20.7,83.75,20.9375,1,0,0,0,1,0,0,0,1,1,0,1,0,1,0,1,0,1,0,1,0,0,0,1,1,0,0,0,0
4,69.55,284.9,71.225,1,0,1,1,1,0,0,1,0,0,0,0,0,0,0,0,0,0,0,0,0,0,0,1,0,0,1,0,0
25,99.5,2369.05,94.762,0,0,0,0,1,0,0,1,0,0,0,0,1,0,1,0,0,0,1,0,1,0,0,1,0,1,0,1,0
70,76.95,5289.8,75.56857142857143,1,0,1,0,1,0,1,0,0,0,1,0,0,0,0,0,1,0,1,0,1,0,1,1,1,0,0,0,1
1,20.45,20.45,20.45,1,0,0,0,1,0,0,0,1,1,0,1,0,1,0,1,0,1,0,1,0,0,0,1,0,0,1,0,0
19,19.9,367.55,19.344736842105263,0,0,0,0,1,0,0,0,1,1,0,1,0,1,0,1,0,1,0,1,0,0,0,0,0,0,1,1,0
1,19.5,19.5,19.5,0,0,0,0,1,0,0,0,1,1,0,1,0,1,0,1,0,1,0,1,0,0,0,0,0,0,1,0,0
12,20.3,224.5,18.708333333333332,0,0,1,1,1,0,0,0,1,1,0,1,0,1,0,1,0,1,0,1,0,0,1,0,0,0,0,0,0
72,19.3,1414.8,19.65,1,0,0,0,1,0,0,0,1,1,0,1,0,1,0,1,0,1,0,1,0,0,1,0,0,0,0,0,1
2,20.3,41.2,20.6,0,0,0,0,1,0,0,0,1,1,0,1,0,1,0,1,0,1,0,1,0,0,0,0,0,0,1,0,0
34,89.85,3091.75,90.93382352941177,1,0,1,1,1,0,0,1,0,0,0,0,1,0,1,0,0,0,1,0,0,0,0,1,0,1,0,1,0
37,40.55,1390.85,37.59054054054054,1,0,0,0,0,1,0,0,0,0,1,0,1,0,0,0,1,0,0,0,0,0,1,1,0,0,1,0,1
58,89.85,5125.75,88.375,1,1,1,1,1,0,1,1,0,0,1,0,1,0,0,0,1,0,0,0,0,1,0,1,0,0,0,0,1
1,45.55,45.55,45.55,1,0,0,0,1,0,0,0,0,0,0,0,0,0,0,0,0,0,0,0,0,0,0,1,0,0,1,0,0
1,71.25,71.25,71.25,0,1,0,0,1,0,0,1,0,0,0,0,0,0,0,0,0,0,0,0,0,0,0,1,0,1,0,0,0
1,50.45,50.45,50.45,1,0,0,0,1,0,1,0,0,0,0,0,0,0,0,0,0,0,0,0,0,0,0,1,0,1,0,0,0
72,68.15,4808.7,66.7875,1,0,1,0,1,0,1,0,0,0,1,0,1,0,1,0,1,0,0,0,0,0,1,0,0,0,1,0,1
12,29.3,355.9,29.65833333333333,0,1,1,1,0,1,0,0,0,0,0,0,0,0,0,0,1,0,0,0,0,0,0,1,0,0,1,0,0
2,19.5,31.55,15.775,0,0,0,0,1,0,0,0,1,1,0,1,0,1,0,1,0,1,0,1,0,0,0,0,0,0,1,0,0
47,19.65,921.55,19.607446808510637,0,0,1,0,1,0,0,0,1,1,0,1,0,1,0,1,0,1,0,1,0,0,1,0,0,0,0,0,1
6,44.6,260.8,43.46666666666667,1,0,1,1,1,0,0,0,0,0,0,0,0,0,0,0,0,0,0,0,0,0,0,1,0,0,0,0,0
60,53.6,3237.05,53.950833333333335,0,0,0,0,0,1,0,0,0,0,1,0,0,0,1,0,0,0,1,0,1,0,1,0,0,1,0,0,1
2,83.8,163.7,81.85,0,1,0,0,1,0,0,1,0,0,0,0,1,0,0,0,0,0,1,0,0,0,0,1,0,0,0,0,0
51,83.85,4307.1,84.45294117647059,1,0,1,0,1,0,0,0,0,0,1,0,1,0,1,0,1,0,1,0,1,0,1,1,1,0,0,0,1
72,109.55,7887.25,109.54513888888889,0,0,1,1,1,0,1,1,0,0,1,0,1,0,1,0,0,0,1,0,1,0,1,0,1,0,0,0,1
72,85.25,6083.1,84.48750000000001,1,0,1,0,1,0,1,0,0,0,1,0,1,0,1,0,0,0,1,0,1,0,1,1,0,1,0,0,1
52,23.05,1255.1,24.13653846153846,0,0,1,1,1,0,1,0,1,1,0,1,0,1,0,1,0,1,0,1,0,0,1,0,0,0,1,0,1
71,93.2,6506.15,91.63591549295774,0,0,1,0,1,0,1,0,0,0,1,0,1,0,1,0,1,0,1,0,1,0,1,0,1,0,0,0,1
28,25.55,672.2,24.00714285714286,0,0,1,0,1,0,1,0,1,1,0,1,0,1,0,1,0,1,0,1,0,1,0,0,0,0,1,1,0
71,46.35,3353.4,47.23098591549296,1,1,1,0,0,1,0,0,0,0,1,0,1,0,1,0,1,0,0,0,0,0,1,0,1,0,0,0,1
68,99.55,6668.0,98.05882352941177,1,0,1,1,1,0,0,1,0,0,1,0,0,0,0,0,1,0,1,0,1,0,1,1,0,1,0,0,1
1,70.35,70.35,70.35,1,0,0,0,1,0,0,1,0,0,0,0,0,0,0,0,0,0,0,0,0,0,0,1,0,1,0,0,0
11,89.2,990.3,90.02727272727272,0,0,0,0,1,0,1,1,0,0,0,0,0,0,1,0,0,0,1,0,0,0,0,1,0,1,0,0,0
3,56.15,168.15,56.050000000000004,1,0,1,1,1,0,0,0,0,0,0,0,1,0,1,0,0,0,0,0,0,0,0,1,0,0,1,0,0
61,103.3,6518.35,106.85819672131149,0,0,1,0,1,0,1,1,0,0,0,0,0,0,1,0,1,0,1,0,1,1,0,1,0,0,0,0,1
6,75.5,438.0,73.0,1,0,1,0,1,0,1,1,0,0,0,0,0,0,0,0,0,0,0,0,0,0,0,1,0,1,0,0,0
46,53.1,2459.8,53.47391304347826,0,0,1,0,1,0,1,0,0,0,1,0,0,0,0,0,0,0,0,0,0,0,0,0,0,1,0,0,1
50,70.35,3533.6,70.672,0,0,0,1,1,0,0,1,0,0,0,0,0,0,0,0,0,0,0,0,0,0,1,0,1,0,0,0,1
69,104.05,7262.0,105.2463768115942,1,0,0,0,1,0,0,1,0,0,0,0,1,0,1,0,1,0,1,0,1,1,0,1,0,0,0,0,1
38,85.4,3297.0,86.76315789473684,1,0,1,1,1,0,1,0,0,0,1,0,0,0,1,0,1,0,1,0,1,0,1,1,0,0,0,0,1
3,74.25,210.3,70.10000000000001,0,0,0,0,1,0,1,1,0,0,0,0,0,0,0,0,0,0,0,0,0,0,0,1,0,1,0,0,0
68,89.6,6127.6,90.11176470588236,0,1,1,0,1,0,1,1,0,0,0,0,1,0,0,0,0,0,0,0,1,0,0,1,0,0,0,0,1
25,20.8,460.2,18.408,1,0,0,1,1,0,0,0,1,1,0,1,0,1,0,1,0,1,0,1,0,0,0,0,0,0,1,1,0
18,99.75,1836.25,102.01388888888889,0,1,1,0,1,0,1,1,0,0,0,0,0,0,0,0,1,0,1,0,1,0,0,0,0,0,0,1,0
7,85.2,602.55,86.07857142857142,1,0,0,0,1,0,1,1,0,0,0,0,0,0,0,0,0,0,0,0,1,0,0,1,0,0,1,0,0
65,59.95,3921.1,60.324615384615385,0,0,0,0,0,1,0,0,0,0,1,0,0,0,1,0,1,0,1,0,1,0,1,0,1,0,0,0,1
12,19.3,228.75,19.0625,0,0,0,0,1,0,0,0,1,1,0,1,0,1,0,1,0,1,0,1,0,1,0,0,0,0,1,0,0
1,24.8,24.8,24.8,1,0,0,0,0,1,0,0,0,0,0,0,0,0,0,0,0,0,0,0,0,0,0,0,0,0,0,0,0
18,19.0,348.8,19.37777777777778,1,0,0,0,1,0,0,0,1,1,0,1,0,1,0,1,0,1,0,1,0,0,0,0,0,1,0,1,0
64,85.0,5484.4,85.69375,0,0,1,0,1,0,1,0,0,0,1,0,0,0,1,0,1,0,1,0,1,0,1,1,1,0,0,0,1
26,86.65,2208.75,84.95192307692308,1,0,0,0,1,0,1,1,0,0,1,0,1,0,0,0,0,0,0,0,0,0,0,1,1,0,0,1,0
4,89.6,365.65,91.4125,0,0,0,1,1,0,1,1,0,0,0,0,1,0,0,0,0,0,1,0,0,0,0,0,0,0,1,0,0
71,54.5,3778.2,53.21408450704225,1,0,1,0,1,0,0,0,0,0,1,0,0,0,0,0,1,0,0,0,0,0,1,0,0,0,0,0,1
49,59.75,2934.3,59.88367346938776,0,0,0,0,1,0,1,0,0,0,1,0,1,0,0,0,0,0,0,0,0,0,0,1,1,0,0,0,1
7,86.8,620.35,88.62142857142858,1,0,0,0,1,0,1,1,0,0,0,0,0,0,0,0,0,0,0,0,1,0,0,1,0,1,0,0,0
35,110.8,3836.3,109.60857142857144,0,1,0,0,1,0,1,1,0,0,1,0,1,0,1,0,1,0,1,0,1,1,0,1,0,0,0,1,0
1,70.3,70.3,70.3,1,1,1,0,1,0,0,1,0,0,0,0,0,0,0,0,0,0,0,0,0,0,0,1,0,1,0,0,0
6,89.3,577.6,96.26666666666667,0,0,0,0,1,0,0,1,0,0,0,0,0,0,0,0,0,0,1,0,1,0,0,0,0,1,0,0,0
25,90.4,2178.6,87.14399999999999,1,0,1,1,1,0,0,1,0,0,0,0,0,0,0,0,0,0,1,0,1,1,0,1,0,1,0,1,0
13,53.45,718.1,55.23846153846154,0,0,0,1,1,0,0,0,0,0,0,0,0,0,1,0,1,0,0,0,0,0,0,0,0,0,1,1,0
9,54.55,494.05,54.894444444444446,1,1,0,0,1,0,1,0,0,0,1,0,0,0,0,0,0,0,0,0,0,0,0,0,0,1,0,0,0
72,84.9,6065.3,84.24027777777778,0,0,1,0,1,0,1,0,0,0,1,0,0,0,1,0,1,0,1,0,1,0,1,1,0,0,0,0,1
22,78.65,1663.75,75.625,1,0,1,1,1,0,1,0,0,0,0,0,0,0,1,0,1,0,1,0,1,1,0,1,0,0,1,1,0
33,80.6,2651.1,80.33636363636363,1,0,0,0,1,0,0,1,0,0,0,0,1,0,0,0,1,0,0,0,0,0,1,0,0,0,0,1,0
18,58.4,964.9,53.605555555555554,1,1,0,0,1,0,1,0,0,0,1,0,1,0,0,0,0,0,0,0,0,0,0,1,1,0,0,1,0
34,77.2,2753.8,80.99411764705883,1,0,1,1,1,0,1,0,0,0,0,0,0,0,1,0,0,0,1,0,1,1,0,0,0,0,0,1,0
6,90.1,521.3,86.88333333333333,0,0,0,0,1,0,1,1,0,0,0,0,1,0,0,0,0,0,1,0,0,0,0,1,0,1,0,0,0
24,21.05,531.55,22.147916666666664,0,0,0,1,1,0,0,0,1,1,0,1,0,1,0,1,0,1,0,1,0,1,0,0,0,0,0,1,0
15,93.35,1444.65,96.31,1,0,0,0,1,0,1,1,0,0,0,0,0,0,0,0,0,0,1,0,1,0,0,1,0,1,0,1,0
63,105.4,6713.2,106.55873015873016,1,0,0,0,1,0,1,1,0,0,0,0,1,0,0,0,1,0,1,0,1,0,0,0,0,1,0,0,1
4,69.35,261.65,65.4125,1,1,0,0,1,0,0,1,0,0,0,0,0,0,0,0,0,0,0,0,0,0,0,0,0,1,0,0,0
66,70.85,4738.85,71.80075757575759,0,1,1,0,1,0,1,0,0,0,0,0,1,0,1,0,0,0,1,0,0,1,0,1,0,0,0,0,1
42,20.35,869.9,20.711904761904762,0,0,1,0,1,0,0,0,1,1,0,1,0,1,0,1,0,1,0,1,0,0,0,0,1,0,0,0,1
4,80.25,303.7,75.925,0,1,0,0,1,0,1,1,0,0,1,0,0,0,0,0,0,0,0,0,0,0,0,1,0,1,0,0,0
26,100.5,2599.95,99.99807692307692,0,0,0,0,1,0,1,1,0,0,0,0,0,0,1,0,0,0,1,0,1,0,0,1,0,0,0,1,0
39,81.9,3219.75,82.5576923076923,1,0,0,0,1,0,0,1,0,0,0,0,0,0,1,0,1,0,0,0,0,1,0,0,0,1,0,0,1
70,19.85,1328.35,18.97642857142857,0,0,1,0,1,0,0,0,1,1,0,1,0,1,0,1,0,1,0,1,0,0,1,0,1,0,0,0,1
3,55.15,159.15,53.050000000000004,1,0,0,0,1,0,0,0,0,0,0,0,0,0,0,0,0,0,1,0,0,0,0,0,0,0,1,0,0
53,85.45,4517.25,85.23113207547169,1,0,0,0,1,0,1,1,0,0,0,0,0,0,0,0,0,0,1,0,0,0,0,0,0,0,0,0,1
2,45.0,89.75,44.875,0,0,1,0,1,0,0,0,0,0,0,0,0,0,0,0,0,0,0,0,0,0,0,1,0,1,0,0,0
72,74.35,5237.4,72.74166666666666,0,0,1,1,1,0,0,0,0,0,1,0,1,0,1,0,1,0,0,0,1,0,1,1,0,1,0,0,1
72,64.8,4719.75,65.55208333333333,1,0,1,1,0,1,0,0,0,0,1,0,1,0,1,0,1,0,1,0,1,0,1,1,1,0,0,0,1
1,55.45,55.45,55.45,0,0,0,0,1,0,0,0,0,0,0,0,0,0,0,0,0,0,0,0,1,0,0,1,0,1,0,0,0
48,78.9,3771.5,78.57291666666667,1,0,0,0,1,0,0,0,0,0,0,0,1,0,1,0,1,0,1,0,1,0,1,0,1,0,0,0,1
63,74.5,4674.55,74.19920634920635,1,0,1,1,1,0,0,0,0,0,1,0,1,0,1,0,1,0,1,0,0,0,1,0,1,0,0,0,1
72,24.1,1734.65,24.092361111111114,1,0,1,1,1,0,1,0,1,1,0,1,0,1,0,1,0,1,0,1,0,0,1,0,1,0,0,0,1
59,54.15,3116.15,52.816101694915254,1,0,0,0,1,0,1,0,0,0,0,0,0,0,1,0,0,0,0,0,0,0,1,0,1,0,0,0,1
29,35.6,1072.6,36.98620689655172,1,0,0,0,0,1,0,0,0,0,1,0,0,0,0,0,1,0,0,0,0,1,0,0,0,0,1,1,0
57,59.3,3274.35,57.444736842105264,0,0,1,1,1,0,0,0,0,0,1,0,0,0,1,0,1,0,0,0,0,1,0,1,0,0,1,0,1
30,110.45,3327.05,110.90166666666667,0,0,0,0,1,0,1,1,0,0,0,0,1,0,1,0,1,0,1,0,1,1,0,0,1,0,0,1,0
38,69.95,2657.55,69.93552631578947,1,0,0,0,1,0,1,0,0,0,1,0,1,0,1,0,1,0,0,0,0,0,0,0,0,1,0,0,1
15,20.45,330.8,22.053333333333335,0,0,1,0,1,0,0,0,1,1,0,1,0,1,0,1,0,1,0,1,0,0,0,0,1,0,0,1,0
71,99.65,6951.15,97.90352112676055,0,1,0,0,1,0,1,1,0,0,0,0,1,0,0,0,0,0,1,0,1,0,0,1,1,0,0,0,1
7,94.25,669.0,95.57142857142857,1,0,0,0,1,0,0,1,0,0,0,0,1,0,0,0,0,0,1,0,1,0,0,1,0,1,0,0,0
27,19.6,561.15,20.78333333333333,0,0,0,0,1,0,0,0,1,1,0,1,0,1,0,1,0,1,0,1,0,0,1,1,0,0,1,1,0
40,19.1,780.1,19.5025,0,0,1,0,1,0,0,0,1,1,0,1,0,1,0,1,0,1,0,1,0,0,1,0,0,0,1,0,1
1,86.0,86.0,86.0,0,1,0,0,1,0,0,1,0,0,0,0,1,0,0,0,0,0,0,0,1,0,0,1,0,1,0,0,0
65,91.85,5940.85,91.39769230769231,1,0,1,0,1,0,1,1,0,0,0,0,1,0,0,0,0,0,1,0,0,0,0,1,0,0,0,0,1
1,81.1,81.1,81.1,0,0,0,0,1,0,0,1,0,0,0,0,0,0,0,0,0,0,0,0,1,0,0,1,0,1,0,0,0
1,44.1,44.1,44.1,0,0,0,0,1,0,0,0,0,0,0,0,0,0,0,0,0,0,0,0,0,0,0,1,0,1,0,0,0
3,19.9,45.75,15.25,0,0,1,0,1,0,0,0,1,1,0,1,0,1,0,1,0,1,0,1,0,0,0,1,0,0,1,0,0
29,99.05,2952.85,101.82241379310345,0,1,1,0,1,0,1,1,0,0,0,0,0,0,1,0,0,0,1,0,1,0,0,1,0,0,0,1,0
15,19.8,304.6,20.30666666666667,1,0,0,0,1,0,0,0,1,1,0,1,0,1,0,1,0,1,0,1,0,1,0,0,0,0,1,1,0
70,79.7,5743.3,82.04714285714286,0,0,1,1,1,0,1,0,0,0,1,0,1,0,1,0,1,0,1,0,0,0,1,0,0,0,0,0,1
26,93.85,2381.55,91.59807692307693,0,1,1,0,1,0,1,1,0,0,0,0,1,0,1,0,0,0,0,0,1,0,0,1,0,1,0,1,0
35,96.75,3403.4,97.24000000000001,1,0,0,0,1,0,1,1,0,0,1,0,1,0,1,0,1,0,0,0,0,0,0,1,0,0,1,1,0
68,72.95,4953.25,72.84191176470588,1,0,1,1,1,0,0,0,0,0,0,0,0,0,1,0,1,0,1,0,1,0,1,1,0,0,0,0,1
1,74.9,74.9,74.9,1,0,0,0,1,0,1,1,0,0,0,0,0,0,0,0,0,0,0,0,0,0,0,1,0,1,0,0,0
1,20.25,20.25,20.25,1,0,0,0,1,0,0,0,1,1,0,1,0,1,0,1,0,1,0,1,0,0,0,0,0,0,1,0,0
69,79.2,5420.65,78.56014492753623,1,0,1,1,1,0,1,1,0,0,0,0,0,0,1,0,0,0,0,0,0,0,1,1,1,0,0,0,1
4,20.05,83.3,20.825,0,0,0,0,1,0,0,0,1,1,0,1,0,1,0,1,0,1,0,1,0,0,0,0,0,0,1,0,0
31,72.45,2156.25,69.55645161290323,1,0,0,0,1,0,0,0,0,0,1,0,1,0,1,0,1,0,1,0,0,0,0,1,0,0,0,1,0
58,108.85,6287.25,108.40086206896552,1,1,1,0,1,0,1,1,0,0,1,0,1,0,1,0,0,0,1,0,1,1,0,1,0,1,0,0,1
65,91.55,5963.95,91.75307692307692,0,0,1,1,1,0,1,0,0,0,1,0,1,0,1,0,1,0,1,0,1,0,1,0,0,0,0,0,1
51,69.75,3562.5,69.8529411764706,0,0,1,1,1,0,0,0,0,0,1,0,1,0,0,0,1,0,0,0,1,1,0,1,1,0,0,0,1
1,19.1,19.1,19.1,0,0,0,0,1,0,0,0,1,1,0,1,0,1,0,1,0,1,0,1,0,0,0,0,0,0,1,0,0
15,101.1,1504.05,100.27,1,0,1,0,1,0,1,1,0,0,0,0,0,0,1,0,0,0,1,0,1,0,0,1,0,1,0,1,0
52,50.95,2610.65,50.204807692307696,0,0,1,1,1,0,0,0,0,0,0,0,0,0,1,0,0,0,0,0,0,1,0,1,0,0,0,0,1
1,25.15,25.15,25.15,1,0,0,0,0,1,0,0,0,0,0,0,0,0,0,0,0,0,0,0,0,0,0,1,0,1,0,0,0
3,19.95,58.3,19.433333333333334,1,0,0,1,1,0,0,0,1,1,0,1,0,1,0,1,0,1,0,1,0,0,0,0,0,0,1,0,0
13,54.8,731.3,56.25384615384615,0,1,0,0,1,0,0,0,0,0,0,0,1,0,1,0,0,0,0,0,0,0,0,1,0,1,0,1,0
1,70.05,70.05,70.05,1,0,0,0,1,0,0,1,0,0,0,0,0,0,0,0,0,0,0,0,0,0,0,1,0,1,0,0,0
5,84.85,415.55,83.11,0,1,0,0,1,0,0,1,0,0,0,0,0,0,1,0,0,0,1,0,0,0,0,1,0,0,1,0,0
25,76.15,1992.95,79.718,0,0,0,0,1,0,0,0,0,0,1,0,0,0,0,0,1,0,1,0,1,0,0,1,1,0,0,1,0
69,110.5,7455.45,108.05,0,0,0,0,1,0,1,1,0,0,0,0,1,0,1,0,1,0,1,0,1,0,1,1,0,0,0,0,1
4,65.55,237.2,59.3,1,0,0,0,1,0,1,0,0,0,0,0,0,0,0,0,1,0,0,0,1,0,0,0,0,0,1,0,0
3,20.4,63.15,21.05,0,0,0,0,1,0,0,0,1,1,0,1,0,1,0,1,0,1,0,1,0,0,0,0,0,0,1,0,0
5,24.3,100.2,20.04,1,0,0,0,0,1,0,0,0,0,0,0,0,0,0,0,0,0,0,0,0,0,0,0,0,0,1,0,0
4,80.1,336.15,84.0375,1,0,0,0,1,0,1,1,0,0,1,0,0,0,0,0,0,0,0,0,0,0,0,1,0,1,0,0,0
16,78.75,1218.25,76.140625,1,1,0,0,1,0,0,1,0,0,0,0,0,0,0,0,0,0,0,0,1,0,0,1,0,1,0,1,0
50,70.8,3478.15,69.563,0,0,0,1,1,0,0,0,0,0,1,0,0,0,1,0,1,0,1,0,0,1,0,1,1,0,0,0,1
16,55.85,857.8,53.6125,1,0,1,1,1,0,0,0,0,0,1,0,1,0,0,0,0,0,0,0,0,1,0,1,0,0,1,1,0
49,95.4,4613.95,94.16224489795918,0,0,1,1,1,0,1,1,0,0,0,0,0,0,0,0,0,0,1,0,1,0,0,1,0,0,0,0,1
23,54.15,1312.45,57.06304347826087,1,0,0,1,1,0,0,0,0,0,0,0,1,0,0,0,1,0,0,0,0,0,0,0,0,1,0,1,0
47,100.5,4707.1,100.15106382978725,0,0,1,0,1,0,1,1,0,0,0,0,0,0,1,0,0,0,1,0,1,0,0,1,0,1,0,0,1
22,48.8,1054.6,47.93636363636363,0,0,0,0,1,0,0,0,0,0,1,0,0,0,0,0,0,0,0,0,0,0,0,1,1,0,0,1,0
64,113.35,7222.75,112.85546875,0,0,1,1,1,0,1,1,0,0,1,0,1,0,1,0,1,0,1,0,1,1,0,0,0,1,0,0,1
20,49.6,939.8,46.989999999999995,1,0,1,1,1,0,0,0,0,0,0,0,0,0,1,0,0,0,0,0,0,0,0,1,0,1,0,1,0
51,84.2,4299.75,84.30882352941177,1,0,1,1,1,0,1,1,0,0,0,0,1,0,0,0,1,0,0,0,0,1,0,0,0,0,0,0,1
14,71.0,914.0,65.28571428571429,0,0,0,0,1,0,0,1,0,0,0,0,0,0,0,0,0,0,0,0,0,0,0,1,1,0,0,1,0
51,56.4,2928.5,57.42156862745098,0,0,0,0,0,1,0,0,0,0,0,0,1,0,1,0,0,0,1,0,1,1,0,1,1,0,0,0,1
40,50.15,2058.5,51.4625,1,0,1,0,1,0,0,0,0,0,0,0,1,0,0,0,0,0,0,0,0,0,0,1,0,0,1,0,1
4,97.95,384.5,96.125,0,0,1,1,1,0,1,1,0,0,0,0,1,0,0,0,0,0,1,0,1,0,0,1,0,1,0,0,0
2,49.25,90.35,45.175,1,0,0,0,0,1,0,0,0,0,0,0,0,0,1,0,0,0,1,0,1,0,0,1,0,1,0,0,0
55,77.75,4266.4,77.57090909090908,0,0,1,0,1,0,1,1,0,0,0,0,1,0,0,0,0,0,0,0,0,0,0,1,1,0,0,0,1
62,60.15,3753.2,60.53548387096774,1,0,1,0,1,0,0,0,0,0,0,0,1,0,1,0,1,0,0,0,0,0,1,1,1,0,0,0,1
2,54.45,87.3,43.65,1,0,0,0,1,0,0,0,0,0,1,0,0,0,0,0,1,0,0,0,0,0,0,1,0,0,1,0,0
1,55.05,55.05,55.05,1,0,0,0,1,0,0,0,0,0,0,0,0,0,1,0,1,0,0,0,0,0,0,0,0,0,1,0,0
11,89.7,1047.7,95.24545454545455,0,1,0,0,1,0,0,1,0,0,0,0,0,0,0,0,0,0,1,0,1,0,0,0,0,0,0,0,0
5,82.75,417.75,83.55,0,0,0,0,1,0,1,1,0,0,0,0,0,0,1,0,1,0,0,0,0,0,0,1,0,1,0,0,0
14,69.65,921.4,65.81428571428572,0,0,0,0,1,0,0,0,0,0,0,0,0,0,0,0,1,0,1,0,1,0,0,1,0,1,0,1,0
70,98.7,6858.9,97.9842857142857,1,0,1,0,1,0,1,1,0,0,0,0,1,0,1,0,1,0,0,0,1,0,1,1,0,0,0,0,1
71,25.0,1753.0,24.690140845070424,0,0,1,0,1,0,1,0,1,1,0,1,0,1,0,1,0,1,0,1,0,0,1,0,0,0,0,0,1
49,43.8,2106.05,42.98061224489796,0,1,0,0,1,0,0,0,0,0,0,0,0,0,0,0,0,0,0,0,0,0,0,0,0,0,1,0,1
24,20.1,533.9,22.245833333333334,1,0,1,0,1,0,0,0,1,1,0,1,0,1,0,1,0,1,0,1,0,1,0,0,0,0,1,1,0
41,65.0,2531.8,61.75121951219513,1,0,0,0,1,0,1,0,0,0,0,0,0,0,1,0,0,0,0,0,1,1,0,0,0,0,1,0,1
13,29.15,357.15,27.47307692307692,0,0,0,0,0,1,0,0,0,0,0,0,1,0,0,0,0,0,0,0,0,0,0,0,0,1,0,1,0
1,45.15,45.15,45.15,0,0,0,0,1,0,0,0,0,0,0,0,0,0,0,0,0,0,0,0,0,0,0,0,0,0,1,0,0
54,72.1,3886.05,71.96388888888889,0,1,0,0,1,0,1,0,0,0,0,0,1,0,0,0,1,0,1,0,0,1,0,0,0,0,1,0,1
7,69.95,529.5,75.64285714285714,1,0,1,1,1,0,0,1,0,0,0,0,0,0,0,0,0,0,0,0,0,0,0,1,0,0,0,0,0
72,72.1,5016.65,69.67569444444445,1,0,1,1,1,0,1,0,0,0,1,0,1,0,1,0,1,0,0,0,0,0,1,0,1,0,0,0,1
28,106.15,3152.5,112.58928571428571,0,1,0,0,1,0,1,1,0,0,0,0,1,0,1,0,0,0,1,0,1,0,0,1,0,1,0,1,0
5,50.95,229.4,45.88,0,0,0,0,0,1,0,0,0,0,0,0,1,0,0,0,0,0,1,0,1,0,0,1,1,0,0,0,0
10,86.05,834.1,83.41,1,0,0,0,1,0,1,1,0,0,0,0,0,0,0,0,0,0,1,0,0,0,0,1,0,0,0,0,0
71,86.7,6179.35,87.0330985915493,1,1,1,1,1,0,0,1,0,0,1,0,1,0,1,0,0,0,0,0,0,1,0,1,0,0,0,0,1
68,38.9,2719.2,39.98823529411764,0,0,0,0,0,1,0,0,0,0,1,0,0,0,1,0,1,0,0,0,0,0,1,0,0,0,1,0,1
2,45.55,84.4,42.2,0,0,0,0,1,0,0,0,0,0,0,0,0,0,0,0,0,0,0,0,0,0,0,0,0,1,0,0,0
54,115.6,6431.05,119.09351851851852,0,1,1,0,1,0,1,1,0,0,1,0,1,0,1,0,1,0,1,0,1,1,0,1,0,0,0,0,1
15,59.65,867.1,57.806666666666665,1,0,1,1,1,0,1,0,0,0,0,0,0,0,1,0,1,0,0,0,0,0,0,1,0,0,0,1,0
3,29.2,98.5,32.833333333333336,0,0,0,0,0,1,0,0,0,0,0,0,1,0,0,0,0,0,0,0,0,0,0,0,0,0,1,0,0
65,92.7,5968.4,91.82153846153845,1,1,1,0,1,0,1,1,0,0,1,0,1,0,0,0,0,0,1,0,0,0,1,1,1,0,0,0,1
15,20.35,335.95,22.396666666666665,0,0,1,1,1,0,0,0,1,1,0,1,0,1,0,1,0,1,0,1,0,1,0,0,1,0,0,1,0
30,94.4,2638.1,87.93666666666667,0,0,0,0,1,0,0,1,0,0,0,0,0,0,0,0,1,0,1,0,1,1,0,1,0,0,0,1,0
70,26.05,1856.4,26.52,0,0,0,0,1,0,1,0,1,1,0,1,0,1,0,1,0,1,0,1,0,1,0,0,1,0,0,0,1
20,19.7,406.95,20.3475,0,0,0,0,1,0,0,0,1,1,0,1,0,1,0,1,0,1,0,1,0,0,1,0,0,0,1,1,0
4,24.45,86.6,21.65,0,0,0,0,0,1,0,0,0,0,0,0,0,0,0,0,0,0,0,0,0,0,0,1,0,1,0,0,0
63,80.3,4995.35,79.29126984126985,0,0,0,0,1,0,1,0,0,0,1,0,1,0,1,0,1,0,0,0,1,0,1,1,1,0,0,0,1
6,84.85,523.5,87.25,1,0,0,0,1,0,0,1,0,0,0,0,1,0,0,0,0,0,1,0,0,0,0,1,0,1,0,0,0
28,39.1,1096.6,39.16428571428571,0,1,1,1,0,1,0,0,0,0,0,0,1,0,0,0,0,0,0,0,1,1,0,1,0,1,0,1,0
20,20.0,416.45,20.822499999999998,0,0,1,0,1,0,0,0,1,1,0,1,0,1,0,1,0,1,0,1,0,1,0,1,0,0,1,1,0
3,64.4,195.65,65.21666666666667,1,0,0,0,1,0,0,0,0,0,1,0,0,0,0,0,1,0,1,0,0,0,0,1,1,0,0,0,0
12,50.25,593.75,49.479166666666664,1,0,0,0,1,0,0,0,0,0,0,0,0,0,0,0,1,0,0,0,0,0,0,0,0,0,0,0,0
5,40.0,223.45,44.69,1,0,0,0,0,1,0,0,0,0,1,0,0,0,1,0,1,0,0,0,0,0,0,0,0,0,1,0,0
23,57.2,1423.35,61.88478260869565,1,0,1,1,1,0,0,0,0,0,1,0,0,0,0,0,1,0,0,0,0,1,0,0,1,0,0,1,0
70,57.8,4039.3,57.70428571428572,0,0,1,0,0,1,0,0,0,0,0,0,1,0,1,0,1,0,1,0,1,0,1,0,0,0,0,0,1
65,72.45,4653.85,71.59769230769231,1,0,1,1,1,0,1,0,0,0,1,0,1,0,1,0,0,0,0,0,1,1,0,0,1,0,0,0,1
72,83.3,6042.7,83.92638888888888,0,0,1,1,1,0,1,0,0,0,1,0,0,0,1,0,1,0,1,0,1,0,1,1,0,0,0,0,1
1,30.2,30.2,30.2,1,0,1,1,0,1,0,0,0,0,0,0,1,0,0,0,0,0,0,0,0,0,0,0,0,1,0,0,0
34,40.55,1325.85,38.995588235294115,1,0,1,1,0,1,0,0,0,0,0,0,0,0,0,0,1,0,1,0,0,0,1,1,0,1,0,1,0
21,97.35,2119.5,100.92857142857143,0,0,0,0,1,0,1,1,0,0,0,0,0,0,0,0,0,0,1,0,1,0,0,1,0,1,0,1,0
19,89.35,1686.85,88.78157894736842,0,0,1,1,1,0,1,1,0,0,0,0,0,0,0,0,1,0,0,0,1,1,0,1,0,0,0,1,0
70,51.05,3635.15,51.93071428571429,1,0,1,0,0,1,0,0,0,0,0,0,1,0,1,0,1,0,0,0,1,1,0,1,0,0,0,0,1
56,96.85,5219.65,93.20803571428571,0,1,0,0,1,0,1,1,0,0,1,0,1,0,0,0,0,0,0,0,1,0,0,1,0,1,0,0,1
1,55.7,55.7,55.7,1,0,0,0,1,0,0,0,0,0,0,0,0,0,0,0,0,0,0,0,1,0,0,1,0,0,1,0,0
38,54.5,2076.05,54.63289473684211,0,0,1,1,1,0,0,0,0,0,1,0,1,0,0,0,0,0,0,0,0,0,0,0,0,1,0,0,1
13,19.3,259.65,19.97307692307692,1,0,0,0,1,0,0,0,1,1,0,1,0,1,0,1,0,1,0,1,0,1,0,0,1,0,0,1,0
46,101.0,4680.05,101.74021739130436,1,1,1,0,1,0,1,1,0,0,0,0,0,0,1,0,0,0,1,0,1,0,0,1,0,1,0,0,1
54,24.95,1364.75,25.27314814814815,1,1,1,0,0,1,0,0,0,0,0,0,0,0,0,0,0,0,0,0,0,0,0,1,0,0,0,0,1
48,70.65,3545.05,73.85520833333334,0,1,1,0,1,0,0,1,0,0,0,0,0,0,0,0,0,0,0,0,0,0,0,1,0,0,0,0,1
68,89.05,6185.8,90.96764705882353,0,0,1,1,1,0,1,0,0,0,1,0,1,0,1,0,1,0,1,0,1,0,1,1,0,0,0,0,1
52,94.6,5025.8,96.65,0,0,1,0,1,0,1,1,0,0,0,0,1,0,1,0,0,0,1,0,0,0,0,0,0,0,0,0,1
71,24.75,1836.9,25.871830985915494,0,0,1,0,1,0,1,0,1,1,0,1,0,1,0,1,0,1,0,1,0,0,1,0,0,0,0,0,1
1,68.65,68.65,68.65,0,0,0,0,1,0,0,1,0,0,0,0,0,0,0,0,0,0,0,0,0,0,0,0,0,1,0,0,0
64,74.35,4759.55,74.36796875,0,0,1,0,1,0,0,0,0,0,1,0,1,0,1,0,1,0,0,0,1,0,1,1,0,0,1,0,1
46,44.95,2168.9,47.15,0,0,0,0,1,0,0,0,0,0,0,0,0,0,0,0,0,0,0,0,0,0,0,0,0,0,0,0,1
11,90.15,987.95,89.81363636363636,0,0,0,0,1,0,1,1,0,0,0,0,0,0,0,0,1,0,1,0,0,0,0,0,0,1,0,0,0
53,61.1,3357.9,63.35660377358491,1,0,0,0,1,0,0,0,0,0,0,0,0,0,1,0,0,0,0,0,1,1,0,1,0,1,0,0,1
2,20.05,39.25,19.625,0,0,0,0,1,0,0,0,1,1,0,1,0,1,0,1,0,1,0,1,0,0,0,1,0,0,1,0,0
57,100.6,5746.15,100.80964912280702,1,1,1,0,1,0,1,1,0,0,0,0,0,0,1,0,0,0,1,0,1,0,0,0,0,1,0,0,1
43,55.45,2444.25,56.843023255813954,0,0,0,0,1,0,0,0,0,0,0,0,1,0,0,0,1,0,0,0,0,1,0,0,0,1,0,0,1
44,20.05,845.25,19.210227272727273,1,0,0,0,1,0,0,0,1,1,0,1,0,1,0,1,0,1,0,1,0,0,1,0,0,0,1,0,1
71,66.8,4689.15,66.0443661971831,0,0,1,0,0,1,0,0,0,0,1,0,1,0,1,0,1,0,1,0,1,1,0,0,0,0,0,0,1
30,44.5,1307.8,43.593333333333334,1,0,0,1,0,1,0,0,0,0,0,0,0,0,0,0,0,0,1,0,1,0,0,1,0,1,0,1,0
20,20.65,417.5,20.875,1,0,1,0,1,0,0,0,1,1,0,1,0,1,0,1,0,1,0,1,0,1,0,0,0,0,1,1,0
18,20.05,345.9,19.216666666666665,1,0,1,1,1,0,0,0,1,1,0,1,0,1,0,1,0,1,0,1,0,1,0,0,0,0,0,1,0
34,71.55,2427.35,71.39264705882353,1,1,1,0,1,0,0,1,0,0,0,0,0,0,0,0,0,0,0,0,0,0,0,0,1,0,0,1,0
52,58.75,3038.55,58.43365384615385,0,0,0,0,0,1,0,0,0,0,1,0,1,0,1,0,0,0,1,0,1,0,1,1,0,0,0,0,1
66,108.1,7238.6,109.67575757575759,0,1,0,0,1,0,1,1,0,0,0,0,1,0,1,0,0,0,1,0,1,1,0,0,0,0,0,0,1
29,98.5,3004.15,103.59137931034483,1,1,1,0,1,0,1,1,0,0,0,0,0,0,1,0,0,0,1,0,1,0,0,1,0,1,0,1,0
41,79.9,3326.2,81.12682926829268,0,0,1,1,1,0,1,0,0,0,1,0,1,0,1,0,1,0,0,0,1,0,0,0,1,0,0,0,1
69,75.75,5388.15,78.0891304347826,1,0,1,1,1,0,0,0,0,0,1,0,1,0,1,0,1,0,1,0,0,0,1,1,0,0,0,0,1
32,85.3,2661.1,83.159375,1,1,1,0,1,0,1,1,0,0,0,0,0,0,0,0,0,0,0,0,1,0,0,0,0,1,0,1,0
9,70.05,657.5,73.05555555555556,1,0,0,0,1,0,0,1,0,0,0,0,0,0,0,0,0,0,0,0,0,0,0,0,0,0,1,0,0
2,29.85,75.6,37.8,1,0,0,0,0,1,0,0,0,0,0,0,0,0,0,0,1,0,0,0,0,0,0,0,0,0,0,0,0
37,20.15,785.75,21.236486486486488,1,0,0,0,1,0,0,0,1,1,0,1,0,1,0,1,0,1,0,1,0,1,0,0,1,0,0,0,1
39,47.85,1886.4,48.369230769230775,0,0,0,0,1,0,0,0,0,0,1,0,0,0,0,0,0,0,0,0,0,1,0,1,0,1,0,0,1
8,86.55,649.65,81.20625,1,0,0,0,1,0,1,1,0,0,0,0,0,0,0,0,0,0,0,0,1,0,0,1,0,1,0,0,0
5,20.55,99.45,19.89,1,0,1,1,1,0,0,0,1,1,0,1,0,1,0,1,0,1,0,1,0,1,0,0,0,1,0,0,0
26,50.35,1277.5,49.13461538461539,0,0,0,0,0,1,0,0,0,0,0,0,0,0,1,0,0,0,1,0,1,0,0,1,1,0,0,1,0
63,80.3,4896.35,77.71984126984128,1,0,1,1,1,0,0,1,0,0,0,0,1,0,1,0,0,0,0,0,0,0,0,1,1,0,0,0,1
58,100.4,5749.8,99.13448275862069,0,1,1,0,1,0,1,1,0,0,0,0,0,0,0,0,1,0,1,0,1,0,0,1,0,0,0,0,1
72,21.15,1419.4,19.71388888888889,0,0,0,0,1,0,0,0,1,1,0,1,0,1,0,1,0,1,0,1,0,0,1,1,0,0,0,0,1
64,70.2,4481.0,70.015625,0,1,0,0,1,0,0,0,0,0,1,0,1,0,0,0,1,0,1,0,0,0,1,1,1,0,0,0,1
50,25.2,1306.3,26.125999999999998,0,1,1,0,1,0,1,0,1,1,0,1,0,1,0,1,0,1,0,1,0,1,0,0,0,1,0,0,1
8,58.2,469.25,58.65625,0,0,0,0,1,0,0,0,0,0,1,0,1,0,0,0,1,0,0,0,0,1,0,0,0,0,0,0,0
1,78.65,78.65,78.65,0,0,0,1,1,0,0,1,0,0,0,0,0,0,0,0,0,0,0,0,1,0,0,0,0,1,0,0,0
6,70.55,433.95,72.325,0,0,0,0,1,0,0,1,0,0,0,0,0,0,0,0,0,0,0,0,0,0,0,0,1,0,0,0,0
65,82.5,5215.1,80.2323076923077,0,0,1,1,1,0,1,0,0,0,1,0,1,0,0,0,1,0,1,0,1,0,1,1,0,0,0,0,1
13,54.15,701.05,53.926923076923075,0,0,1,1,1,0,0,0,0,0,1,0,0,0,0,0,1,0,0,0,0,1,0,0,0,0,0,1,0
47,109.55,5124.55,109.03297872340426,1,0,1,0,1,0,1,1,0,0,0,0,1,0,1,0,1,0,1,0,1,0,0,1,0,1,0,0,1
4,54.3,195.3,48.825,1,0,0,0,1,0,0,0,0,0,0,0,0,0,0,0,0,0,0,0,1,0,0,0,0,1,0,0,0
51,24.95,1288.0,25.254901960784313,0,0,0,0,1,0,1,0,1,1,0,1,0,1,0,1,0,1,0,1,0,0,1,0,0,0,0,0,1
34,44.85,1442.6,42.42941176470588,1,0,1,1,0,1,0,0,0,0,0,0,0,0,1,0,1,0,1,0,0,0,0,1,0,1,0,1,0
37,90.0,3371.75,91.12837837837837,0,1,1,0,1,0,0,1,0,0,0,0,0,0,1,0,1,0,1,0,0,0,0,0,0,1,0,0,1
8,90.25,743.75,92.96875,0,0,1,0,1,0,1,1,0,0,0,0,0,0,0,0,1,0,0,0,1,0,0,1,0,1,0,0,0
39,99.95,3767.4,96.60000000000001,0,0,1,1,1,0,1,1,0,0,0,0,0,0,0,0,1,0,1,0,1,0,0,1,1,0,0,0,1
2,54.15,101.65,50.825,0,0,0,0,1,0,1,0,0,0,0,0,1,0,0,0,0,0,0,0,0,0,0,0,0,0,1,0,0
2,20.35,41.85,20.925,0,0,1,0,1,0,0,0,1,1,0,1,0,1,0,1,0,1,0,1,0,0,0,0,0,0,1,0,0
43,66.25,2907.35,67.61279069767441,1,0,1,0,1,0,1,0,0,0,1,0,1,0,0,0,1,0,0,0,0,0,0,0,0,0,0,0,1
1,99.75,99.75,99.75,1,0,0,1,1,0,1,1,0,0,0,0,0,0,1,0,0,0,1,0,1,0,0,1,0,1,0,0,0
45,99.7,4634.35,102.98555555555556,1,0,0,1,1,0,1,1,0,0,0,0,0,0,1,0,0,0,1,0,1,0,1,0,0,0,0,0,1
1,70.85,70.85,70.85,1,1,1,0,1,0,0,1,0,0,0,0,0,0,0,0,0,0,0,0,0,0,0,0,0,0,1,0,0
1,50.75,50.75,50.75,1,0,0,0,1,0,1,0,0,0,0,0,0,0,0,0,0,0,0,0,0,0,0,0,0,0,1,0,0
30,85.45,2509.95,83.66499999999999,1,0,1,1,1,0,1,1,0,0,0,0,0,0,0,0,0,0,1,0,0,0,0,0,0,1,0,1,0
70,44.05,3011.65,43.02357142857143,1,1,0,0,0,1,0,0,0,0,0,0,1,0,1,0,0,0,1,0,0,1,0,1,1,0,0,0,1
64,104.65,6889.8,107.653125,1,0,0,0,1,0,1,1,0,0,0,0,0,0,1,0,1,0,1,0,1,1,0,1,1,0,0,0,1
18,25.1,428.45,23.802777777777777,0,0,1,1,1,0,1,0,1,1,0,1,0,1,0,1,0,1,0,1,0,0,1,0,0,0,1,1,0
37,19.8,726.1,19.624324324324323,1,0,1,1,1,0,0,0,1,1,0,1,0,1,0,1,0,1,0,1,0,0,1,0,0,0,0,0,1
72,65.5,4919.7,68.32916666666667,0,0,1,0,0,1,0,0,0,0,1,0,1,0,1,0,1,0,1,0,1,0,1,0,0,0,0,0,1
45,50.9,2333.85,51.86333333333333,0,0,1,1,0,1,0,0,0,0,1,0,0,0,0,0,0,0,1,0,1,0,0,1,0,0,0,0,1
56,81.25,4620.4,82.50714285714285,0,0,1,1,1,0,1,0,0,0,1,0,1,0,1,0,1,0,1,0,0,0,1,0,1,0,0,0,1
31,84.85,2633.4,84.9483870967742,0,1,1,0,1,0,1,1,0,0,0,0,0,0,0,0,0,0,0,0,1,0,0,1,0,1,0,1,0
62,19.95,1244.8,20.07741935483871,1,0,1,1,1,0,0,0,1,1,0,1,0,1,0,1,0,1,0,1,0,1,0,0,0,0,0,0,1
69,29.8,2134.3,30.93188405797102,1,1,1,0,0,1,0,0,0,0,0,0,0,0,1,0,0,0,0,0,0,1,0,1,1,0,0,0,1
4,20.4,84.75,21.1875,0,0,0,1,1,0,0,0,1,1,0,1,0,1,0,1,0,1,0,1,0,1,0,1,0,0,1,0,0
66,19.95,1269.1,19.228787878787877,1,0,0,1,1,0,0,0,1,1,0,1,0,1,0,1,0,1,0,1,0,0,1,0,1,0,0,0,1
70,69.2,4872.35,69.605,0,0,1,1,1,0,1,0,0,0,1,0,1,0,0,0,0,0,1,0,0,0,1,1,1,0,0,0,1
72,105.75,7629.85,105.9701388888889,0,1,1,0,1,0,1,1,0,0,0,0,1,0,1,0,0,0,1,0,1,1,0,1,1,0,0,0,1
56,52.7,3019.7,53.92321428571428,1,0,0,0,1,0,0,0,0,0,1,0,0,0,1,0,0,0,0,0,0,1,0,0,0,0,1,0,1
12,95.5,1115.15,92.92916666666667,0,0,0,0,1,0,0,1,0,0,0,0,0,0,1,0,0,0,1,0,1,1,0,0,0,0,1,0,0
1,70.75,70.75,70.75,0,0,0,0,1,0,0,1,0,0,0,0,0,0,0,0,0,0,0,0,0,0,0,0,0,0,1,0,0
41,114.5,4527.45,110.42560975609756,0,0,0,0,1,0,1,1,0,0,1,0,1,0,1,0,1,0,1,0,1,0,0,1,0,0,0,0,1
1,59.55,59.55,59.55,1,0,0,1,1,0,0,0,0,0,0,0,0,0,0,0,1,0,0,0,1,0,0,1,0,0,1,0,0
13,19.65,244.8,18.83076923076923,0,0,0,0,1,0,0,0,1,1,0,1,0,1,0,1,0,1,0,1,0,1,0,0,0,1,0,1,0
26,83.75,2070.6,79.63846153846154,1,0,1,1,1,0,1,1,0,0,0,0,0,0,0,0,0,0,1,0,0,0,0,1,0,1,0,1,0
16,79.5,1264.2,79.0125,0,0,0,1,1,0,1,1,0,0,0,0,0,0,0,0,1,0,0,0,0,1,0,1,1,0,0,1,0
3,54.65,189.1,63.03333333333333,1,0,0,0,1,0,0,0,0,0,0,0,0,0,0,0,0,0,0,0,1,0,0,0,0,0,1,0,0
58,70.1,4048.95,69.80948275862069,1,0,0,0,1,0,0,0,0,0,0,0,1,0,1,0,1,0,1,0,0,0,1,0,0,0,0,0,1
72,89.1,6352.4,88.22777777777777,0,1,1,0,1,0,1,0,0,0,1,0,1,0,1,0,1,0,1,0,1,0,1,0,1,0,0,0,1
56,21.2,1238.65,22.118750000000002,1,0,0,1,1,0,0,0,1,1,0,1,0,1,0,1,0,1,0,1,0,1,0,1,0,0,1,0,1
1,69.65,69.65,69.65,1,0,0,0,1,0,0,1,0,0,0,0,0,0,0,0,0,0,0,0,0,0,0,1,0,1,0,0,0
33,53.75,1857.3,56.28181818181818,0,0,1,0,1,0,0,0,0,0,0,0,1,0,0,0,1,0,0,0,0,1,0,1,1,0,0,1,0
13,93.8,1261.0,97.0,1,1,1,0,1,0,1,1,0,0,1,0,1,0,0,0,0,0,0,0,1,0,0,0,1,0,0,1,0
57,86.9,4939.25,86.65350877192982,1,0,0,0,1,0,1,1,0,0,0,0,0,0,0,0,0,0,1,0,0,1,0,1,0,1,0,0,1
18,74.8,1438.05,79.89166666666667,0,0,1,0,1,0,0,1,0,0,1,0,0,0,0,0,0,0,0,0,0,0,0,0,0,1,0,1,0
42,101.75,4273.45,101.74880952380951,1,0,0,0,1,0,1,1,0,0,0,0,1,0,0,0,0,0,1,0,1,0,0,1,0,1,0,0,1
32,72.8,2333.05,72.9078125,1,0,1,0,1,0,1,0,0,0,1,0,0,0,0,0,1,0,1,0,0,1,0,1,1,0,0,1,0
34,20.8,635.9,18.70294117647059,1,0,1,1,1,0,0,0,1,1,0,1,0,1,0,1,0,1,0,1,0,0,0,0,0,0,1,1,0
64,105.25,6823.4,106.615625,1,0,1,0,1,0,1,1,0,0,0,0,1,0,0,0,1,0,1,0,1,0,1,1,0,1,0,0,1
11,76.5,837.95,76.17727272727274,0,0,0,0,1,0,1,1,0,0,0,0,0,0,0,0,0,0,0,0,0,0,0,1,0,1,0,0,0
49,100.85,4847.35,98.92551020408165,0,0,1,0,1,0,1,1,0,0,1,0,0,0,0,0,0,0,1,0,1,0,0,1,0,0,1,0,1
23,83.8,1900.25,82.6195652173913,0,0,1,1,1,0,0,1,0,0,0,0,1,0,1,0,1,0,0,0,0,0,0,0,0,1,0,1,0
56,68.75,3808.0,68.0,0,0,1,1,1,0,1,0,0,0,1,0,0,0,1,0,0,0,0,0,1,1,0,1,0,0,0,0,1
25,19.05,461.3,18.452,0,0,0,0,1,0,0,0,1,1,0,1,0,1,0,1,0,1,0,1,0,0,0,0,0,0,1,1,0
8,43.35,371.4,46.425,1,1,1,0,0,1,0,0,0,0,0,0,1,0,1,0,0,0,0,0,1,0,0,1,0,0,1,0,0
34,62.65,2274.9,66.90882352941176,0,0,1,0,1,0,1,0,0,0,1,0,1,0,0,0,1,0,0,0,0,0,0,0,0,1,0,1,0
6,26.35,184.05,30.675,1,0,0,1,1,0,1,0,1,1,0,1,0,1,0,1,0,1,0,1,0,0,0,0,0,0,1,0,0
23,104.05,2470.1,107.39565217391304,1,0,0,0,1,0,1,1,0,0,0,0,0,0,1,0,1,0,1,0,1,0,0,1,0,0,1,1,0
31,35.4,1077.5,34.75806451612903,1,0,1,1,0,1,0,0,0,0,1,0,0,0,0,0,1,0,0,0,0,0,0,0,0,0,0,1,0
12,35.5,432.25,36.020833333333336,1,0,1,1,0,1,0,0,0,0,0,0,1,0,0,0,1,0,0,0,0,0,0,0,0,0,1,0,0
4,80.15,319.85,79.9625,0,0,0,0,1,0,1,1,0,0,1,0,0,0,0,0,0,0,0,0,0,0,0,1,0,1,0,0,0
63,100.55,6215.35,98.65634920634922,0,0,1,1,1,0,1,1,0,0,1,0,1,0,1,0,0,0,1,0,0,0,0,1,0,1,0,0,1
2,19.65,38.8,19.4,1,0,0,0,1,0,0,0,1,1,0,1,0,1,0,1,0,1,0,1,0,0,0,1,0,0,1,0,0
71,20.5,1500.95,21.140140845070423,0,0,1,1,1,0,0,0,1,1,0,1,0,1,0,1,0,1,0,1,0,0,1,0,0,0,0,0,1
37,88.8,3340.55,90.28513513513514,0,0,1,1,1,0,1,1,0,0,0,0,1,0,0,0,0,0,1,0,0,0,0,1,0,1,0,0,1
1,45.15,45.15,45.15,0,0,0,0,1,0,0,0,0,0,0,0,0,0,0,0,0,0,0,0,0,0,0,0,0,1,0,0,0
2,70.1,141.65,70.825,1,1,1,0,1,0,0,1,0,0,0,0,0,0,0,0,0,0,0,0,0,0,0,0,0,1,0,0,0
7,81.1,576.65,82.37857142857142,0,0,1,0,1,0,0,1,0,0,0,0,0,0,0,0,0,0,1,0,0,0,0,1,0,1,0,0,0
69,74.1,5031.0,72.91304347826087,1,1,0,0,1,0,1,0,0,0,1,0,0,0,1,0,1,0,0,0,1,0,1,0,1,0,0,0,1
19,78.25,1490.95,78.47105263157896,1,0,0,0,1,0,0,1,0,0,0,0,1,0,1,0,0,0,0,0,0,0,0,1,0,1,0,1,0
19,106.6,1934.45,101.81315789473685,0,0,0,0,1,0,0,1,0,0,1,0,0,0,1,0,1,0,1,0,1,0,0,1,0,1,0,1,0
72,87.1,6230.1,86.52916666666667,1,0,1,0,1,0,1,0,0,0,1,0,1,0,1,0,1,0,1,0,1,0,1,1,0,0,0,0,1
29,98.6,2933.2,101.14482758620689,0,0,0,0,1,0,1,1,0,0,0,0,0,0,1,0,0,0,1,0,1,0,0,1,1,0,0,1,0
3,45.0,127.1,42.36666666666667,0,1,0,0,1,0,0,0,0,0,0,0,0,0,0,0,0,0,0,0,0,0,0,0,0,1,0,0,0
11,51.0,581.7,52.88181818181818,0,0,1,1,1,0,0,0,0,0,1,0,0,0,0,0,0,0,0,0,0,0,0,0,0,0,0,0,0
33,59.45,1884.65,57.11060606060607,0,1,0,0,0,1,0,0,0,0,1,0,1,0,1,0,0,0,1,0,1,0,0,1,0,0,0,1,0
72,97.7,6869.7,95.4125,0,0,1,0,1,0,1,1,0,0,0,0,1,0,0,0,0,0,1,0,1,0,1,1,1,0,0,0,1
5,20.05,94.15,18.830000000000002,1,1,0,0,1,0,0,0,1,1,0,1,0,1,0,1,0,1,0,1,0,0,0,0,0,0,0,0,0
58,45.3,2651.2,45.710344827586205,1,1,1,0,0,1,0,0,0,0,0,0,1,0,1,0,0,0,0,0,1,0,0,1,0,1,0,0,1
71,104.15,7365.3,103.73661971830987,1,0,1,0,1,0,1,1,0,0,0,0,1,0,0,0,1,0,1,0,1,0,1,1,1,0,0,0,1
9,45.4,418.8,46.53333333333333,1,0,0,0,0,1,0,0,0,0,0,0,0,0,0,0,0,0,1,0,1,0,0,1,0,1,0,0,0
1,50.1,50.1,50.1,0,0,0,0,1,0,1,0,0,0,0,0,0,0,0,0,0,0,0,0,0,0,0,1,0,1,0,0,0
2,54.35,117.05,58.525,0,0,0,0,1,0,1,0,0,0,0,0,0,0,0,0,1,0,0,0,0,0,0,1,0,0,1,0,0
37,20.35,697.65,18.855405405405406,1,0,1,0,1,0,0,0,1,1,0,1,0,1,0,1,0,1,0,1,0,0,0,0,0,0,0,0,1
6,55.3,324.25,54.041666666666664,1,0,1,1,1,0,0,0,0,0,0,0,1,0,1,0,0,0,0,0,0,0,0,1,0,0,1,0,0
24,66.3,1559.45,64.97708333333334,0,0,1,0,1,0,1,0,0,0,1,0,1,0,1,0,0,0,0,0,0,0,0,0,0,0,1,1,0
54,87.1,4735.2,87.68888888888888,1,0,0,0,1,0,1,0,0,0,1,0,0,0,1,0,1,0,1,0,1,0,1,0,0,0,0,0,1
23,19.8,465.45,20.23695652173913,1,0,0,1,1,0,0,0,1,1,0,1,0,1,0,1,0,1,0,1,0,1,0,0,0,0,1,1,0
18,78.55,1422.65,79.03611111111111,1,1,1,0,1,0,0,1,0,0,0,0,0,0,0,0,0,0,0,0,1,0,0,0,0,1,0,1,0
72,64.7,4746.05,65.91736111111112,1,0,1,0,0,1,0,0,0,0,1,0,1,0,1,0,1,0,1,0,1,0,1,1,0,1,0,0,1
53,84.6,4449.75,83.95754716981132,0,0,0,1,1,0,1,0,0,0,0,0,1,0,1,0,1,0,1,0,1,1,0,1,0,1,0,0,1
24,78.6,1846.65,76.94375000000001,0,0,1,1,1,0,1,0,0,0,1,0,0,0,1,0,0,0,1,0,1,0,1,0,1,0,0,1,0
56,85.65,4824.45,86.15089285714285,1,1,1,0,1,0,0,0,0,0,1,0,1,0,1,0,1,0,1,0,1,0,1,1,0,0,0,0,1
23,99.85,2331.3,101.3608695652174,1,0,1,1,1,0,0,1,0,0,1,0,0,0,0,0,1,0,1,0,1,0,0,1,0,1,0,1,0
71,25.45,1813.35,25.54014084507042,0,0,1,1,1,0,1,0,1,1,0,1,0,1,0,1,0,1,0,1,0,0,1,0,0,0,0,0,1
1,45.3,45.3,45.3,1,0,0,0,0,1,0,0,0,0,0,0,0,0,0,0,0,0,1,0,1,0,0,1,0,0,1,0,0
22,74.4,1692.6,76.93636363636364,0,1,0,0,1,0,1,1,0,0,0,0,0,0,0,0,0,0,0,0,0,0,0,1,0,0,0,1,0
57,20.55,1252.85,21.979824561403507,1,0,0,0,1,0,0,0,1,1,0,1,0,1,0,1,0,1,0,1,0,0,1,0,1,0,0,0,1
69,60.25,4055.5,58.77536231884058,1,0,1,0,0,1,0,0,0,0,1,0,0,0,1,0,1,0,1,0,1,0,1,0,0,0,0,0,1
57,104.5,5921.35,103.88333333333334,0,0,1,0,1,0,1,1,0,0,0,0,1,0,1,0,0,0,1,0,1,0,0,1,1,0,0,0,1
47,65.0,2879.9,61.274468085106385,0,0,0,0,1,0,1,0,0,0,1,0,0,0,1,0,1,0,0,0,0,0,1,1,0,0,1,0,1
15,20.0,288.05,19.203333333333333,1,0,1,1,1,0,0,0,1,1,0,1,0,1,0,1,0,1,0,1,0,0,0,1,0,1,0,1,0
29,31.2,926.2,31.93793103448276,0,0,0,0,0,1,0,0,0,0,0,0,0,0,0,0,1,0,0,0,0,0,0,1,0,1,0,1,0
26,26.0,684.05,26.309615384615384,0,0,1,0,1,0,1,0,1,1,0,1,0,1,0,1,0,1,0,1,0,1,0,0,0,0,1,1,0
31,20.45,638.55,20.598387096774193,1,0,0,0,1,0,0,0,1,1,0,1,0,1,0,1,0,1,0,1,0,0,1,0,0,0,1,1,0
11,78.5,874.2,79.47272727272728,1,1,0,0,1,0,0,1,0,0,0,0,0,0,0,0,0,0,0,0,1,0,0,1,0,1,0,0,0
42,78.45,3373.4,80.31904761904762,0,0,0,0,1,0,1,0,0,0,0,0,0,0,1,0,1,0,1,0,1,0,1,1,1,0,0,0,1
67,54.2,3623.95,54.08880597014925,0,0,1,1,0,1,0,0,0,0,1,0,1,0,1,0,1,0,1,0,0,0,1,0,1,0,0,0,1
33,100.6,3270.25,99.09848484848484,1,1,1,0,1,0,1,1,0,0,0,0,1,0,0,0,0,0,1,0,1,0,0,1,0,0,0,1,0
8,19.8,160.05,20.00625,0,0,1,1,1,0,0,0,1,1,0,1,0,1,0,1,0,1,0,1,0,1,0,0,0,1,0,0,0
4,95.45,396.1,99.025,0,1,0,0,1,0,1,1,0,0,0,0,0,0,0,0,0,0,1,0,1,0,0,1,0,1,0,0,0
66,56.6,3789.2,57.41212121212121,1,0,1,0,0,1,0,0,0,0,1,0,1,0,1,0,1,0,1,0,0,0,1,1,0,0,0,0,1
56,94.45,5124.6,91.51071428571429,1,0,0,0,1,0,1,1,0,0,0,0,1,0,0,0,1,0,0,0,1,0,0,1,0,1,0,0,1
5,81.0,371.65,74.33,0,1,1,0,1,0,1,1,0,0,0,0,1,0,0,0,0,0,0,0,0,0,0,1,0,1,0,0,0
11,80.5,896.9,81.53636363636363,1,0,1,0,1,0,1,1,0,0,0,0,1,0,0,0,0,0,0,0,0,0,0,1,0,0,0,0,0
6,44.4,263.05,43.84166666666667,0,1,0,0,0,1,0,0,0,0,0,0,0,0,0,0,0,0,1,0,1,0,0,1,0,1,0,0,0
36,19.45,754.5,20.958333333333332,1,0,1,1,1,0,0,0,1,1,0,1,0,1,0,1,0,1,0,1,0,0,1,0,1,0,0,1,0
1,80.55,80.55,80.55,1,0,1,0,1,0,0,1,0,0,0,0,0,0,0,0,0,0,1,0,0,0,0,1,0,1,0,0,0
40,80.8,3132.75,78.31875,1,0,1,0,1,0,0,1,0,0,0,0,1,0,1,0,0,0,0,0,0,1,0,0,0,1,0,0,1
70,95.0,6602.9,94.32714285714285,1,0,1,0,1,0,1,1,0,0,0,0,1,0,1,0,0,0,1,0,0,1,0,1,0,0,0,0,1
44,85.25,3704.15,84.18522727272727,1,0,0,0,1,0,1,0,0,0,0,0,1,0,1,0,1,0,1,0,1,1,0,1,0,0,0,0,1
5,81.0,389.6,77.92,0,0,0,0,1,0,0,1,0,0,0,0,0,0,0,0,0,0,1,0,0,0,0,1,1,0,0,0,0
17,19.55,280.85,16.52058823529412,0,0,0,0,1,0,0,0,1,1,0,1,0,1,0,1,0,1,0,1,0,1,0,0,0,0,1,1,0
72,24.8,1874.3,26.031944444444445,1,0,1,0,1,0,1,0,1,1,0,1,0,1,0,1,0,1,0,1,0,0,1,0,1,0,0,0,1
24,56.35,1381.2,57.550000000000004,0,0,0,0,1,0,0,0,0,0,1,0,0,0,0,0,1,0,0,0,0,0,0,0,1,0,0,1,0
41,104.7,4346.4,106.00975609756097,1,0,0,0,1,0,1,1,0,0,0,0,1,0,1,0,0,0,1,0,1,0,0,1,0,1,0,0,1
54,65.65,3566.7,66.05,1,0,1,1,1,0,1,0,0,0,1,0,1,0,0,0,1,0,0,0,0,0,1,1,1,0,0,0,1
4,24.1,73.1,18.275,1,0,1,1,1,0,1,0,1,1,0,1,0,1,0,1,0,1,0,1,0,1,0,0,1,0,0,0,0
13,30.15,382.2,29.4,0,0,0,1,0,1,0,0,0,0,0,0,1,0,0,0,0,0,0,0,0,0,0,0,0,1,0,1,0
72,26.25,1988.05,27.611805555555556,0,0,1,1,1,0,1,0,1,1,0,1,0,1,0,1,0,1,0,1,0,0,1,1,0,0,0,0,1
13,19.85,252.0,19.384615384615383,1,0,1,1,1,0,0,0,1,1,0,1,0,1,0,1,0,1,0,1,0,0,0,1,0,0,1,1,0
1,20.65,20.65,20.65,0,0,1,0,1,0,0,0,1,1,0,1,0,1,0,1,0,1,0,1,0,0,0,1,0,0,1,0,0
63,90.05,5817.0,92.33333333333333,0,0,0,0,1,0,0,1,0,0,0,0,0,0,1,0,1,0,1,0,0,1,0,1,1,0,0,0,1
21,104.4,2200.25,104.77380952380952,0,0,1,0,1,0,1,1,0,0,1,0,0,0,1,0,0,0,1,0,1,0,0,1,0,0,0,1,0
72,110.9,7922.75,110.03819444444444,1,0,1,1,1,0,1,1,0,0,0,0,1,0,1,0,1,0,1,0,1,0,1,0,1,0,0,0,1
48,20.15,982.95,20.478125000000002,1,0,0,0,1,0,0,0,1,1,0,1,0,1,0,1,0,1,0,1,0,0,1,0,1,0,0,0,1
70,20.15,1411.2,20.16,0,0,1,1,1,0,0,0,1,1,0,1,0,1,0,1,0,1,0,1,0,0,1,1,1,0,0,0,1
72,100.9,7459.05,103.59791666666666,1,0,0,0,1,0,1,1,0,0,0,0,1,0,1,0,0,0,1,0,1,0,1,1,0,0,0,0,1
19,56.2,1093.4,57.54736842105264,0,0,0,0,1,0,0,0,0,0,0,0,0,0,0,0,0,0,0,0,1,0,0,1,0,1,0,1,0
35,86.45,3029.1,86.54571428571428,0,0,0,0,1,0,1,1,0,0,0,0,0,0,0,0,0,0,1,0,0,0,0,1,0,1,0,1,0
68,91.7,6424.7,94.48088235294118,0,0,1,0,1,0,1,0,0,0,1,0,1,0,1,0,1,0,1,0,1,0,1,1,0,1,0,0,1
4,86.05,308.1,77.025,1,0,0,0,1,0,0,1,0,0,0,0,0,0,1,0,0,0,0,0,1,0,0,0,0,1,0,0,0
44,90.65,3974.15,90.32159090909092,1,0,1,0,1,0,0,1,0,0,0,0,0,0,0,0,0,0,1,0,1,1,0,1,0,0,0,0,1
60,50.8,3027.4,50.45666666666667,0,0,0,0,0,1,0,0,0,0,0,0,1,0,0,0,0,0,1,0,1,0,0,1,0,1,0,0,1
27,20.6,581.85,21.55,1,0,0,1,1,0,0,0,1,1,0,1,0,1,0,1,0,1,0,1,0,0,1,0,0,0,1,1,0
35,72.1,2495.15,71.29,1,0,0,1,1,0,0,0,0,0,0,0,0,0,0,0,1,0,1,0,1,1,0,1,0,0,1,1,0
70,101.75,7069.3,100.99000000000001,0,0,1,0,1,0,1,1,0,0,0,0,0,0,1,0,0,0,1,0,1,1,0,1,0,1,0,0,1
2,69.0,147.8,73.9,0,0,1,0,1,0,0,0,0,0,0,0,0,0,1,0,0,0,1,0,1,0,0,0,1,0,0,0,0
2,74.75,144.8,72.4,1,0,0,0,1,0,0,1,0,0,0,0,1,0,0,0,0,0,0,0,0,0,0,1,0,1,0,0,0
72,115.15,8349.7,115.96805555555557,0,0,1,0,1,0,1,1,0,0,1,0,1,0,1,0,1,0,1,0,1,0,1,0,0,1,0,0,1
71,91.05,6293.75,88.6443661971831,0,0,1,1,1,0,1,0,0,0,1,0,1,0,1,0,1,0,1,0,1,0,1,0,0,0,1,0,1
66,105.0,7133.25,108.07954545454545,1,0,1,0,1,0,1,1,0,0,0,0,1,0,1,0,0,0,1,0,1,0,0,1,1,0,0,0,1
52,108.1,5839.3,112.29423076923078,0,1,0,0,1,0,1,1,0,0,1,0,1,0,1,0,0,0,1,0,1,0,0,0,1,0,0,0,1
53,65.0,3363.8,63.46792452830189,1,0,1,1,1,0,0,0,0,0,0,0,1,0,0,0,1,0,1,0,0,0,0,0,1,0,0,0,1
66,79.85,5234.95,79.31742424242424,1,0,1,1,1,0,1,0,0,0,0,0,1,0,1,0,0,0,1,0,1,0,1,0,0,0,0,0,1
23,54.4,1249.25,54.31521739130435,0,0,0,0,1,0,1,0,0,0,1,0,0,0,0,0,0,0,0,0,0,0,0,0,0,1,0,1,0
3,79.25,267.6,89.2,1,0,0,0,1,0,0,1,0,0,0,0,0,0,0,0,0,0,1,0,0,0,0,0,0,1,0,0,0
23,79.15,1676.95,72.9108695652174,0,0,0,0,1,0,1,1,0,0,0,0,1,0,0,0,0,0,0,0,0,0,0,1,0,1,0,1,0
59,50.25,2997.45,50.80423728813559,1,1,1,0,0,1,0,0,0,0,0,0,1,0,0,0,0,0,1,0,1,0,0,1,0,1,0,0,1
60,104.95,6236.75,103.94583333333334,0,0,0,0,1,0,0,1,0,0,1,0,0,0,1,0,1,0,1,0,1,0,0,1,0,0,0,0,1
66,103.1,6595.0,99.92424242424242,0,0,0,0,1,0,1,1,0,0,1,0,1,0,1,0,1,0,0,0,1,0,0,1,0,0,0,0,1
15,65.6,1010.0,67.33333333333333,0,0,0,1,1,0,0,0,0,0,1,0,1,0,1,0,1,0,0,0,0,1,0,0,1,0,0,1,0
60,89.9,5450.7,90.845,1,0,0,0,1,0,1,1,0,0,0,0,1,0,0,0,0,0,1,0,0,0,0,1,0,0,0,0,1
46,104.4,4904.2,106.61304347826086,0,0,0,0,1,0,0,1,0,0,0,0,1,0,1,0,1,0,1,0,1,0,1,1,0,0,0,0,1
45,89.3,4016.85,89.26333333333334,0,0,0,0,1,0,1,1,0,0,0,0,1,0,0,0,0,0,1,0,0,0,0,1,1,0,0,0,1
44,54.05,2375.2,53.98181818181818,1,0,1,1,0,1,0,0,0,0,1,0,1,0,1,0,1,0,0,0,1,0,1,1,1,0,0,0,1
46,99.8,4391.25,95.46195652173913,0,0,0,1,1,0,0,1,0,0,0,0,1,0,1,0,0,0,1,0,1,0,0,1,0,1,0,0,1
13,24.5,343.6,26.430769230769233,1,0,1,1,1,0,1,0,1,1,0,1,0,1,0,1,0,1,0,1,0,1,0,0,0,0,0,1,0
69,114.35,7665.8,111.09855072463769,1,0,1,1,1,0,1,1,0,0,1,0,1,0,1,0,1,0,1,0,1,0,1,1,0,0,0,0,1
1,74.4,74.4,74.4,1,1,0,0,1,0,1,1,0,0,0,0,0,0,0,0,0,0,0,0,0,0,0,1,0,1,0,0,0
7,95.35,660.9,94.41428571428571,0,0,0,0,1,0,0,1,0,0,0,0,0,0,1,0,0,0,1,0,1,0,0,1,0,1,0,0,0
71,58.25,4145.9,58.39295774647887,0,0,1,0,0,1,0,0,0,0,0,0,1,0,1,0,1,0,1,0,1,0,1,0,0,0,0,0,1
27,19.55,520.55,19.27962962962963,1,0,1,0,1,0,0,0,1,1,0,1,0,1,0,1,0,1,0,1,0,0,1,0,0,0,0,1,0
64,74.65,4869.35,76.08359375,0,1,0,0,1,0,1,0,0,0,0,0,1,0,1,0,1,0,0,0,1,0,0,0,1,0,0,0,1
69,81.5,5553.25,80.48188405797102,1,0,0,0,1,0,1,0,0,0,1,0,1,0,1,0,1,0,0,0,1,0,1,1,1,0,0,0,1
1,20.2,20.2,20.2,1,0,0,0,1,0,0,0,1,1,0,1,0,1,0,1,0,1,0,1,0,0,0,0,0,0,0,0,0
33,73.9,2405.05,72.88030303030304,1,0,1,1,1,0,0,0,0,0,0,0,0,0,1,0,1,0,1,0,1,1,0,1,0,0,1,1,0
1,34.7,34.7,34.7,0,0,0,0,0,1,0,0,0,0,0,0,0,0,0,0,0,0,1,0,0,0,0,1,0,1,0,0,0
20,107.05,2172.05,108.6025,1,1,1,0,1,0,1,1,0,0,0,0,1,0,0,0,1,0,1,0,1,0,0,0,0,1,0,1,0
12,112.95,1384.75,115.39583333333333,1,0,0,0,1,0,1,1,0,0,0,0,1,0,1,0,1,0,1,0,1,0,0,1,0,0,1,0,0
10,73.55,693.3,69.33,0,0,0,1,1,0,1,0,0,0,1,0,0,0,1,0,1,0,0,0,1,1,0,0,1,0,0,0,0
44,109.8,4860.35,110.4625,0,1,0,0,1,0,1,1,0,0,1,0,1,0,1,0,0,0,1,0,1,1,0,1,1,0,0,0,1
13,31.65,389.95,29.996153846153845,0,0,0,0,0,1,0,0,0,0,0,0,1,0,0,0,0,0,0,0,0,0,0,1,0,1,0,1,0
56,19.95,1126.75,20.120535714285715,1,0,1,0,1,0,0,0,1,1,0,1,0,1,0,1,0,1,0,1,0,1,0,0,1,0,0,0,1
2,95.85,197.7,98.85,1,0,0,0,1,0,0,1,0,0,0,0,0,0,1,0,0,0,1,0,1,0,0,1,0,1,0,0,0
17,94.2,1608.15,94.59705882352942,0,1,0,0,1,0,1,1,0,0,0,0,0,0,0,0,0,0,1,0,1,0,0,1,0,1,0,1,0
22,54.45,1127.35,51.24318181818182,1,0,0,0,1,0,1,0,0,0,1,0,0,0,0,0,0,0,0,0,0,0,0,1,0,1,0,1,0
51,111.5,5703.25,111.82843137254902,0,0,0,0,1,0,1,1,0,0,0,0,1,0,1,0,1,0,1,0,1,1,0,1,0,1,0,0,1
6,55.7,335.65,55.94166666666666,1,0,0,0,1,0,0,0,0,0,1,0,1,0,0,0,0,0,0,0,0,0,0,1,0,0,0,0,0
1,95.6,95.6,95.6,0,0,0,0,1,0,0,1,0,0,1,0,0,0,0,0,0,0,1,0,1,0,0,1,0,1,0,0,0
9,79.55,718.55,79.83888888888889,1,1,0,0,1,0,0,1,0,0,0,0,0,0,0,0,0,0,0,0,1,0,0,1,0,1,0,0,0
29,101.45,2948.6,101.67586206896551,1,1,0,0,1,0,0,1,0,0,0,0,1,0,1,0,0,0,1,0,1,0,0,1,0,0,0,1,0
1,45.6,45.6,45.6,1,0,0,0,1,0,0,0,0,0,0,0,0,0,0,0,0,0,0,0,0,0,0,1,0,1,0,0,0
49,61.75,3024.15,61.71734693877551,0,0,1,1,1,0,0,0,0,0,1,0,0,0,1,0,1,0,0,0,0,0,0,0,0,0,0,0,1
8,44.65,369.15,46.14375,1,0,1,1,1,0,0,0,0,0,0,0,0,0,0,0,0,0,0,0,0,0,0,0,0,0,0,0,0
9,79.55,723.4,80.37777777777778,0,0,0,0,1,0,0,1,0,0,0,0,0,0,0,0,0,0,0,0,1,0,0,1,0,1,0,0,0
41,86.2,3339.05,81.44024390243902,0,0,1,0,1,0,0,1,0,0,0,0,1,0,1,0,1,0,0,0,0,1,0,1,0,0,0,0,1
6,50.8,288.05,48.00833333333333,0,0,0,0,1,0,0,0,0,0,0,0,0,0,0,0,1,0,0,0,0,0,0,1,0,0,0,0,0
33,103.7,3467.0,105.06060606060606,0,0,1,1,1,0,1,1,0,0,1,0,0,0,1,0,0,0,1,0,1,1,0,1,0,0,1,1,0
39,19.75,757.95,19.434615384615388,0,0,1,1,1,0,0,0,1,1,0,1,0,1,0,1,0,1,0,1,0,0,1,0,0,0,1,0,1
1,50.55,50.55,50.55,0,1,0,0,1,0,1,0,0,0,0,0,0,0,0,0,0,0,0,0,0,0,0,0,0,0,1,0,0
13,73.35,931.55,71.6576923076923,1,0,0,0,1,0,0,0,0,0,0,0,1,0,0,0,1,0,1,0,1,0,0,0,0,0,1,1,0
22,96.7,2082.95,94.67954545454545,1,1,0,0,1,0,1,1,0,0,0,0,0,0,0,0,0,0,1,0,1,0,0,1,0,1,0,1,0
55,100.15,5409.75,98.35909090909091,0,1,0,0,1,0,1,1,0,0,0,0,0,0,1,0,0,0,1,0,1,1,0,1,0,1,0,0,1
3,80.5,232.35,77.45,0,0,0,0,1,0,0,1,0,0,0,0,0,0,0,0,0,0,1,0,0,0,0,1,0,1,0,0,0
51,47.85,2356.75,46.21078431372549,1,0,0,1,1,0,0,0,0,0,0,0,0,0,0,0,1,0,0,0,0,1,0,0,1,0,0,0,1
52,53.75,2790.65,53.666346153846156,1,0,0,0,1,0,0,0,0,0,1,0,0,0,1,0,0,0,0,0,0,1,0,0,0,1,0,0,1
30,40.35,1187.05,39.568333333333335,0,0,0,0,0,1,0,0,0,0,0,0,0,0,0,0,1,0,0,0,1,1,0,1,1,0,0,1,0
40,25.25,1006.9,25.1725,1,0,1,1,1,0,1,0,1,1,0,1,0,1,0,1,0,1,0,1,0,0,1,0,1,0,0,0,1
14,85.15,1139.2,81.37142857142858,1,0,1,0,1,0,1,1,0,0,0,0,0,0,0,0,0,0,0,0,1,0,0,1,0,1,0,1,0
41,45.2,1841.9,44.924390243902444,0,0,0,1,1,0,0,0,0,0,0,0,0,0,0,0,0,0,0,0,0,0,0,0,0,0,0,0,1
43,40.45,1912.85,44.48488372093023,1,0,0,1,0,1,0,0,0,0,1,0,1,0,1,0,0,0,0,0,0,0,0,1,0,1,0,0,1
72,85.15,6316.2,87.725,1,0,1,0,1,0,1,0,0,0,0,0,1,0,1,0,1,0,1,0,1,0,1,1,0,0,0,0,1
28,50.8,1386.8,49.528571428571425,1,0,1,1,0,1,0,0,0,0,1,0,0,0,1,0,1,0,1,0,0,1,0,0,0,0,1,1,0
68,84.4,5746.75,84.51102941176471,0,0,1,1,1,0,1,1,0,0,0,0,1,0,1,0,0,0,0,0,0,0,1,1,1,0,0,0,1
62,110.8,6840.95,110.33790322580644,0,0,1,1,1,0,1,1,0,0,0,0,1,0,1,0,1,0,1,0,1,1,0,1,0,1,0,0,1
1,44.4,44.4,44.4,1,0,0,1,1,0,0,0,0,0,0,0,0,0,0,0,0,0,0,0,0,0,0,1,0,1,0,0,0
62,96.75,6125.4,98.79677419354839,1,0,0,0,1,0,1,1,0,0,0,0,0,0,1,0,0,0,1,0,1,1,0,1,0,1,0,0,1
39,24.2,914.6,23.451282051282053,0,0,1,1,1,0,1,0,1,1,0,1,0,1,0,1,0,1,0,1,0,1,0,1,0,0,1,0,1
1,70.7,70.7,70.7,0,0,0,0,1,0,0,1,0,0,0,0,0,0,0,0,0,0,0,0,0,0,0,1,0,0,1,0,0
2,76.4,160.8,80.4,0,0,0,0,1,0,0,0,0,0,0,0,0,0,1,0,1,0,1,0,1,0,0,0,0,1,0,0,0
71,93.7,6585.35,92.75140845070423,0,0,1,0,1,0,1,1,0,0,0,0,0,0,0,0,0,0,1,0,1,0,1,1,0,0,0,0,1
3,50.65,151.3,50.43333333333334,0,0,0,0,1,0,1,0,0,0,0,0,0,0,0,0,0,0,0,0,0,0,0,1,0,0,1,0,0
50,82.5,4179.1,83.58200000000001,0,0,0,0,1,0,1,0,0,0,1,0,0,0,1,0,1,0,1,0,1,1,0,1,1,0,0,0,1
21,80.9,1714.95,81.66428571428571,0,0,1,0,1,0,0,0,0,0,1,0,0,0,1,0,1,0,1,0,1,1,0,0,0,0,1,1,0
8,65.45,554.45,69.30625,0,0,0,0,1,0,0,0,0,0,0,0,1,0,0,0,1,0,1,0,0,0,0,1,0,1,0,0,0
17,85.45,1451.6,85.38823529411764,0,0,1,1,1,0,1,1,0,0,0,0,0,0,0,0,0,0,0,0,1,0,0,1,0,1,0,1,0
45,24.7,1174.35,26.096666666666664,1,1,1,0,1,0,1,0,1,1,0,1,0,1,0,1,0,1,0,1,0,1,0,0,1,0,0,0,1
4,50.9,225.6,56.4,1,0,1,1,1,0,1,0,0,0,0,0,0,0,0,0,0,0,0,0,0,0,0,1,0,1,0,0,0
67,50.95,3521.7,52.56268656716418,1,0,1,0,0,1,0,0,0,0,1,0,1,0,0,0,1,0,0,0,1,0,1,1,0,0,0,0,1
3,34.25,139.35,46.449999999999996,0,0,0,0,0,1,0,0,0,0,1,0,0,0,0,0,1,0,0,0,0,0,0,0,0,0,1,0,0
61,94.35,5703.0,93.49180327868852,0,0,1,0,1,0,1,1,0,0,0,0,1,0,0,0,1,0,0,0,1,0,1,1,0,0,0,0,1
64,81.25,5567.55,86.99296875,1,0,0,0,1,0,1,0,0,0,1,0,1,0,1,0,1,0,1,0,0,1,0,0,0,1,0,0,1
22,19.6,422.5,19.204545454545453,1,0,0,0,1,0,0,0,1,1,0,1,0,1,0,1,0,1,0,1,0,1,0,0,0,0,1,1,0
4,55.9,238.5,59.625,1,0,0,0,1,0,0,0,0,0,0,0,0,0,0,0,0,0,0,0,1,0,0,1,0,1,0,0,0
52,80.85,4079.55,78.45288461538462,1,1,1,1,1,0,1,0,0,0,0,0,1,0,1,0,0,0,1,0,1,1,0,1,0,1,0,0,1
49,101.55,5070.4,103.47755102040816,0,1,0,0,1,0,1,1,0,0,1,0,0,0,0,0,0,0,1,0,1,0,0,0,1,0,0,0,1
53,108.95,5718.2,107.89056603773585,0,0,1,0,1,0,1,1,0,0,0,0,1,0,1,0,1,0,1,0,1,1,0,1,0,0,0,0,1
17,19.9,329.75,19.397058823529413,1,0,1,1,1,0,0,0,1,1,0,1,0,1,0,1,0,1,0,1,0,1,0,0,0,0,0,1,0
65,70.95,4555.2,70.08,1,1,1,0,1,0,0,1,0,0,0,0,0,0,0,0,0,0,0,0,0,1,0,1,0,0,0,0,1
34,105.1,3634.8,106.90588235294118,0,0,0,0,1,0,0,1,0,0,0,0,1,0,1,0,1,0,1,0,1,0,0,1,0,1,0,1,0
3,94.6,279.55,93.18333333333334,1,1,1,0,1,0,1,1,0,0,0,0,0,0,0,0,0,0,1,0,1,0,0,1,0,1,0,0,0
9,19.85,178.8,19.866666666666667,1,0,0,0,1,0,0,0,1,1,0,1,0,1,0,1,0,1,0,1,0,0,0,0,0,0,1,0,0
70,45.25,3264.45,46.635,1,1,0,0,0,1,0,0,0,0,0,0,0,0,0,0,0,0,1,0,1,1,0,1,0,1,0,0,1
72,115.8,8476.5,117.72916666666667,0,0,1,1,1,0,1,1,0,0,1,0,1,0,1,0,1,0,1,0,1,0,1,1,0,0,0,0,1
40,60.3,2448.5,61.2125,1,0,1,1,0,1,0,0,0,0,0,0,1,0,1,0,1,0,1,0,1,1,0,0,0,0,1,0,1
58,71.1,4299.2,74.12413793103448,0,0,0,0,1,0,1,0,0,0,1,0,1,0,1,0,1,0,0,0,0,1,0,1,1,0,0,0,1
3,29.7,91.7,30.566666666666666,0,0,1,1,0,1,0,0,0,0,1,0,0,0,0,0,0,0,0,0,0,0,0,0,1,0,0,0,0
1,50.75,50.75,50.75,1,0,0,0,1,0,0,0,0,0,1,0,0,0,0,0,0,0,0,0,0,0,0,1,0,0,1,0,0
48,26.3,1245.05,25.938541666666666,1,0,1,1,1,0,1,0,1,1,0,1,0,1,0,1,0,1,0,1,0,0,1,0,0,0,0,0,1
25,99.3,2513.5,100.54,1,0,0,0,1,0,0,1,0,0,0,0,0,0,1,0,1,0,1,0,1,0,1,0,0,0,0,1,0
49,107.95,5293.2,108.02448979591837,0,0,1,1,1,0,1,1,0,0,0,0,1,0,1,0,1,0,1,0,1,0,1,1,0,0,0,0,1
9,74.25,639.65,71.07222222222222,0,0,0,0,1,0,0,1,0,0,1,0,0,0,0,0,0,0,0,0,0,0,0,1,1,0,0,0,0
15,101.75,1669.4,111.29333333333334,0,0,1,0,1,0,0,1,0,0,1,0,0,0,1,0,0,0,1,0,1,0,0,0,0,1,0,1,0
66,74.6,4798.4,72.7030303030303,1,0,0,0,1,0,1,0,0,0,1,0,1,0,1,0,0,0,0,0,1,0,1,1,1,0,0,0,1
58,105.2,6225.4,107.33448275862068,0,0,1,1,1,0,1,1,0,0,0,0,1,0,1,0,0,0,1,0,1,1,0,1,1,0,0,0,1
43,71.9,3173.35,73.79883720930232,1,0,1,1,1,0,1,0,0,0,1,0,0,0,0,0,1,0,0,0,1,1,0,1,1,0,0,0,1
43,64.85,2908.2,67.63255813953488,0,0,1,0,1,0,1,0,0,0,0,0,0,0,0,0,1,0,1,0,0,1,0,1,0,0,0,0,1
47,75.45,3545.1,75.42765957446808,0,0,0,0,1,0,0,1,0,0,1,0,0,0,0,0,0,0,0,0,0,0,0,0,1,0,0,0,1
56,106.8,5914.4,105.61428571428571,0,0,0,0,1,0,1,1,0,0,0,0,1,0,1,0,0,0,1,0,1,1,0,1,0,1,0,0,1
72,48.9,3527.0,48.986111111111114,1,0,1,1,0,1,0,0,0,0,1,0,0,0,1,0,1,0,1,0,0,0,1,0,0,0,1,0,1
16,75.1,1212.85,75.803125,0,0,0,0,1,0,0,1,0,0,0,0,1,0,0,0,0,0,0,0,0,0,0,0,0,0,0,1,0
68,64.1,4326.25,63.62132352941177,0,0,1,0,1,0,0,0,0,0,0,0,1,0,0,0,1,0,1,0,0,0,1,0,0,0,0,0,1
15,20.55,295.95,19.73,0,0,1,1,1,0,0,0,1,1,0,1,0,1,0,1,0,1,0,1,0,1,0,0,0,0,1,1,0
66,54.65,3632.0,55.03030303030303,1,0,1,1,0,1,0,0,0,0,0,0,0,0,1,0,1,0,1,0,1,0,1,0,0,0,0,0,1
3,80.4,224.05,74.68333333333334,0,1,1,0,1,0,0,1,0,0,0,0,0,0,0,0,0,0,1,0,0,0,0,1,0,1,0,0,0
72,109.7,8129.3,112.90694444444445,0,0,1,1,1,0,1,1,0,0,1,0,1,0,1,0,0,0,1,0,1,0,1,0,1,0,0,0,1
27,20.35,531.6,19.68888888888889,1,0,0,0,1,0,0,0,1,1,0,1,0,1,0,1,0,1,0,1,0,0,1,0,1,0,0,1,0
3,19.65,60.65,20.216666666666665,0,0,1,1,1,0,0,0,1,1,0,1,0,1,0,1,0,1,0,1,0,0,0,0,0,0,1,0,0
22,79.35,1730.35,78.65227272727272,1,0,0,0,1,0,1,1,0,0,0,0,1,0,0,0,0,0,0,0,0,0,0,1,0,1,0,1,0
58,65.25,3791.6,65.37241379310345,0,0,1,0,1,0,0,0,0,0,1,0,1,0,0,0,0,0,1,0,0,0,0,1,1,0,0,0,1
72,23.3,1623.15,22.543750000000003,0,0,1,1,1,0,1,0,1,1,0,1,0,1,0,1,0,1,0,1,0,1,0,1,0,0,0,0,1
32,104.05,3416.85,106.7765625,0,0,0,0,1,0,1,1,0,0,0,0,1,0,1,0,0,0,1,0,1,1,0,1,1,0,0,1,0
9,65.6,593.3,65.92222222222222,0,0,1,1,1,0,0,0,0,0,0,0,1,0,0,0,1,0,1,0,0,1,0,1,0,0,1,0,0
8,56.3,401.5,50.1875,0,0,1,1,1,0,0,0,0,0,0,0,1,0,0,0,1,0,0,0,0,0,0,0,0,0,0,0,0
5,70.0,347.4,69.47999999999999,1,0,0,0,1,0,0,0,0,0,0,0,0,0,1,0,0,0,1,0,1,1,0,1,0,0,1,0,0
39,20.15,826.0,21.17948717948718,0,0,0,0,1,0,0,0,1,1,0,1,0,1,0,1,0,1,0,1,0,0,1,0,0,0,1,0,1
24,79.85,2001.0,83.375,1,0,0,0,1,0,0,1,0,0,0,0,0,0,0,0,0,0,0,0,1,0,0,1,1,0,0,1,0
23,24.35,538.5,23.41304347826087,1,0,1,1,1,0,1,0,1,1,0,1,0,1,0,1,0,1,0,1,0,1,0,0,0,0,1,1,0
8,85.2,695.75,86.96875,0,1,0,0,1,0,1,1,0,0,0,0,0,0,0,0,0,0,0,0,1,0,0,0,0,1,0,0,0
55,64.2,3627.3,65.9509090909091,1,0,0,0,1,0,0,0,0,0,0,0,1,0,0,0,1,0,0,0,1,1,0,1,0,1,0,0,1
1,68.5,68.5,68.5,1,0,1,1,1,0,0,1,0,0,0,0,0,0,0,0,0,0,0,0,0,0,0,1,0,1,0,0,0
23,60.0,1347.15,58.571739130434786,0,0,1,0,1,0,0,0,0,0,0,0,0,0,0,0,1,0,1,0,0,1,0,0,0,0,0,1,0
4,91.65,365.4,91.35,0,0,1,0,1,0,1,1,0,0,0,0,1,0,0,0,0,0,1,0,0,0,0,1,0,1,0,0,0
54,94.1,5060.9,93.72037037037036,0,0,0,0,1,0,0,1,0,0,0,0,0,0,1,0,0,0,1,0,1,1,0,1,1,0,0,0,1
65,95.45,6223.3,95.74307692307693,0,1,0,0,1,0,1,1,0,0,0,0,1,0,1,0,0,0,1,0,0,0,0,1,0,0,0,0,1
39,25.25,947.75,24.30128205128205,1,0,1,1,0,1,0,0,0,0,0,0,0,0,0,0,0,0,0,0,0,1,0,1,1,0,0,0,1
51,111.55,5720.35,112.16372549019609,1,0,1,0,1,0,1,1,0,0,1,0,0,0,1,0,1,0,1,0,1,1,0,1,0,1,0,0,1
16,63.05,1067.05,66.690625,0,0,0,0,1,0,1,0,0,0,0,0,0,0,0,0,0,0,0,0,1,0,0,1,0,0,0,1,0
37,95.15,3532.85,95.48243243243243,0,0,1,1,1,0,1,1,0,0,0,0,1,0,1,0,0,0,0,0,1,0,0,1,0,1,0,0,1
59,76.45,4519.5,76.60169491525424,0,0,1,1,1,0,1,0,0,0,1,0,0,0,1,0,1,0,1,0,0,0,1,1,0,0,1,0,1
48,104.5,5068.05,105.58437500000001,0,1,1,1,1,0,0,1,0,0,1,0,0,0,1,0,1,0,1,0,1,0,0,1,0,1,0,0,1
65,74.8,4820.15,74.15615384615384,1,0,1,1,1,0,0,0,0,0,1,0,0,0,0,0,1,0,1,0,1,0,1,1,0,0,0,0,1
24,19.9,533.5,22.229166666666668,0,0,1,1,1,0,0,0,1,1,0,1,0,1,0,1,0,1,0,1,0,1,0,0,0,0,1,1,0
8,66.05,574.5,71.8125,0,0,0,0,1,0,0,0,0,0,1,0,0,0,0,0,1,0,0,0,1,0,0,0,0,0,0,0,0
22,78.85,1600.25,72.73863636363636,1,0,0,0,1,0,1,1,0,0,0,0,1,0,0,0,0,0,0,0,0,0,0,1,0,0,1,1,0
10,62.25,612.95,61.295,1,0,0,0,1,0,0,0,0,0,1,0,0,0,0,0,1,0,1,0,0,0,0,0,0,0,0,0,0
65,109.15,6941.2,106.78769230769231,1,0,0,0,1,0,1,1,0,0,0,0,1,0,1,0,1,0,1,0,1,0,0,1,0,1,0,0,1
23,90.15,2044.95,88.9108695652174,0,0,1,0,1,0,1,1,0,0,0,0,0,0,1,0,0,0,0,0,1,0,0,0,0,0,1,1,0
27,53.45,1461.45,54.12777777777778,1,0,0,0,1,0,0,0,0,0,1,0,0,0,0,0,1,0,0,0,0,0,0,0,0,0,1,1,0
24,20.45,527.35,21.972916666666666,0,0,0,0,1,0,0,0,1,1,0,1,0,1,0,1,0,1,0,1,0,1,0,0,1,0,0,1,0
1,48.6,48.6,48.6,0,0,0,0,1,0,0,0,0,0,1,0,0,0,0,0,0,0,0,0,0,0,0,1,1,0,0,0,0
63,99.7,6330.4,100.48253968253968,1,0,1,0,1,0,0,1,0,0,1,0,0,0,1,0,0,0,1,0,1,0,1,0,1,0,0,0,1
60,60.5,3694.45,61.57416666666666,1,0,1,1,1,0,0,0,0,0,1,0,1,0,1,0,0,0,0,0,0,0,1,0,0,0,0,0,1
31,49.85,1520.1,49.03548387096774,0,0,0,0,0,1,0,0,0,0,1,0,1,0,0,0,1,0,0,0,1,0,1,1,0,0,0,1,0
72,53.65,3784.0,52.55555555555556,0,0,1,1,0,1,0,0,0,0,0,0,1,0,0,0,1,0,1,0,1,0,1,0,1,0,0,0,1
22,20.25,488.25,22.193181818181817,1,0,1,1,1,0,0,0,1,1,0,1,0,1,0,1,0,1,0,1,0,1,0,0,0,0,0,1,0
7,64.95,493.65,70.52142857142857,0,1,0,0,1,0,0,0,0,0,0,0,1,0,1,0,0,0,1,0,0,0,0,1,0,1,0,0,0
4,45.25,155.35,38.8375,1,0,1,1,1,0,0,0,0,0,0,0,0,0,0,0,0,0,0,0,0,0,0,0,0,0,1,0,0
5,25.45,134.75,26.95,0,0,0,0,1,0,1,0,1,1,0,1,0,1,0,1,0,1,0,1,0,0,0,0,0,0,1,0,0
23,79.1,1783.75,77.55434782608695,0,0,0,0,1,0,0,1,0,0,0,0,1,0,0,0,1,0,0,0,0,0,0,1,0,0,1,1,0
8,19.6,125.0,15.625,1,0,1,1,1,0,0,0,1,1,0,1,0,1,0,1,0,1,0,1,0,0,1,0,1,0,0,0,0
9,69.05,651.5,72.38888888888889,0,0,0,0,1,0,0,1,0,0,0,0,0,0,0,0,0,0,0,0,0,0,0,0,0,1,0,0,0
23,95.1,2326.05,101.13260869565218,0,1,1,0,1,0,0,1,0,0,1,0,0,0,0,0,0,0,1,0,1,0,0,1,0,1,0,1,0
72,69.85,5102.35,70.86597222222223,1,0,1,1,1,0,1,0,0,0,1,0,1,0,1,0,1,0,0,0,0,0,1,0,0,0,0,0,1
25,70.95,1767.35,70.694,1,0,0,0,1,0,0,1,0,0,0,0,0,0,0,0,0,0,0,0,0,0,0,0,0,0,1,1,0
15,30.2,469.65,31.31,1,0,1,1,0,1,0,0,0,0,1,0,0,0,0,0,0,0,0,0,0,0,0,1,0,0,0,1,0
7,54.85,370.4,52.91428571428571,1,0,0,0,1,0,0,0,0,0,0,0,0,0,0,0,0,0,1,0,0,0,0,0,0,0,1,0,0
1,53.55,53.55,53.55,0,0,0,0,1,0,0,0,0,0,0,0,0,0,0,0,0,0,1,0,0,0,0,1,0,0,1,0,0
7,95.6,644.35,92.05,1,1,1,0,1,0,1,1,0,0,0,0,0,0,0,0,0,0,1,0,1,0,0,1,0,0,0,0,0
48,99.7,4977.2,103.69166666666666,0,0,1,1,1,0,0,1,0,0,1,0,0,0,1,0,0,0,1,0,1,1,0,1,0,0,0,0,1
69,108.75,7493.05,108.59492753623189,0,0,1,1,1,0,1,1,0,0,0,0,1,0,1,0,1,0,1,0,1,1,0,1,0,0,0,0,1
56,104.55,5794.65,103.47589285714285,1,1,1,1,1,0,1,1,0,0,1,0,0,0,1,0,0,0,1,0,1,1,0,1,0,0,0,0,1
3,79.9,260.9,86.96666666666665,1,1,0,0,1,0,0,1,0,0,0,0,0,0,0,0,0,0,1,0,0,0,0,1,0,1,0,0,0
40,67.45,2731.0,68.275,1,0,0,0,1,0,0,0,0,0,1,0,0,0,1,0,0,0,0,0,1,0,0,0,0,1,0,0,1
6,19.55,124.45,20.741666666666667,0,0,0,0,1,0,0,0,1,1,0,1,0,1,0,1,0,1,0,1,0,0,1,0,0,0,1,0,0
61,106.6,6428.4,105.38360655737705,0,0,0,0,1,0,1,1,0,0,0,0,0,0,1,0,1,0,1,0,1,0,1,1,0,1,0,0,1
1,86.05,86.05,86.05,1,1,1,0,1,0,1,1,0,0,0,0,0,0,0,0,0,0,1,0,0,0,0,1,0,1,0,0,0
27,55.45,1477.65,54.72777777777778,1,0,0,0,1,0,0,0,0,0,1,0,1,0,0,0,0,0,0,0,0,1,0,0,0,0,0,1,0
43,86.45,3574.5,83.12790697674419,0,0,1,0,1,0,1,0,0,0,1,0,1,0,0,0,1,0,1,0,1,0,1,0,1,0,0,0,1
20,61.6,1174.35,58.717499999999994,0,1,0,0,1,0,1,0,0,0,0,0,0,0,0,0,0,0,0,0,1,0,0,1,0,0,1,1,0
17,92.6,1579.7,92.9235294117647,0,0,1,0,1,0,1,1,0,0,0,0,0,0,0,0,0,0,1,0,1,0,0,0,0,1,0,1,0
6,69.1,435.0,72.5,1,0,0,0,1,0,0,1,0,0,0,0,0,0,0,0,0,0,0,0,0,0,0,1,0,1,0,0,0
41,35.45,1391.65,33.94268292682927,0,0,1,0,0,1,0,0,0,0,0,0,1,0,0,0,1,0,0,0,0,1,0,0,0,0,1,0,1
1,79.9,79.9,79.9,1,0,0,0,1,0,0,1,0,0,0,0,0,0,0,0,0,0,0,0,1,0,0,0,0,1,0,0,0
1,69.6,69.6,69.6,0,0,0,0,1,0,0,1,0,0,0,0,0,0,0,0,0,0,0,0,0,0,0,1,0,1,0,0,0
13,25.15,331.85,25.52692307692308,1,0,0,0,0,1,0,0,0,0,0,0,0,0,0,0,0,0,0,0,0,0,0,1,0,0,0,1,0
52,105.0,5426.85,104.36250000000001,1,0,0,0,1,0,0,1,0,0,0,0,1,0,1,0,1,0,1,0,1,1,0,1,0,0,0,0,1
5,50.55,244.75,48.95,0,0,0,0,1,0,0,0,0,0,0,0,1,0,0,0,0,0,0,0,0,0,0,0,0,0,0,0,0
72,90.6,6441.85,89.4701388888889,1,0,1,1,1,0,1,0,0,0,1,0,1,0,1,0,1,0,1,0,1,0,1,1,1,0,0,0,1
25,54.1,1373.0,54.92,0,0,1,0,1,0,1,0,0,0,0,0,1,0,0,0,0,0,0,0,0,0,0,0,0,1,0,1,0
66,104.55,6779.05,102.7128787878788,0,0,0,0,1,0,1,1,0,0,1,0,1,0,1,0,1,0,1,0,0,1,0,1,0,0,0,0,1
56,24.8,1424.2,25.432142857142857,1,0,0,1,1,0,1,0,1,1,0,1,0,1,0,1,0,1,0,1,0,0,1,1,0,0,1,0,1
6,99.95,547.65,91.27499999999999,0,0,0,0,1,0,0,1,0,0,0,0,0,0,1,0,1,0,1,0,1,0,0,1,0,0,1,0,0
60,59.85,3590.2,59.836666666666666,0,0,1,1,0,1,0,0,0,0,1,0,0,0,1,0,1,0,1,0,1,0,1,0,1,0,0,0,1
48,99.0,4744.35,98.840625,1,1,0,0,1,0,1,1,0,0,0,0,1,0,0,0,0,0,1,0,1,1,0,1,0,1,0,0,1
27,54.75,1510.3,55.93703703703704,1,0,1,1,1,0,0,0,0,0,1,0,1,0,0,0,0,0,0,0,0,0,0,1,1,0,0,1,0
72,106.1,7548.6,104.84166666666667,1,0,1,1,1,0,1,1,0,0,1,0,1,0,1,0,1,0,1,0,0,0,1,1,1,0,0,0,1
38,66.15,2522.4,66.37894736842105,0,0,0,0,1,0,1,0,0,0,1,0,1,0,1,0,0,0,0,0,0,0,0,1,0,0,0,0,1
4,100.2,420.2,105.05,1,0,1,0,1,0,1,1,0,0,0,0,1,0,0,0,0,0,1,0,1,0,0,1,0,1,0,0,0
4,19.55,68.8,17.2,1,0,1,1,1,0,0,0,1,1,0,1,0,1,0,1,0,1,0,1,0,0,1,0,1,0,0,0,0
42,94.45,3923.8,93.42380952380952,0,0,1,1,1,0,1,1,0,0,1,0,1,0,0,0,0,0,1,0,0,1,0,1,1,0,0,0,1
46,94.9,4422.95,96.15108695652174,1,0,0,0,1,0,1,1,0,0,0,0,1,0,1,0,0,0,1,0,0,1,0,1,1,0,0,0,1
40,42.35,1716.45,42.91125,1,0,1,0,0,1,0,0,0,0,1,0,1,0,1,0,0,0,0,0,0,1,0,1,0,1,0,0,1
31,81.15,2545.75,82.12096774193549,0,0,1,1,1,0,0,0,0,0,1,0,0,0,1,0,1,0,1,0,1,1,0,1,0,0,1,1,0
30,107.5,3242.5,108.08333333333333,0,0,1,1,1,0,1,1,0,0,0,0,1,0,1,0,1,0,1,0,1,0,0,1,0,1,0,1,0
13,65.85,902.25,69.40384615384616,1,0,1,0,1,0,1,0,0,0,1,0,0,0,0,0,0,0,0,0,1,0,0,1,0,1,0,1,0
14,19.65,228.65,16.33214285714286,1,1,1,0,1,0,0,0,1,1,0,1,0,1,0,1,0,1,0,1,0,1,0,0,0,0,1,1,0
10,19.3,185.2,18.52,0,0,0,0,1,0,0,0,1,1,0,1,0,1,0,1,0,1,0,1,0,1,0,1,0,0,1,0,0
30,69.1,2093.9,69.79666666666667,1,1,0,0,1,0,1,0,0,0,0,0,0,0,1,0,1,0,1,0,0,0,1,1,1,0,0,1,0
35,91.0,3180.5,90.87142857142857,1,1,0,0,1,0,1,1,0,0,1,0,0,0,0,0,0,0,0,0,1,0,0,0,1,0,0,1,0
32,79.25,2619.15,81.8484375,1,0,1,0,1,0,1,1,0,0,0,0,0,0,0,0,1,0,0,0,0,1,0,1,0,1,0,1,0
2,75.7,189.2,94.6,1,0,0,0,1,0,0,1,0,0,1,0,0,0,0,0,0,0,0,0,0,0,0,1,0,1,0,0,0
35,19.9,666.0,19.02857142857143,1,0,1,1,1,0,0,0,1,1,0,1,0,1,0,1,0,1,0,1,0,1,0,0,0,1,0,1,0
27,100.75,2793.55,103.46481481481482,1,0,1,1,1,0,1,1,0,0,1,0,1,0,0,0,1,0,1,0,0,0,0,0,0,1,0,1,0
72,24.75,1859.1,25.820833333333333,1,0,1,1,1,0,1,0,1,1,0,1,0,1,0,1,0,1,0,1,0,0,1,0,1,0,0,0,1
1,19.2,19.2,19.2,1,0,0,1,1,0,0,0,1,1,0,1,0,1,0,1,0,1,0,1,0,0,0,1,0,0,1,0,0
1,43.95,43.95,43.95,0,0,0,0,1,0,0,0,0,0,0,0,0,0,0,0,0,0,0,0,0,0,0,0,0,0,1,0,0
64,100.3,6603.8,103.184375,1,0,0,0,1,0,0,1,0,0,1,0,1,0,0,0,0,0,1,0,1,1,0,1,1,0,0,0,1
19,56.1,1033.9,54.415789473684214,0,0,0,0,1,0,1,0,0,0,0,0,0,0,1,0,0,0,0,0,0,0,0,1,0,0,1,1,0
4,49.4,184.4,46.1,1,0,0,1,1,0,0,0,0,0,1,0,0,0,0,0,0,0,0,0,0,0,0,1,0,1,0,0,0
1,69.6,69.6,69.6,1,0,0,0,1,0,0,1,0,0,0,0,0,0,0,0,0,0,0,0,0,0,0,1,0,1,0,0,0
34,65.0,2157.5,63.455882352941174,0,0,0,0,1,0,1,0,0,0,0,0,0,0,0,0,1,0,1,0,0,0,0,0,0,0,1,1,0
72,49.2,3580.95,49.735416666666666,0,0,1,0,0,1,0,0,0,0,1,0,1,0,1,0,0,0,0,0,1,0,1,1,0,1,0,0,1
70,116.55,8152.3,116.46142857142857,1,0,1,1,1,0,1,1,0,0,1,0,1,0,1,0,1,0,1,0,1,0,1,1,1,0,0,0,1
66,66.9,4370.25,66.2159090909091,0,0,1,0,1,0,1,0,0,0,1,0,1,0,1,0,0,0,0,0,0,0,1,0,0,0,0,0,1
69,108.4,7318.2,106.06086956521739,1,1,1,0,1,0,1,1,0,0,0,0,1,0,1,0,1,0,1,0,1,0,1,1,0,0,0,0,1
15,64.85,950.75,63.38333333333333,1,0,0,1,1,0,0,0,0,0,1,0,0,0,1,0,0,0,0,0,1,1,0,0,0,0,1,1,0
70,111.15,7737.55,110.53642857142857,0,0,0,0,1,0,1,1,0,0,1,0,1,0,1,0,0,0,1,0,1,0,1,1,0,0,1,0,1
66,25.15,1683.6,25.509090909090908,0,0,0,0,1,0,1,0,1,1,0,1,0,1,0,1,0,1,0,1,0,0,1,1,1,0,0,0,1
42,84.65,3541.35,84.31785714285714,0,1,0,0,1,0,1,1,0,0,0,0,0,0,0,0,0,0,1,0,0,0,0,1,0,1,0,0,1
3,80.7,239.45,79.81666666666666,0,0,1,1,1,0,0,1,0,0,0,0,0,0,0,0,0,0,1,0,0,0,0,1,0,1,0,0,0
31,103.45,3066.45,98.91774193548386,1,0,0,0,1,0,1,1,0,0,0,0,1,0,1,0,0,0,1,0,1,1,0,1,0,1,0,1,0
42,54.75,2348.45,55.915476190476184,0,0,0,0,0,1,0,0,0,0,1,0,1,0,1,0,1,0,0,0,1,1,0,1,0,1,0,0,1
3,98.7,293.65,97.88333333333333,1,0,0,0,1,0,0,1,0,0,0,0,0,0,1,0,1,0,1,0,1,0,0,1,0,1,0,0,0
63,20.5,1328.15,21.081746031746032,1,0,0,0,1,0,0,0,1,1,0,1,0,1,0,1,0,1,0,1,0,1,0,0,0,0,1,0,1
50,20.55,1067.65,21.353,1,0,1,0,1,0,0,0,1,1,0,1,0,1,0,1,0,1,0,1,0,0,1,0,0,0,1,0,1
1,69.9,69.9,69.9,1,0,0,0,1,0,0,1,0,0,0,0,0,0,0,0,0,0,0,0,0,0,0,1,0,1,0,0,0
64,96.9,6314.35,98.66171875,0,0,1,0,1,0,0,1,0,0,1,0,0,0,0,0,1,0,1,0,1,1,0,1,0,0,1,0,1
17,64.8,1175.6,69.15294117647058,1,0,1,0,1,0,0,0,0,0,1,0,1,0,0,0,0,0,0,0,1,1,0,0,0,0,1,1,0
48,55.8,2651.2,55.23333333333333,1,0,1,1,1,0,0,0,0,0,0,0,1,0,1,0,0,0,0,0,0,1,0,1,1,0,0,0,1
38,60.0,2193.2,57.715789473684204,1,0,1,0,0,1,0,0,0,0,1,0,1,0,0,0,1,0,1,0,1,0,1,1,0,0,0,0,1
15,55.2,864.55,57.63666666666666,1,0,0,1,1,0,0,0,0,0,0,0,0,0,1,0,1,0,0,0,0,1,0,0,1,0,0,1,0
28,70.4,1992.2,71.15,0,0,1,1,1,0,0,1,0,0,0,0,0,0,0,0,0,0,0,0,0,1,0,1,0,0,0,1,0
72,111.95,8033.1,111.57083333333334,1,0,1,1,1,0,0,1,0,0,1,0,1,0,1,0,1,0,1,0,1,0,1,0,0,0,0,0,1
42,48.15,2032.3,48.38809523809524,1,0,1,1,0,1,0,0,0,0,1,0,0,0,1,0,1,0,1,0,0,0,1,0,1,0,0,0,1
1,20.5,20.5,20.5,0,0,0,0,1,0,0,0,1,1,0,1,0,1,0,1,0,1,0,1,0,0,0,0,0,0,1,0,0
31,86.55,2697.4,87.01290322580645,0,0,0,1,1,0,1,1,0,0,0,0,0,0,0,0,0,0,1,0,0,0,0,1,1,0,0,1,0
44,30.35,1359.7,30.902272727272727,1,1,1,0,0,1,0,0,0,0,0,0,1,0,0,0,0,0,0,0,0,0,0,1,0,1,0,0,1
11,53.8,651.55,59.23181818181818,0,0,0,0,1,0,0,0,0,0,0,0,0,0,1,0,1,0,0,0,0,1,0,0,0,0,0,0,0
6,55.0,340.4,56.73333333333333,0,0,0,0,1,0,0,0,0,0,0,0,0,0,0,0,0,0,0,0,1,0,0,1,0,1,0,0,0
68,101.35,7110.75,104.56985294117646,1,0,0,0,1,0,1,1,0,0,1,0,1,0,1,0,0,0,1,0,0,1,0,0,0,0,0,0,1
62,81.45,4983.05,80.37177419354839,1,0,1,1,1,0,0,1,0,0,1,0,1,0,0,0,0,0,0,0,0,1,0,1,1,0,0,0,1
21,103.9,2254.2,107.34285714285713,0,0,1,0,1,0,1,1,0,0,1,0,0,0,1,0,0,0,1,0,1,0,0,1,0,1,0,1,0
0,73.35,0.0,73.35,0,0,1,1,1,0,1,0,0,0,0,0,1,0,1,0,1,0,1,0,0,0,1,0,0,0,1,0,0
9,83.85,790.15,87.79444444444444,1,1,0,0,1,0,1,1,0,0,0,0,0,0,0,0,0,0,0,0,1,0,0,1,0,1,0,0,0
69,112.55,7806.5,113.1376811594203,1,0,1,0,1,0,1,1,0,0,1,0,1,0,1,0,1,0,1,0,1,0,1,1,0,0,0,0,1
7,20.75,141.1,20.157142857142855,1,0,0,0,1,0,0,0,1,1,0,1,0,1,0,1,0,1,0,1,0,0,0,0,0,0,1,0,0
67,111.25,7511.65,112.1141791044776,0,0,1,0,1,0,1,1,0,0,1,0,0,0,1,0,1,0,1,0,1,1,0,1,0,1,0,0,1
45,54.15,2319.8,51.55111111111111,0,0,1,1,1,0,0,0,0,0,0,0,1,0,0,0,1,0,0,0,0,1,0,1,1,0,0,0,1
17,94.8,1563.9,91.99411764705883,1,1,1,0,1,0,1,1,0,0,0,0,0,0,0,0,0,0,1,0,1,0,0,1,0,1,0,1,0
35,21.1,741.0,21.17142857142857,0,0,0,0,1,0,0,0,1,1,0,1,0,1,0,1,0,1,0,1,0,1,0,0,0,0,1,1,0
3,86.85,220.95,73.64999999999999,0,1,0,0,1,0,0,1,0,0,0,0,0,0,1,0,0,0,1,0,0,0,0,1,0,1,0,0,0
12,86.55,1066.9,88.90833333333335,0,0,0,0,1,0,1,1,0,0,0,0,0,0,0,0,0,0,0,0,1,0,0,1,0,1,0,0,0
34,25.05,852.7,25.079411764705885,1,0,0,0,0,1,0,0,0,0,0,0,0,0,0,0,0,0,0,0,0,0,0,1,0,0,0,1,0
56,105.6,6068.65,108.36874999999999,0,0,1,0,1,0,0,1,0,0,1,0,1,0,1,0,0,0,1,0,1,1,0,1,1,0,0,0,1
7,89.0,605.45,86.49285714285715,1,1,1,0,1,0,0,1,0,0,0,0,0,0,0,0,0,0,1,0,1,0,0,1,0,1,0,0,0
1,25.7,25.7,25.7,0,0,0,0,1,0,1,0,1,1,0,1,0,1,0,1,0,1,0,1,0,0,0,1,0,1,0,0,0
53,20.25,1048.45,19.782075471698114,0,0,0,0,1,0,0,0,1,1,0,1,0,1,0,1,0,1,0,1,0,0,1,0,0,0,1,0,1
42,105.2,4599.15,109.50357142857142,0,1,1,0,1,0,1,1,0,0,1,0,0,0,1,0,0,0,1,0,1,1,0,1,0,0,0,0,1
52,91.25,4738.3,91.12115384615385,1,0,0,0,1,0,0,1,0,0,1,0,0,0,1,0,0,0,1,0,0,1,0,0,0,1,0,0,1
72,117.15,8529.5,118.46527777777777,0,0,1,0,1,0,1,1,0,0,1,0,1,0,1,0,1,0,1,0,1,0,1,1,1,0,0,0,1
2,24.4,36.55,18.275,0,0,1,1,0,1,0,0,0,0,0,0,0,0,0,0,0,0,0,0,0,0,0,1,0,0,1,0,0
2,79.55,151.75,75.875,0,0,0,0,1,0,1,1,0,0,0,0,1,0,0,0,0,0,0,0,0,0,0,0,0,1,0,0,0
52,101.25,5301.1,101.94423076923077,0,0,1,1,1,0,1,1,0,0,0,0,0,0,1,0,0,0,1,0,1,1,0,0,0,0,0,0,1
6,25.1,171.0,28.5,1,0,1,0,1,0,1,0,1,1,0,1,0,1,0,1,0,1,0,1,0,1,0,0,0,0,1,0,0
72,115.8,8332.15,115.72430555555555,1,0,1,0,1,0,1,1,0,0,1,0,1,0,1,0,1,0,1,0,1,0,1,0,1,0,0,0,1
1,91.3,91.3,91.3,0,1,0,0,1,0,0,1,0,0,0,0,0,0,0,0,0,0,1,0,1,0,0,1,0,1,0,0,0
50,109.65,5551.15,111.023,0,0,0,0,1,0,1,1,0,0,1,0,1,0,0,0,1,0,1,0,1,0,1,1,0,1,0,0,1
68,82.45,5646.6,83.03823529411765,0,0,0,0,1,0,0,0,0,0,1,0,1,0,1,0,1,0,1,0,1,0,1,1,1,0,0,0,1
1,69.15,69.15,69.15,1,0,1,0,1,0,0,1,0,0,0,0,0,0,0,0,0,0,0,0,0,0,0,1,0,1,0,0,0
3,60.65,196.9,65.63333333333334,1,0,0,0,1,0,0,0,0,0,0,0,0,0,0,0,1,0,0,0,1,0,0,0,0,0,1,0,0
22,59.75,1374.35,62.470454545454544,1,0,1,0,1,0,0,0,0,0,1,0,0,0,0,0,0,0,1,0,0,1,0,1,0,0,0,1,0
72,79.5,5661.7,78.63472222222222,0,0,1,1,1,0,1,0,0,0,1,0,1,0,1,0,1,0,0,0,1,0,1,1,0,0,0,0,1
64,19.8,1336.65,20.88515625,0,0,1,1,1,0,0,0,1,1,0,1,0,1,0,1,0,1,0,1,0,1,0,0,0,0,0,0,1
6,20.6,116.6,19.433333333333334,1,0,0,0,1,0,0,0,1,1,0,1,0,1,0,1,0,1,0,1,0,1,0,0,0,0,1,0,0
68,19.95,1303.25,19.165441176470587,1,0,1,1,1,0,0,0,1,1,0,1,0,1,0,1,0,1,0,1,0,0,1,1,0,0,0,0,1
66,104.25,6860.6,103.94848484848485,1,0,0,0,1,0,1,1,0,0,0,0,1,0,0,0,1,0,1,0,1,1,0,1,0,1,0,0,1
1,78.45,78.45,78.45,0,1,0,0,1,0,0,1,0,0,0,0,0,0,0,0,0,0,1,0,0,0,0,0,0,1,0,0,0
6,89.5,573.3,95.55,0,0,0,0,1,0,0,1,0,0,0,0,0,0,0,0,0,0,1,0,1,0,0,1,0,1,0,0,0
3,70.4,204.7,68.23333333333333,0,1,0,0,1,0,0,1,0,0,0,0,0,0,0,0,0,0,0,0,0,0,0,1,0,1,0,0,0
34,116.25,3899.05,114.6779411764706,1,0,0,0,1,0,1,1,0,0,1,0,1,0,1,0,1,0,1,0,1,1,0,0,1,0,0,1,0
60,97.2,5611.75,93.52916666666667,0,0,1,0,1,0,0,1,0,0,1,0,0,0,0,0,1,0,1,0,1,0,1,1,0,1,0,0,1
10,80.25,846.0,84.6,0,0,0,0,1,0,0,1,0,0,0,0,0,0,0,0,0,0,0,0,1,0,0,1,0,0,0,0,0
49,25.25,1211.65,24.727551020408164,0,0,1,1,1,0,1,0,1,1,0,1,0,1,0,1,0,1,0,1,0,0,1,0,0,0,1,0,1
48,73.85,3581.4,74.6125,0,0,0,0,1,0,1,0,0,0,0,0,1,0,1,0,1,0,1,0,0,1,0,1,0,0,0,0,1
14,39.7,692.35,49.45357142857143,0,1,0,0,0,1,0,0,0,0,1,0,0,0,1,0,1,0,0,0,0,0,1,0,0,0,1,1,0
68,80.35,5589.3,82.19558823529412,1,1,1,0,1,0,1,1,0,0,0,0,0,0,1,0,0,0,0,0,0,0,0,1,1,0,0,0,1
37,40.2,1478.85,39.96891891891892,0,0,0,0,0,1,0,0,0,0,0,0,0,0,1,0,0,0,0,0,1,0,0,1,1,0,0,0,1
69,113.25,7895.15,114.42246376811593,0,0,1,1,1,0,1,1,0,0,1,0,1,0,1,0,1,0,1,0,1,0,1,0,1,0,0,0,1
13,35.4,450.4,34.646153846153844,0,0,0,0,0,1,0,0,0,0,0,0,0,0,1,0,1,0,0,0,0,0,1,0,0,0,1,1,0
8,19.45,159.2,19.9,1,0,0,1,1,0,0,0,1,1,0,1,0,1,0,1,0,1,0,1,0,0,0,0,0,0,0,0,0
13,72.8,930.05,71.54230769230769,1,0,1,1,1,0,1,0,0,0,0,0,1,0,1,0,1,0,1,0,0,0,0,1,0,1,0,1,0
57,59.75,3450.15,60.52894736842106,1,0,1,0,1,0,0,0,0,0,1,0,1,0,0,0,1,0,0,0,0,0,1,1,0,1,0,0,1
72,89.85,6562.9,91.15138888888889,1,0,1,1,1,0,1,0,0,0,1,0,1,0,1,0,1,0,1,0,1,0,1,0,1,0,0,0,1
8,19.05,201.7,25.2125,0,0,1,1,1,0,0,0,1,1,0,1,0,1,0,1,0,1,0,1,0,0,1,0,0,0,1,0,0
45,53.3,2296.25,51.02777777777778,1,0,1,0,1,0,0,0,0,0,1,0,0,0,1,0,0,0,0,0,0,0,1,0,1,0,0,0,1
21,43.55,1011.5,48.166666666666664,1,0,0,0,0,1,0,0,0,0,1,0,0,0,0,0,1,0,1,0,0,0,0,1,0,0,1,1,0
39,40.6,1494.5,38.32051282051282,1,0,0,0,0,1,0,0,0,0,0,0,0,0,0,0,1,0,0,0,1,0,0,1,0,1,0,0,1
15,24.8,324.15,21.61,1,0,0,1,1,0,1,0,1,1,0,1,0,1,0,1,0,1,0,1,0,0,0,1,0,1,0,1,0
54,63.35,3409.1,63.13148148148148,1,0,1,1,1,0,1,0,0,0,0,0,0,0,1,0,0,0,0,0,1,0,1,0,1,0,0,0,1
60,89.55,5231.2,87.18666666666667,1,0,0,0,1,0,1,1,0,0,0,0,0,0,1,0,0,0,1,0,0,0,1,1,0,1,0,0,1
2,45.25,85.5,42.75,0,0,0,0,0,1,0,0,0,0,0,0,0,0,0,0,0,0,1,0,1,0,0,1,0,1,0,0,0
37,90.35,3419.3,92.41351351351352,1,0,1,0,1,0,0,1,0,0,0,0,0,0,1,0,1,0,0,0,1,0,0,1,0,1,0,0,1
12,54.2,690.5,57.541666666666664,0,0,1,0,1,0,0,0,0,0,1,0,0,0,0,0,1,0,0,0,0,0,0,0,0,0,0,0,0
30,106.4,3211.9,107.06333333333333,0,0,0,0,1,0,1,1,0,0,1,0,0,0,0,0,1,0,1,0,1,0,0,0,0,0,0,1,0
61,106.2,6375.2,104.51147540983607,1,0,1,0,1,0,1,1,0,0,1,0,1,0,0,0,0,0,1,0,1,0,0,1,0,1,0,0,1
72,64.8,4732.35,65.72708333333334,1,1,1,1,0,1,0,0,0,0,1,0,1,0,1,0,1,0,1,0,1,0,1,1,0,0,0,0,1
1,20.2,20.2,20.2,1,0,1,1,1,0,0,0,1,1,0,1,0,1,0,1,0,1,0,1,0,1,0,1,0,1,0,0,0
38,95.0,3591.25,94.50657894736842,0,1,1,0,1,0,1,1,0,0,1,0,1,0,0,0,0,0,0,0,1,1,0,0,1,0,0,0,1
25,65.8,1679.65,67.186,0,0,0,0,1,0,0,0,0,0,0,0,1,0,0,0,1,0,0,0,1,0,0,1,0,0,0,1,0
71,24.65,1710.15,24.086619718309862,0,0,1,0,1,0,1,0,1,1,0,1,0,1,0,1,0,1,0,1,0,0,1,1,0,0,0,0,1
26,20.25,493.95,18.998076923076923,0,0,1,1,1,0,0,0,1,1,0,1,0,1,0,1,0,1,0,1,0,0,0,1,1,0,0,1,0
20,89.1,1879.25,93.9625,0,0,0,0,1,0,1,1,0,0,1,0,0,0,0,0,0,0,1,0,0,0,0,1,0,0,0,1,0
28,94.5,2659.4,94.97857142857143,1,0,0,0,1,0,1,1,0,0,1,0,1,0,0,0,0,0,0,0,1,0,0,1,1,0,0,1,0
31,93.8,2939.8,94.83225806451614,1,0,1,0,1,0,0,1,0,0,0,0,0,0,1,0,0,0,1,0,1,1,0,1,0,1,0,1,0
32,96.15,3019.25,94.3515625,1,1,0,0,1,0,1,1,0,0,0,0,0,0,0,0,0,0,1,0,1,0,0,1,1,0,0,1,0
13,35.1,446.1,34.315384615384616,0,0,0,0,0,1,0,0,0,0,0,0,0,0,0,0,0,0,0,0,1,0,0,1,0,1,0,1,0
15,26.35,378.6,25.240000000000002,1,0,0,0,1,0,1,0,1,1,0,1,0,1,0,1,0,1,0,1,0,0,0,1,0,1,0,1,0
60,39.6,2424.5,40.40833333333333,1,0,0,0,0,1,0,0,0,0,1,0,1,0,1,0,0,0,0,0,0,0,1,0,0,0,0,0,1
3,75.25,242.0,80.66666666666667,0,0,0,0,1,0,1,1,0,0,0,0,0,0,0,0,0,0,0,0,0,0,0,0,0,1,0,0,0
54,100.05,5299.65,98.14166666666667,0,0,0,0,1,0,0,1,0,0,1,0,1,0,0,0,0,0,1,0,1,1,0,1,1,0,0,0,1
3,19.1,52.0,17.333333333333332,0,0,1,1,1,0,0,0,1,1,0,1,0,1,0,1,0,1,0,1,0,0,1,0,0,0,1,0,0
9,71.0,672.55,74.72777777777777,0,0,0,0,1,0,0,1,0,0,0,0,0,0,0,0,0,0,0,0,0,0,0,0,0,1,0,0,0
17,104.2,1743.5,102.55882352941177,0,0,1,1,1,0,1,1,0,0,1,0,0,0,1,0,0,0,1,0,1,0,0,1,0,1,0,1,0
15,96.3,1426.75,95.11666666666666,0,1,0,0,1,0,0,1,0,0,1,0,0,0,1,0,1,0,0,0,1,0,0,1,0,0,1,1,0
19,25.6,485.9,25.573684210526313,0,0,1,1,1,0,1,0,1,1,0,1,0,1,0,1,0,1,0,1,0,0,1,0,0,0,1,1,0
4,85.95,381.3,95.325,0,0,1,1,1,0,1,1,0,0,0,0,0,0,0,0,0,0,0,0,1,0,0,1,0,1,0,0,0
1,79.35,79.35,79.35,0,0,0,1,1,0,0,1,0,0,0,0,0,0,0,0,0,0,1,0,0,0,0,1,0,1,0,0,0
72,60.95,4549.05,63.181250000000006,1,0,1,1,0,1,0,0,0,0,1,0,0,0,1,0,1,0,1,0,1,0,1,0,0,0,0,0,1
25,55.1,1466.1,58.644,1,0,1,1,1,0,1,0,0,0,0,0,0,0,0,0,1,0,0,0,0,1,0,1,0,0,1,1,0
9,76.25,684.85,76.09444444444445,1,0,0,0,1,0,1,1,0,0,0,0,0,0,0,0,0,0,0,0,0,0,0,1,0,1,0,0,0
5,20.5,104.3,20.86,0,0,0,0,1,0,0,0,1,1,0,1,0,1,0,1,0,1,0,1,0,0,0,1,0,0,1,0,0
61,33.6,2117.2,34.708196721311474,1,0,1,1,0,1,0,0,0,0,1,0,0,0,1,0,0,0,0,0,0,0,0,0,0,0,0,0,1
71,104.1,7412.25,104.39788732394366,0,0,1,0,1,0,1,1,0,0,1,0,0,0,1,0,0,0,1,0,1,1,0,1,1,0,0,0,1
60,19.25,1103.25,18.3875,0,0,1,1,1,0,0,0,1,1,0,1,0,1,0,1,0,1,0,1,0,0,1,1,1,0,0,0,1
55,59.2,3175.85,57.74272727272727,1,0,0,0,1,0,0,0,0,0,1,0,0,0,1,0,1,0,0,0,0,0,1,1,0,1,0,0,1
60,74.85,4456.35,74.27250000000001,0,1,1,1,1,0,0,0,0,0,1,0,1,0,1,0,1,0,0,0,1,1,0,1,1,0,0,0,1
30,85.35,2530.4,84.34666666666666,0,0,0,0,1,0,0,0,0,0,1,0,1,0,1,0,1,0,1,0,1,1,0,0,0,0,0,1,0
41,113.6,4594.95,112.07195121951219,0,0,1,0,1,0,1,1,0,0,1,0,1,0,1,0,1,0,1,0,1,0,0,1,0,0,0,0,1
11,54.6,617.85,56.16818181818182,0,0,0,0,1,0,0,0,0,0,1,0,0,0,0,0,1,0,0,0,0,1,0,1,0,0,1,0,0
38,70.15,2497.35,65.71973684210526,1,1,0,0,1,0,0,0,0,0,0,0,1,0,1,0,1,0,1,0,0,1,0,1,1,0,0,0,1
2,43.95,85.1,42.55,0,1,0,0,1,0,0,0,0,0,0,0,0,0,0,0,0,0,0,0,0,0,0,0,0,1,0,0,0
72,97.75,6991.6,97.10555555555555,1,0,1,1,1,0,1,1,0,0,1,0,1,0,0,0,1,0,0,0,1,0,1,1,1,0,0,0,1
41,101.6,3930.55,95.86707317073171,0,0,1,1,1,0,1,1,0,0,1,0,1,0,1,0,0,0,0,0,1,1,0,1,0,0,0,0,1
1,93.85,93.85,93.85,0,0,0,0,1,0,1,1,0,0,0,0,0,0,0,0,0,0,1,0,1,0,0,1,0,1,0,0,0
2,20.4,42.9,21.45,1,0,0,1,1,0,0,0,1,1,0,1,0,1,0,1,0,1,0,1,0,0,0,0,0,0,1,0,0
47,99.35,4749.15,101.04574468085106,1,0,1,1,1,0,1,1,0,0,0,0,1,0,0,0,0,0,1,0,1,0,0,1,0,1,0,0,1
11,95.0,1120.3,101.84545454545454,0,1,0,0,1,0,0,1,0,0,0,0,1,0,0,0,0,0,1,0,1,0,0,1,0,1,0,0,0
1,24.4,24.4,24.4,1,0,0,0,0,1,0,0,0,0,0,0,0,0,0,0,0,0,0,0,0,0,0,1,0,1,0,0,0
5,19.45,86.05,17.21,1,0,1,1,1,0,0,0,1,1,0,1,0,1,0,1,0,1,0,1,0,0,0,0,0,0,1,0,0
60,50.05,2911.5,48.525,0,0,1,0,0,1,0,0,0,0,1,0,1,0,1,0,0,0,0,0,1,1,0,0,0,1,0,0,1
50,19.4,1023.95,20.479,0,0,0,0,1,0,0,0,1,1,0,1,0,1,0,1,0,1,0,1,0,0,1,0,1,0,0,0,1
56,86.4,4922.4,87.89999999999999,1,0,0,0,1,0,1,1,0,0,1,0,1,0,0,0,0,0,0,0,0,0,0,1,0,1,0,0,1
38,83.9,3233.6,85.09473684210526,0,0,0,0,1,0,0,1,0,0,1,0,1,0,1,0,0,0,0,0,0,0,0,1,1,0,0,0,1
54,109.55,6118.95,113.31388888888888,1,0,1,0,1,0,1,1,0,0,1,0,1,0,1,0,0,0,1,0,1,0,0,0,0,1,0,0,1
48,106.1,5082.8,105.89166666666667,1,0,0,0,1,0,1,1,0,0,0,0,1,0,1,0,0,0,1,0,1,1,0,1,1,0,0,0,1
4,85.65,338.9,84.725,1,0,0,0,1,0,1,1,0,0,0,0,0,0,0,0,0,0,0,0,1,0,0,1,0,1,0,0,0
1,75.35,75.35,75.35,1,0,1,0,1,0,0,1,0,0,0,0,0,0,1,0,0,0,0,0,0,0,0,0,1,0,0,0,0
28,110.85,3204.4,114.44285714285715,0,1,1,0,1,0,1,1,0,0,0,0,1,0,1,0,1,0,1,0,1,0,0,1,0,1,0,1,0
10,98.55,1008.55,100.85499999999999,1,0,0,0,1,0,1,1,0,0,1,0,0,0,0,0,0,0,1,0,1,0,0,0,0,1,0,0,0
18,19.8,342.3,19.016666666666666,1,0,1,1,1,0,0,0,1,1,0,1,0,1,0,1,0,1,0,1,0,1,0,0,0,0,0,1,0
67,104.6,6885.75,102.7723880597015,1,0,1,1,1,0,1,1,0,0,1,0,0,0,0,0,1,0,1,0,1,0,1,0,0,0,0,0,1
1,70.3,70.3,70.3,1,0,0,0,1,0,0,1,0,0,0,0,0,0,0,0,0,0,0,0,0,0,0,1,0,1,0,0,0
66,65.85,4097.05,62.07651515151515,1,0,1,1,1,0,0,0,0,0,1,0,1,0,1,0,1,0,0,0,0,0,1,0,0,0,1,0,1
9,68.95,593.85,65.98333333333333,1,0,1,0,1,0,0,0,0,0,1,0,1,0,0,0,1,0,1,0,0,0,0,1,0,0,1,0,0
68,101.05,6770.5,99.56617647058823,1,0,1,1,1,0,1,1,0,0,0,0,1,0,0,0,0,0,1,0,1,1,0,1,1,0,0,0,1
57,74.6,4368.95,76.64824561403509,0,0,1,0,1,0,1,0,0,0,0,0,1,0,1,0,1,0,1,0,0,1,0,0,0,0,0,0,1
14,91.65,1301.0,92.92857142857143,0,0,1,1,1,0,1,1,0,0,0,0,0,0,0,0,1,0,1,0,0,0,0,1,0,1,0,1,0
66,116.25,7862.25,119.125,1,1,1,1,1,0,1,1,0,0,1,0,1,0,1,0,1,0,1,0,1,1,0,1,0,1,0,0,1
35,23.3,797.1,22.774285714285714,0,0,0,0,1,0,1,0,1,1,0,1,0,1,0,1,0,1,0,1,0,0,1,0,0,0,0,1,0
3,76.05,231.8,77.26666666666667,1,1,0,0,1,0,1,1,0,0,0,0,0,0,0,0,0,0,0,0,0,0,0,1,0,1,0,0,0
22,56.25,1292.2,58.73636363636364,1,0,1,0,1,0,0,0,0,0,1,0,0,0,0,0,1,0,0,0,0,1,0,1,1,0,0,1,0
37,20.3,755.4,20.416216216216217,0,0,0,1,1,0,0,0,1,1,0,1,0,1,0,1,0,1,0,1,0,1,0,0,0,0,0,0,1
27,25.85,788.55,29.205555555555552,1,0,0,1,1,0,1,0,1,1,0,1,0,1,0,1,0,1,0,1,0,0,1,1,1,0,0,1,0
8,30.45,226.45,28.30625,1,0,0,0,0,1,0,0,0,0,1,0,0,0,0,0,0,0,0,0,0,0,0,1,0,1,0,0,0
67,24.85,1583.5,23.634328358208954,1,0,1,0,1,0,1,0,1,1,0,1,0,1,0,1,0,1,0,1,0,0,1,0,1,0,0,0,1
53,93.9,5029.2,94.89056603773585,1,0,1,0,1,0,1,1,0,0,1,0,0,0,1,0,0,0,0,0,1,0,0,0,0,1,0,0,1
72,107.45,7658.3,106.36527777777778,0,0,1,1,1,0,1,1,0,0,1,0,1,0,1,0,1,0,0,0,1,0,1,0,1,0,0,0,1
3,91.85,257.05,85.68333333333334,1,0,0,1,1,0,1,1,0,0,0,0,0,0,1,0,0,0,0,0,1,0,0,0,0,1,0,0,0
6,49.45,314.6,52.43333333333334,0,0,0,0,1,0,0,0,0,0,1,0,0,0,0,0,0,0,0,0,0,0,0,1,0,1,0,0,0
71,96.35,6766.95,95.30915492957746,0,1,1,0,1,0,1,1,0,0,1,0,1,0,1,0,1,0,0,0,0,0,1,1,1,0,0,0,1
63,19.25,1237.65,19.645238095238096,1,0,1,0,1,0,0,0,1,1,0,1,0,1,0,1,0,1,0,1,0,0,1,0,0,0,1,0,1
54,105.4,5643.4,104.5074074074074,1,0,0,0,1,0,0,1,0,0,1,0,1,0,0,0,1,0,1,0,1,1,0,1,1,0,0,0,1
1,44.3,44.3,44.3,1,0,0,0,1,0,0,0,0,0,0,0,0,0,0,0,0,0,0,0,0,0,0,1,0,0,1,0,0
61,79.4,4820.55,79.02540983606558,0,0,1,1,1,0,1,0,0,0,1,0,1,0,1,0,1,0,0,0,1,1,0,1,0,1,0,0,1
13,19.45,232.1,17.853846153846153,0,0,0,0,1,0,0,0,1,1,0,1,0,1,0,1,0,1,0,1,0,0,0,0,1,0,0,1,0
22,24.85,493.4,22.427272727272726,1,0,0,0,1,0,1,0,1,1,0,1,0,1,0,1,0,1,0,1,0,0,0,1,1,0,0,1,0
4,19.95,59.25,14.8125,1,0,0,0,1,0,0,0,1,1,0,1,0,1,0,1,0,1,0,1,0,0,0,1,0,0,1,0,0
24,57.6,1367.75,56.989583333333336,0,0,1,1,0,1,0,0,0,0,1,0,1,0,1,0,0,0,1,0,1,1,0,0,0,1,0,1,0
71,82.7,5831.2,82.12957746478872,0,1,1,0,1,0,1,0,0,0,1,0,1,0,1,0,1,0,0,0,1,0,1,1,0,0,0,0,1
70,104.0,7250.15,103.57357142857143,1,0,0,0,1,0,1,1,0,0,1,0,0,0,0,0,1,0,1,0,1,0,1,1,1,0,0,0,1
25,89.7,2187.55,87.50200000000001,0,1,0,0,1,0,1,1,0,0,0,0,1,0,0,0,0,0,0,0,1,0,0,1,0,1,0,1,0
72,78.95,5730.15,79.58541666666666,0,0,1,1,1,0,1,0,0,0,0,0,1,0,0,0,1,0,1,0,1,0,1,1,0,1,0,0,1
1,70.55,70.55,70.55,0,1,0,0,1,0,0,1,0,0,0,0,0,0,0,0,0,0,0,0,0,0,0,1,0,1,0,0,0
56,99.8,5515.45,98.49017857142857,0,0,1,1,1,0,1,1,0,0,0,0,0,0,1,0,0,0,1,0,1,1,0,1,1,0,0,0,1
26,105.45,2715.3,104.4346153846154,0,0,0,1,1,0,0,1,0,0,0,0,1,0,1,0,1,0,1,0,1,0,1,1,0,1,0,1,0
47,78.9,3650.35,77.66702127659575,1,0,1,0,1,0,1,1,0,0,0,0,1,0,0,0,0,0,0,0,0,1,0,1,0,1,0,0,1
57,79.75,4438.2,77.86315789473684,1,1,0,0,1,0,1,0,0,0,0,0,1,0,1,0,0,0,1,0,1,0,1,1,0,0,0,0,1
70,80.7,5617.95,80.25642857142857,0,0,1,1,1,0,1,0,0,0,1,0,1,0,1,0,1,0,1,0,0,0,1,0,0,1,0,0,1
72,112.6,8126.65,112.87013888888889,1,0,1,1,1,0,1,1,0,0,1,0,1,0,1,0,1,0,1,0,1,0,1,1,1,0,0,0,1
1,71.1,71.1,71.1,0,0,0,0,1,0,0,1,0,0,0,0,0,0,0,0,0,0,0,0,0,0,0,0,0,0,1,0,0
13,20.0,218.55,16.81153846153846,1,0,1,1,1,0,0,0,1,1,0,1,0,1,0,1,0,1,0,1,0,1,0,0,0,0,1,1,0
53,94.25,4867.95,91.84811320754717,1,0,1,0,1,0,0,1,0,0,0,0,1,0,0,0,0,0,1,0,1,1,0,1,0,0,0,0,1
39,59.8,2343.85,60.09871794871795,1,0,1,1,1,0,0,0,0,0,1,0,1,0,1,0,0,0,0,0,0,1,0,0,0,1,0,0,1
1,69.8,69.8,69.8,0,0,1,1,1,0,0,1,0,0,0,0,0,0,0,0,0,0,0,0,0,0,0,1,0,1,0,0,0
64,102.1,6538.45,102.16328125,1,1,1,0,1,0,1,1,0,0,0,0,0,0,1,0,1,0,1,0,1,0,1,0,0,1,0,0,1
48,91.05,4370.75,91.05729166666667,1,1,1,0,1,0,1,1,0,0,0,0,0,0,1,0,0,0,0,0,1,0,0,1,1,0,0,0,1
1,24.75,24.75,24.75,1,0,0,1,0,1,0,0,0,0,0,0,0,0,0,0,0,0,0,0,0,0,0,0,0,1,0,0,0
1,79.25,79.25,79.25,1,0,0,0,1,0,0,1,0,0,0,0,0,0,0,0,0,0,0,0,1,0,0,1,0,1,0,0,0
1,100.8,100.8,100.8,0,1,1,0,1,0,1,1,0,0,0,0,0,0,1,0,0,0,1,0,1,0,0,1,0,1,0,0,0
65,90.65,5931.0,91.24615384615385,1,0,1,0,1,0,1,1,0,0,0,0,1,0,0,0,0,0,0,0,1,0,0,1,0,1,0,0,1
4,94.9,360.55,90.1375,1,0,0,0,1,0,0,1,0,0,1,0,1,0,0,0,1,0,0,0,1,0,0,1,0,0,1,0,0
55,94.75,5276.1,95.92909090909092,0,0,1,0,1,0,0,1,0,0,1,0,0,0,0,0,0,0,1,0,1,1,0,1,0,1,0,0,1
49,55.35,2633.95,53.754081632653055,1,0,1,0,1,0,1,0,0,0,1,0,0,0,0,0,0,0,0,0,0,1,0,1,0,1,0,0,1
31,19.55,658.95,21.256451612903227,0,0,1,1,1,0,0,0,1,1,0,1,0,1,0,1,0,1,0,1,0,0,0,1,0,0,1,1,0
72,116.85,8477.7,117.74583333333334,0,0,1,1,1,0,1,1,0,0,1,0,1,0,1,0,1,0,1,0,1,0,1,1,0,0,0,0,1
30,100.05,3046.15,101.53833333333334,0,0,1,1,1,0,1,1,0,0,0,0,0,0,1,0,0,0,1,0,1,0,0,1,0,1,0,1,0
72,54.2,3937.45,54.68680555555555,0,0,1,0,0,1,0,0,0,0,0,0,1,0,1,0,0,0,1,0,1,0,1,1,0,1,0,0,1
9,93.0,870.25,96.69444444444444,0,0,0,1,1,0,0,1,0,0,1,0,0,0,1,0,1,0,0,0,1,0,0,0,0,0,0,0,0
8,99.65,820.5,102.5625,0,0,0,0,1,0,1,1,0,0,0,0,0,0,1,0,0,0,1,0,1,0,0,1,0,1,0,0,0
59,106.15,6256.2,106.03728813559322,0,0,1,1,1,0,1,1,0,0,0,0,1,0,1,0,0,0,1,0,1,1,0,1,0,1,0,0,1
22,84.3,1855.65,84.34772727272728,0,0,0,0,1,0,0,1,0,0,0,0,1,0,0,0,0,0,0,0,1,0,0,1,0,0,1,1,0
62,110.75,7053.35,113.76370967741936,1,1,0,0,1,0,1,1,0,0,0,0,1,0,1,0,1,0,1,0,1,1,0,1,0,0,0,0,1
1,46.0,46.0,46.0,0,1,1,0,1,0,0,0,0,0,0,0,0,0,0,0,0,0,0,0,0,0,0,0,0,1,0,0,0
1,74.7,74.7,74.7,0,0,0,0,1,0,0,1,0,0,0,0,1,0,0,0,0,0,0,0,0,0,0,1,0,1,0,0,0
71,19.85,1326.35,18.680985915492958,0,0,1,1,1,0,0,0,1,1,0,1,0,1,0,1,0,1,0,1,0,0,1,0,0,0,0,0,1
23,24.8,615.35,26.754347826086956,0,0,0,0,1,0,1,0,1,1,0,1,0,1,0,1,0,1,0,1,0,1,0,0,1,0,0,1,0
67,85.25,5714.2,85.2865671641791,0,0,0,0,1,0,1,0,0,0,1,0,0,0,1,0,1,0,1,0,1,0,1,1,0,0,1,0,1
26,19.8,457.3,17.588461538461537,1,0,0,0,1,0,0,0,1,1,0,1,0,1,0,1,0,1,0,1,0,1,0,0,1,0,0,1,0
62,89.1,5411.65,87.28467741935484,1,0,1,1,1,0,1,1,0,0,0,0,0,0,1,0,0,0,1,0,0,0,1,1,1,0,0,0,1
2,20.35,45.3,22.65,0,0,0,0,1,0,0,0,1,1,0,1,0,1,0,1,0,1,0,1,0,0,0,0,0,0,1,0,0
1,44.0,44.0,44.0,1,1,0,0,1,0,0,0,0,0,0,0,0,0,0,0,0,0,0,0,0,0,0,0,0,1,0,0,0
2,20.45,34.8,17.4,0,0,0,0,1,0,0,0,1,1,0,1,0,1,0,1,0,1,0,1,0,1,0,0,0,0,1,0,0
71,52.3,3765.05,53.02887323943662,1,1,1,0,0,1,0,0,0,0,0,0,1,0,1,0,0,0,1,0,1,0,0,1,0,0,0,0,1
13,96.65,1162.85,89.44999999999999,1,0,1,1,1,0,0,1,0,0,0,0,0,0,1,0,0,0,1,0,1,0,0,1,0,0,1,1,0
71,95.15,6770.85,95.36408450704226,0,0,1,1,1,0,1,1,0,0,1,0,1,0,1,0,1,0,0,0,0,1,0,1,1,0,0,0,1
72,108.05,7806.6,108.42500000000001,0,0,0,0,1,0,1,1,0,0,0,0,1,0,1,0,1,0,1,0,1,0,1,1,1,0,0,0,1
36,93.6,3366.05,93.5013888888889,1,0,1,0,1,0,0,1,0,0,1,0,0,0,0,0,0,0,1,0,1,0,0,1,0,1,0,1,0
19,66.4,1286.05,67.68684210526315,1,1,1,0,1,0,0,0,0,0,1,0,0,0,1,0,0,0,1,0,0,0,0,0,0,0,0,1,0
54,74.55,4191.45,77.61944444444444,1,0,1,0,1,0,0,0,0,0,1,0,1,0,0,0,0,0,1,0,1,0,1,1,0,0,0,0,1
67,105.4,7035.6,105.0089552238806,0,1,1,0,1,0,1,1,0,0,1,0,1,0,1,0,1,0,0,0,1,1,0,1,1,0,0,0,1
60,94.15,5811.8,96.86333333333333,0,0,1,1,1,0,1,1,0,0,1,0,1,0,0,0,0,0,1,0,0,1,0,0,0,0,0,0,1
58,50.0,2919.85,50.342241379310344,1,0,1,1,0,1,0,0,0,0,1,0,1,0,1,0,0,0,1,0,0,1,0,0,0,0,1,0,1
30,19.7,599.25,19.975,0,0,1,1,1,0,0,0,1,1,0,1,0,1,0,1,0,1,0,1,0,0,1,0,0,0,1,1,0
72,59.75,4265.0,59.236111111111114,0,0,0,0,1,0,1,0,0,0,1,0,1,0,0,0,0,0,0,0,0,0,1,0,0,0,0,0,1
65,104.3,6725.3,103.46615384615384,0,0,1,1,1,0,1,1,0,0,1,0,0,0,1,0,0,0,1,0,1,0,1,1,1,0,0,0,1
48,58.95,2789.7,58.11875,0,1,1,0,1,0,0,0,0,0,0,0,1,0,0,0,0,0,0,0,1,1,0,1,0,0,0,0,1
4,74.9,321.75,80.4375,0,1,0,0,1,0,1,1,0,0,0,0,0,0,0,0,0,0,0,0,0,0,0,1,0,1,0,0,0
5,80.85,356.1,71.22,0,0,1,1,1,0,0,1,0,0,0,0,0,0,0,0,0,0,1,0,0,0,0,1,0,1,0,0,0
61,62.15,3778.85,61.9483606557377,1,0,1,0,0,1,0,0,0,0,1,0,0,0,1,0,1,0,1,0,1,0,1,1,0,0,1,0,1
9,86.25,770.5,85.61111111111111,1,0,0,0,1,0,0,1,0,0,0,0,0,0,0,0,1,0,1,0,0,0,0,0,0,1,0,0,0
1,85.7,85.7,85.7,0,1,0,0,1,0,1,1,0,0,0,0,0,0,0,0,0,0,1,0,0,0,0,1,0,1,0,0,0
23,86.8,1940.8,84.38260869565217,1,0,1,1,1,0,0,1,0,0,0,0,1,0,1,0,1,0,0,0,0,1,0,0,0,0,1,1,0
1,19.65,19.65,19.65,0,0,0,0,1,0,0,0,1,1,0,1,0,1,0,1,0,1,0,1,0,0,0,0,0,0,1,0,0
28,29.75,790.7,28.239285714285717,0,0,0,0,0,1,0,0,0,0,0,0,0,0,1,0,0,0,0,0,0,0,0,1,0,0,1,1,0
12,95.7,1184.0,98.66666666666667,1,0,0,0,1,0,0,1,0,0,0,0,0,0,1,0,0,0,1,0,1,1,0,0,0,1,0,0,0
72,19.3,1304.8,18.12222222222222,1,0,1,0,1,0,0,0,1,1,0,1,0,1,0,1,0,1,0,1,0,0,1,0,1,0,0,0,1
1,74.7,74.7,74.7,0,0,1,1,1,0,0,1,0,0,0,0,1,0,0,0,0,0,0,0,0,0,0,1,0,1,0,0,0
71,116.3,8309.55,117.03591549295774,1,0,0,0,1,0,1,1,0,0,1,0,1,0,1,0,1,0,1,0,1,1,0,1,0,0,0,0,1
22,59.05,1253.5,56.97727272727273,0,0,0,0,1,0,1,0,0,0,1,0,0,0,0,0,1,0,0,0,0,0,0,1,0,0,1,1,0
31,20.65,702.05,22.646774193548385,1,0,1,1,1,0,0,0,1,1,0,1,0,1,0,1,0,1,0,1,0,0,0,1,0,1,0,1,0
46,64.2,3009.5,65.42391304347827,0,0,1,0,1,0,0,0,0,0,0,0,1,0,0,0,1,0,1,0,0,0,1,1,1,0,0,0,1
16,84.95,1378.25,86.140625,0,0,1,0,1,0,1,1,0,0,0,0,0,0,0,0,0,0,1,0,0,0,0,1,0,1,0,1,0
39,95.65,3759.05,96.38589743589743,1,1,0,0,1,0,1,1,0,0,0,0,0,0,0,0,0,0,1,0,1,0,0,1,0,0,0,0,1
54,46.2,2431.95,45.036111111111104,1,0,0,0,0,1,0,0,0,0,1,0,1,0,0,0,0,0,0,0,1,0,1,0,0,0,0,0,1
14,64.7,941.0,67.21428571428571,0,0,1,0,1,0,1,0,0,0,1,0,0,0,0,0,0,0,1,0,0,0,0,1,0,0,0,1,0
49,109.2,5290.45,107.96836734693878,1,0,0,1,1,0,1,1,0,0,1,0,1,0,1,0,0,0,1,0,1,1,0,1,1,0,0,0,1
15,25.05,369.1,24.60666666666667,0,0,0,0,1,0,1,0,1,1,0,1,0,1,0,1,0,1,0,1,0,0,1,0,0,0,0,1,0
52,19.65,928.4,17.853846153846153,1,0,0,1,1,0,0,0,1,1,0,1,0,1,0,1,0,1,0,1,0,1,0,0,1,0,0,0,1
6,20.1,100.35,16.724999999999998,0,0,1,1,1,0,0,0,1,1,0,1,0,1,0,1,0,1,0,1,0,0,1,0,0,0,1,0,0
3,95.2,292.85,97.61666666666667,0,0,1,0,1,0,1,1,0,0,0,0,0,0,0,0,0,0,1,0,1,0,0,1,0,1,0,0,0
6,84.2,519.15,86.52499999999999,1,1,1,0,1,0,0,1,0,0,0,0,1,0,0,0,0,0,0,0,1,0,0,1,0,1,0,0,0
1,79.6,79.6,79.6,1,0,0,0,1,0,0,1,0,0,0,0,0,0,0,0,0,0,0,0,1,0,0,0,0,1,0,0,0
14,55.7,795.15,56.79642857142857,0,0,0,0,1,0,0,0,0,0,1,0,0,0,0,0,1,0,0,0,0,1,0,0,0,0,1,1,0
47,20.05,951.55,20.245744680851065,1,0,1,1,1,0,0,0,1,1,0,1,0,1,0,1,0,1,0,1,0,1,0,0,0,0,1,0,1
3,36.45,93.7,31.233333333333334,1,1,1,0,0,1,0,0,0,0,0,0,0,0,0,0,0,0,1,0,0,0,0,1,0,0,1,0,0
1,49.0,49.0,49.0,1,0,0,0,1,0,0,0,0,0,0,0,0,0,0,0,1,0,0,0,0,0,0,0,1,0,0,0,0
71,25.05,1873.7,26.390140845070423,0,0,1,0,1,0,1,0,1,1,0,1,0,1,0,1,0,1,0,1,0,0,1,0,1,0,0,0,1
2,69.7,135.2,67.6,0,0,0,0,1,0,0,1,0,0,0,0,0,0,0,0,0,0,0,0,0,0,0,1,0,1,0,0,0
13,19.95,257.0,19.76923076923077,1,0,0,0,1,0,0,0,1,1,0,1,0,1,0,1,0,1,0,1,0,1,0,1,0,0,1,1,0
54,86.2,4524.05,83.77870370370371,0,0,1,1,1,0,1,0,0,0,0,0,1,0,1,0,1,0,1,0,1,0,0,1,0,1,0,0,1
5,55.8,300.4,60.08,0,0,0,0,1,0,0,0,0,0,1,0,0,0,1,0,0,0,0,0,0,0,0,0,1,0,0,0,0
22,50.35,1098.85,49.94772727272727,0,0,0,0,0,1,0,0,0,0,0,0,1,0,0,0,0,0,1,0,1,0,0,1,0,1,0,1,0
13,98.0,1237.85,95.21923076923076,1,1,1,0,1,0,0,1,0,0,0,0,1,0,1,0,0,0,1,0,1,0,0,1,0,1,0,1,0
4,70.65,293.85,73.4625,1,1,0,0,1,0,0,1,0,0,0,0,0,0,0,0,0,0,0,0,0,0,0,1,0,1,0,0,0
48,111.45,5315.1,110.73125,1,0,1,0,1,0,1,1,0,0,1,0,1,0,1,0,0,0,1,0,1,0,0,1,0,0,0,0,1
29,20.65,654.85,22.58103448275862,1,0,1,1,1,0,0,0,1,1,0,1,0,1,0,1,0,1,0,1,0,0,0,1,0,0,1,1,0
13,18.8,251.25,19.326923076923077,0,0,1,1,1,0,0,0,1,1,0,1,0,1,0,1,0,1,0,1,0,0,0,0,0,0,1,1,0
1,60.1,60.1,60.1,1,0,0,0,1,0,1,0,0,0,0,0,1,0,0,0,1,0,0,0,0,0,0,0,0,0,1,0,0
71,89.9,6342.7,89.33380281690141,0,0,1,1,1,0,1,0,0,0,1,0,1,0,1,0,1,0,1,0,1,0,1,0,0,0,0,0,1
72,109.95,7852.4,109.0611111111111,1,0,1,0,1,0,1,1,0,0,1,0,1,0,0,0,1,0,1,0,1,0,1,1,1,0,0,0,1
64,86.55,5632.55,88.00859375,1,0,0,0,1,0,1,0,0,0,0,0,1,0,1,0,1,0,1,0,1,0,1,0,1,0,0,0,1
46,60.75,2893.4,62.9,1,0,0,0,0,1,0,0,0,0,1,0,0,0,1,0,1,0,1,0,1,0,1,1,0,0,0,0,1
42,100.4,4303.65,102.46785714285713,0,0,1,1,1,0,0,1,0,0,0,0,0,0,1,0,1,0,1,0,1,0,1,1,0,1,0,0,1
21,104.35,2271.85,108.18333333333332,1,1,0,0,1,0,1,1,0,0,0,0,1,0,1,0,0,0,1,0,1,0,0,1,0,1,0,1,0
25,84.6,2088.05,83.522,0,0,0,0,1,0,1,1,0,0,0,0,0,0,0,0,0,0,1,0,0,0,0,1,0,0,1,1,0
24,20.25,439.75,18.322916666666668,1,0,1,1,1,0,0,0,1,1,0,1,0,1,0,1,0,1,0,1,0,1,0,0,0,0,1,1,0
41,35.4,1412.4,34.44878048780488,0,0,1,1,0,1,0,0,0,0,1,0,0,0,1,0,0,0,0,0,0,1,0,0,1,0,0,0,1
56,64.65,3665.55,65.45625,1,0,0,0,1,0,1,0,0,0,1,0,1,0,0,0,1,0,0,0,0,1,0,1,0,0,0,0,1
1,24.4,24.4,24.4,1,0,0,0,0,1,0,0,0,0,0,0,0,0,0,0,0,0,0,0,0,0,0,0,0,0,1,0,0
1,24.25,24.25,24.25,1,0,0,0,0,1,0,0,0,0,0,0,0,0,0,0,0,0,0,0,0,0,0,1,0,1,0,0,0
31,20.95,683.25,22.04032258064516,0,0,0,0,1,0,0,0,1,1,0,1,0,1,0,1,0,1,0,1,0,1,0,0,0,0,1,1,0
58,94.35,5563.65,95.925,1,0,1,1,1,0,1,1,0,0,0,0,0,0,1,0,1,0,0,0,1,0,1,0,0,0,0,0,1
6,59.15,336.7,56.11666666666667,1,0,0,0,1,0,0,0,0,0,1,0,0,0,0,0,0,0,0,0,1,0,0,1,0,0,0,0,0
17,89.4,1539.45,90.55588235294118,1,0,1,1,1,0,0,1,0,0,1,0,0,0,1,0,0,0,1,0,0,0,0,1,0,1,0,1,0
45,97.05,4385.05,97.44555555555556,0,1,0,0,1,0,1,1,0,0,1,0,1,0,0,0,1,0,1,0,0,0,0,1,0,1,0,0,1
59,79.2,4590.35,77.80254237288136,0,1,0,0,1,0,1,1,0,0,0,0,1,0,0,0,0,0,0,0,0,0,1,1,1,0,0,0,1
2,70.35,139.05,69.525,0,1,0,0,1,0,0,1,0,0,0,0,0,0,0,0,0,0,0,0,0,0,0,1,0,1,0,0,0
4,65.6,250.1,62.525,1,0,1,0,1,0,1,0,0,0,0,0,0,0,1,0,0,0,1,0,0,0,0,0,0,1,0,0,0
18,74.15,1345.75,74.76388888888889,0,0,0,0,1,0,1,1,0,0,0,0,0,0,0,0,0,0,0,0,0,0,0,1,0,1,0,1,0
18,20.35,369.6,20.533333333333335,0,1,0,0,1,0,0,0,1,1,0,1,0,1,0,1,0,1,0,1,0,1,0,0,0,0,0,1,0
1,35.9,35.9,35.9,0,0,0,0,0,1,0,0,0,0,0,0,0,0,1,0,1,0,0,0,0,0,0,0,0,0,1,0,0
42,94.4,4014.6,95.58571428571429,1,0,1,0,1,0,1,1,0,0,1,0,0,0,1,0,0,0,0,0,1,0,0,1,0,1,0,0,1
20,85.25,1734.5,86.725,1,0,0,0,1,0,1,1,0,0,0,0,0,0,0,0,0,0,1,0,0,0,0,1,0,1,0,1,0
69,85.4,5869.4,85.06376811594203,0,0,1,0,1,0,1,1,0,0,0,0,1,0,1,0,0,0,0,0,0,0,0,1,0,0,0,0,1
1,55.3,55.3,55.3,0,0,1,0,1,0,0,0,0,0,0,0,0,0,0,0,0,0,1,0,0,0,0,1,0,0,1,0,0
20,19.4,415.4,20.77,1,0,0,0,1,0,0,0,1,1,0,1,0,1,0,1,0,1,0,1,0,0,0,0,0,0,1,1,0
58,109.45,6144.55,105.94051724137931,0,0,1,0,1,0,1,1,0,0,1,0,1,0,1,0,0,0,1,0,1,0,1,1,0,0,0,0,1
72,94.25,6849.75,95.13541666666667,0,0,1,0,1,0,1,1,0,0,1,0,1,0,1,0,1,0,0,0,0,0,1,1,0,0,0,0,1
19,49.6,962.9,50.67894736842105,0,0,1,1,1,0,0,0,0,0,0,0,0,0,1,0,0,0,0,0,0,0,0,1,0,0,0,1,0
16,65.2,1043.35,65.209375,0,0,0,0,1,0,1,0,0,0,0,0,0,0,1,0,0,0,0,0,1,0,0,1,1,0,0,1,0
12,94.2,1046.1,87.175,0,0,0,0,1,0,1,1,0,0,0,0,0,0,0,0,0,0,1,0,1,0,0,1,0,1,0,0,0
1,90.1,90.1,90.1,1,0,1,1,1,0,0,1,0,0,0,0,0,0,0,0,0,0,1,0,1,0,0,1,0,1,0,0,0
1,82.3,82.3,82.3,0,0,0,0,1,0,0,1,0,0,0,0,1,0,1,0,0,0,0,0,0,0,0,1,0,1,0,0,0
72,25.4,1809.35,25.12986111111111,1,1,0,0,1,0,1,0,1,1,0,1,0,1,0,1,0,1,0,1,0,0,1,0,0,0,0,0,1
26,49.5,1265.65,48.67884615384616,0,0,0,1,1,0,1,0,0,0,0,0,0,0,0,0,0,0,0,0,0,0,0,1,0,0,1,1,0
4,73.75,325.45,81.3625,0,0,1,1,1,0,0,1,0,0,0,0,0,0,1,0,0,0,0,0,0,0,0,1,0,1,0,0,0
24,84.8,1990.5,82.9375,1,0,1,1,1,0,1,0,0,0,1,0,0,0,1,0,1,0,1,0,1,1,0,1,0,0,1,1,0
50,19.35,1033.0,20.66,0,0,0,0,1,0,0,0,1,1,0,1,0,1,0,1,0,1,0,1,0,1,0,1,0,0,1,0,1
51,86.35,4267.15,83.66960784313724,1,0,0,0,1,0,0,1,0,0,1,0,0,0,0,0,0,0,1,0,0,1,0,0,0,0,1,0,1
72,103.95,7517.7,104.4125,1,0,1,1,1,0,1,1,0,0,1,0,1,0,1,0,1,0,0,0,1,0,1,0,1,0,0,0,1
70,58.4,4113.15,58.75928571428571,0,0,1,1,0,1,0,0,0,0,0,0,1,0,1,0,1,0,1,0,1,1,0,1,0,0,0,0,1
70,104.3,7188.5,102.69285714285714,0,0,1,0,1,0,1,1,0,0,0,0,0,0,1,0,1,0,1,0,1,0,1,1,0,0,0,0,1
15,91.5,1400.3,93.35333333333332,0,1,0,0,1,0,0,1,0,0,0,0,0,0,0,0,0,0,1,0,1,0,0,1,0,1,0,1,0
47,94.9,4615.25,98.19680851063829,0,0,0,0,1,0,1,1,0,0,1,0,0,0,1,0,0,0,1,0,0,1,0,0,1,0,0,0,1
63,86.7,5309.5,84.27777777777777,1,0,0,0,1,0,0,0,0,0,1,0,1,0,1,0,1,0,1,0,1,0,1,1,0,0,0,0,1
64,115.1,7334.05,114.59453125,0,0,0,0,1,0,1,1,0,0,1,0,1,0,1,0,1,0,1,0,1,0,1,1,0,0,0,0,1
59,89.75,5496.9,93.16779661016949,0,1,0,0,1,0,1,1,0,0,1,0,1,0,1,0,0,0,0,0,0,0,0,1,0,1,0,0,1
1,24.0,24.0,24.0,0,0,0,1,1,0,1,0,1,1,0,1,0,1,0,1,0,1,0,1,0,0,0,0,0,0,1,0,0
40,84.9,3369.05,84.22625000000001,1,0,0,0,1,0,1,1,0,0,0,0,0,0,0,0,0,0,1,0,0,0,0,1,0,1,0,0,1
55,25.7,1443.65,26.24818181818182,1,0,1,0,1,0,1,0,1,1,0,1,0,1,0,1,0,1,0,1,0,0,1,0,0,0,0,0,1
50,20.15,989.05,19.781,1,0,0,0,1,0,0,0,1,1,0,1,0,1,0,1,0,1,0,1,0,1,0,0,1,0,0,0,1
65,107.45,7047.5,108.42307692307692,0,1,1,1,1,0,1,1,0,0,0,0,1,0,1,0,0,0,1,0,1,1,0,1,0,1,0,0,1
68,24.55,1657.4,24.373529411764707,1,0,0,0,1,0,1,0,1,1,0,1,0,1,0,1,0,1,0,1,0,0,1,0,0,0,1,0,1
2,70.75,146.9,73.45,0,0,0,0,1,0,0,0,0,0,1,0,0,0,0,0,0,0,1,0,1,0,0,1,0,1,0,0,0
63,84.0,5329.55,84.59603174603176,1,1,1,0,1,0,0,0,0,0,1,0,1,0,1,0,1,0,1,0,1,1,0,1,0,0,0,0,1
67,105.65,6717.9,100.26716417910447,0,0,1,1,1,0,1,1,0,0,0,0,0,0,1,0,1,0,1,0,1,0,1,1,0,0,0,0,1
60,106.0,6441.4,107.35666666666665,0,1,0,0,1,0,1,1,0,0,0,0,0,0,1,0,1,0,1,0,1,1,0,1,0,1,0,0,1
67,64.55,4250.1,63.43432835820896,1,1,0,0,1,0,1,0,0,0,1,0,1,0,0,0,1,0,0,0,0,0,1,1,0,0,0,0,1
62,113.95,6891.4,111.1516129032258,0,0,1,0,1,0,1,1,0,0,1,0,1,0,1,0,1,0,1,0,1,0,1,0,0,0,1,0,1
59,61.35,3645.5,61.78813559322034,1,0,0,0,1,0,0,0,0,0,0,0,0,0,1,0,0,0,0,0,1,1,0,1,0,0,0,0,1
31,50.05,1523.4,49.141935483870974,1,0,0,0,0,1,0,0,0,0,0,0,0,0,1,0,0,0,1,0,1,1,0,1,0,1,0,1,0
69,105.4,6998.95,101.4340579710145,0,1,1,0,1,0,1,1,0,0,0,0,1,0,0,0,1,0,1,0,1,0,1,0,1,0,0,0,1
4,55.5,227.35,56.8375,0,0,0,0,1,0,0,0,0,0,0,0,0,0,0,0,0,0,1,0,0,0,0,0,1,0,0,0,0
1,84.3,84.3,84.3,0,0,0,0,1,0,0,1,0,0,0,0,1,0,0,0,0,0,1,0,0,0,0,0,0,1,0,0,0
28,56.05,1522.65,54.38035714285714,0,0,0,0,1,0,0,0,0,0,1,0,1,0,0,0,0,0,0,0,0,0,0,0,0,1,0,1,0
68,84.7,5711.05,83.9860294117647,0,0,1,0,1,0,1,1,0,0,1,0,1,0,0,0,0,0,0,0,0,0,1,1,0,0,0,0,1
12,20.45,255.35,21.279166666666665,1,0,0,0,1,0,0,0,1,1,0,1,0,1,0,1,0,1,0,1,0,0,0,0,0,0,1,0,0
65,105.85,6725.5,103.46923076923076,0,1,1,0,1,0,0,1,0,0,0,0,1,0,1,0,1,0,1,0,1,0,1,1,1,0,0,0,1
3,97.9,315.3,105.10000000000001,0,0,0,0,1,0,0,1,0,0,0,0,1,0,0,0,1,0,1,0,1,0,0,1,0,1,0,0,0
11,79.5,868.5,78.95454545454545,1,0,1,1,1,0,0,1,0,0,0,0,0,0,0,0,0,0,1,0,0,0,0,1,0,0,0,0,0
47,54.25,2538.2,54.00425531914893,1,0,1,1,1,0,1,0,0,0,0,0,1,0,0,0,0,0,0,0,0,0,0,0,0,1,0,0,1
25,25.3,676.35,27.054000000000002,1,0,0,0,1,0,1,0,1,1,0,1,0,1,0,1,0,1,0,1,0,1,0,0,0,0,0,1,0
1,49.8,49.8,49.8,1,0,0,0,1,0,1,0,0,0,0,0,0,0,0,0,0,0,0,0,0,0,0,1,1,0,0,0,0
63,104.75,6536.5,103.75396825396825,1,0,0,0,1,0,1,1,0,0,0,0,1,0,1,0,0,0,1,0,1,0,1,1,0,0,0,0,1
22,25.6,548.8,24.94545454545454,0,1,1,0,1,0,1,0,1,1,0,1,0,1,0,1,0,1,0,1,0,1,0,0,0,0,0,1,0
60,60.2,3582.4,59.70666666666667,1,0,1,0,0,1,0,0,0,0,0,0,1,0,1,0,1,0,1,0,1,0,0,1,0,0,0,0,1
1,50.55,50.55,50.55,0,0,0,0,1,0,0,0,0,0,0,0,1,0,0,0,0,0,0,0,0,0,0,0,0,1,0,0,0
62,100.15,6283.3,101.34354838709677,0,0,1,1,1,0,0,1,0,0,0,0,1,0,1,0,0,0,1,0,1,0,0,1,0,1,0,0,1
47,86.05,3865.6,82.2468085106383,1,1,0,0,1,0,1,1,0,0,0,0,0,0,0,0,0,0,1,0,0,0,0,1,1,0,0,0,1
72,109.75,7932.5,110.17361111111111,1,1,1,0,1,0,1,1,0,0,0,0,1,0,1,0,1,0,1,0,1,0,1,1,0,0,0,0,1
26,81.9,2078.55,79.94423076923077,0,0,1,0,1,0,0,0,0,0,0,0,1,0,1,0,1,0,1,0,1,0,0,0,0,0,0,1,0
11,99.5,1056.95,96.08636363636364,0,0,1,0,1,0,1,1,0,0,0,0,0,0,1,0,0,0,1,0,1,0,0,1,0,1,0,0,0
70,113.65,7714.65,110.20928571428571,0,1,1,0,1,0,1,1,0,0,1,0,1,0,1,0,1,0,1,0,1,0,1,1,0,1,0,0,1
43,63.95,2737.05,63.65232558139535,0,0,0,1,1,0,0,0,0,0,1,0,1,0,0,0,0,0,0,0,1,0,0,1,0,1,0,0,1
69,26.3,1763.55,25.558695652173913,0,0,1,0,1,0,1,0,1,1,0,1,0,1,0,1,0,1,0,1,0,1,0,1,0,1,0,0,1
72,114.0,8093.15,112.4048611111111,1,0,1,1,1,0,1,1,0,0,1,0,1,0,1,0,1,0,1,0,1,0,1,1,0,1,0,0,1
60,103.75,5969.95,99.49916666666667,1,0,1,1,1,0,1,1,0,0,0,0,1,0,0,0,1,0,1,0,1,0,0,1,0,0,0,0,1
13,70.15,886.7,68.20769230769231,0,0,0,0,1,0,0,1,0,0,0,0,0,0,0,0,0,0,0,0,0,0,0,1,0,0,1,1,0
59,41.05,2452.7,41.57118644067796,1,0,1,0,0,1,0,0,0,0,0,0,1,0,0,0,0,0,0,0,1,0,0,1,0,0,0,0,1
67,65.55,4361.55,65.09776119402986,1,0,0,0,1,0,0,0,0,0,1,0,0,0,1,0,0,0,0,0,1,0,1,0,0,0,0,0,1
12,20.5,255.5,21.291666666666668,1,0,1,1,1,0,0,0,1,1,0,1,0,1,0,1,0,1,0,1,0,0,0,0,0,0,1,0,0
3,50.4,137.25,45.75,1,0,0,0,1,0,1,0,0,0,0,0,0,0,0,0,0,0,0,0,0,0,0,0,0,0,0,0,0
1,45.35,45.35,45.35,0,0,0,0,1,0,0,0,0,0,0,0,0,0,0,0,0,0,0,0,0,0,0,0,0,0,1,0,0
45,84.35,3858.05,85.73444444444445,1,0,1,1,1,0,0,0,0,0,1,0,1,0,1,0,1,0,1,0,1,0,1,1,0,0,1,0,1
31,54.35,1647.0,53.12903225806452,1,0,1,1,1,0,0,0,0,0,0,0,0,0,1,0,1,0,0,0,0,0,0,0,0,0,1,1,0
7,19.45,165.35,23.62142857142857,1,0,0,0,1,0,0,0,1,1,0,1,0,1,0,1,0,1,0,1,0,0,1,0,0,0,1,0,0
33,20.1,579.4,17.55757575757576,0,0,1,1,1,0,0,0,1,1,0,1,0,1,0,1,0,1,0,1,0,1,0,0,0,0,1,1,0
40,110.1,4469.1,111.7275,1,0,1,1,1,0,1,1,0,0,1,0,1,0,0,0,1,0,1,0,1,0,0,1,1,0,0,0,1
33,95.8,3036.75,92.02272727272727,1,0,1,0,1,0,0,1,0,0,0,0,0,0,1,0,0,0,1,0,1,1,0,1,0,1,0,1,0
1,44.35,44.35,44.35,0,0,1,1,1,0,0,0,0,0,0,0,0,0,0,0,0,0,0,0,0,0,0,1,0,0,0,0,0
71,20.1,1389.6,19.57183098591549,0,0,1,1,1,0,0,0,1,1,0,1,0,1,0,1,0,1,0,1,0,0,1,0,0,0,0,0,1
3,53.4,188.7,62.9,1,0,0,0,1,0,0,0,0,0,0,0,0,0,0,0,0,0,1,0,0,0,0,0,1,0,0,0,0
27,94.55,2724.6,100.91111111111111,0,0,0,0,1,0,1,1,0,0,0,0,0,0,0,0,0,0,1,0,1,0,0,1,0,0,1,1,0
61,115.1,6993.65,114.64999999999999,0,0,0,0,1,0,1,1,0,0,1,0,1,0,1,0,1,0,1,0,1,1,0,1,0,0,1,0,1
48,19.95,1004.5,20.927083333333332,1,0,0,0,1,0,0,0,1,1,0,1,0,1,0,1,0,1,0,1,0,1,0,0,0,0,0,0,1
41,20.0,810.3,19.76341463414634,0,0,0,0,1,0,0,0,1,1,0,1,0,1,0,1,0,1,0,1,0,0,1,0,0,0,1,0,1
9,75.75,655.9,72.87777777777778,0,0,1,0,1,0,0,1,0,0,0,0,0,0,1,0,0,0,0,0,0,0,0,1,0,0,0,0,0
11,40.4,422.6,38.41818181818182,0,0,0,0,0,1,0,0,0,0,0,0,1,0,1,0,1,0,0,0,0,1,0,1,1,0,0,0,0
3,60.25,170.5,56.833333333333336,0,0,0,0,1,0,1,0,0,0,0,0,0,0,0,0,0,0,1,0,0,0,0,1,0,1,0,0,0
66,79.4,5154.6,78.10000000000001,1,1,1,1,1,0,1,0,0,0,1,0,1,0,1,0,1,0,1,0,0,0,1,0,1,0,0,0,1
69,104.7,7220.35,104.64275362318841,1,0,0,0,1,0,1,1,0,0,0,0,1,0,0,0,1,0,1,0,1,1,0,1,0,0,0,0,1
38,110.7,4428.6,116.54210526315791,1,0,1,0,1,0,1,1,0,0,1,0,0,0,1,0,1,0,1,0,1,1,0,1,0,1,0,0,1
1,69.85,69.85,69.85,1,0,0,0,1,0,0,1,0,0,0,0,0,0,0,0,0,0,0,0,0,0,0,1,0,1,0,0,0
48,111.8,5443.65,113.409375,1,0,1,1,1,0,1,1,0,0,1,0,1,0,1,0,1,0,1,0,1,0,1,0,1,0,0,0,1
19,44.9,839.65,44.19210526315789,0,0,1,0,1,0,0,0,0,0,0,0,0,0,0,0,0,0,0,0,0,0,0,0,0,0,1,1,0
16,19.35,275.9,17.24375,0,0,1,1,1,0,0,0,1,1,0,1,0,1,0,1,0,1,0,1,0,0,0,0,0,0,1,1,0
18,60.6,1156.35,64.24166666666666,0,0,0,0,1,0,1,0,0,0,1,0,0,0,1,0,0,0,0,0,0,0,0,1,0,0,1,1,0
25,19.9,505.45,20.218,1,0,1,1,1,0,0,0,1,1,0,1,0,1,0,1,0,1,0,1,0,1,0,0,0,1,0,1,0
55,79.4,4238.45,77.06272727272727,1,0,1,1,1,0,0,1,0,0,0,0,1,0,0,0,1,0,0,0,0,0,0,0,0,1,0,0,1
3,45.35,141.5,47.166666666666664,1,0,0,0,1,0,0,0,0,0,0,0,0,0,0,0,0,0,0,0,0,0,0,1,0,1,0,0,0
8,81.25,585.95,73.24375,1,1,0,0,1,0,1,1,0,0,0,0,0,0,1,0,0,0,0,0,0,0,0,1,0,1,0,0,0
39,59.3,2209.15,56.6448717948718,0,0,0,0,1,0,0,0,0,0,0,0,0,0,0,0,1,0,0,0,1,1,0,0,0,1,0,0,1
5,20.15,117.95,23.59,0,0,0,0,1,0,0,0,1,1,0,1,0,1,0,1,0,1,0,1,0,0,0,0,0,0,1,0,0
61,118.6,7365.7,120.74918032786886,0,0,0,0,1,0,1,1,0,0,1,0,1,0,1,0,1,0,1,0,1,1,0,1,0,1,0,0,1
1,35.75,35.75,35.75,0,0,0,0,0,1,0,0,0,0,0,0,0,0,0,0,0,0,1,0,0,0,0,1,0,1,0,0,0
4,25.25,101.9,25.475,1,0,0,0,1,0,1,0,1,1,0,1,0,1,0,1,0,1,0,1,0,0,0,0,0,0,1,0,0
63,79.7,4786.15,75.97063492063492,0,0,1,0,1,0,1,0,0,0,1,0,1,0,0,0,0,0,1,0,1,1,0,1,1,0,0,0,1
12,24.95,280.4,23.366666666666664,1,0,0,0,1,0,1,0,1,1,0,1,0,1,0,1,0,1,0,1,0,1,0,0,1,0,0,0,0
3,75.15,216.75,72.25,0,0,1,0,1,0,1,1,0,0,0,0,0,0,0,0,0,0,0,0,0,0,0,1,1,0,0,0,0
15,105.35,1559.25,103.95,0,0,1,1,1,0,1,1,0,0,0,0,1,0,1,0,0,0,1,0,1,0,0,1,0,0,0,1,0
50,43.05,2208.05,44.161,1,0,0,1,0,1,0,0,0,0,1,0,1,0,0,0,0,0,1,0,0,1,0,1,0,0,0,0,1
42,95.25,3959.35,94.2702380952381,1,0,1,0,1,0,1,1,0,0,0,0,1,0,1,0,0,0,1,0,0,0,0,1,0,0,0,0,1
10,19.95,187.75,18.775,0,0,1,0,1,0,0,0,1,1,0,1,0,1,0,1,0,1,0,1,0,0,0,1,0,0,0,0,0
55,59.45,3157.0,57.4,1,0,1,1,1,0,0,0,0,0,1,0,0,0,0,0,0,0,0,0,1,1,0,0,1,0,0,0,1
23,75.0,1778.5,77.32608695652173,0,0,0,0,1,0,0,1,0,0,1,0,0,0,0,0,0,0,0,0,0,0,0,1,0,0,0,1,0
9,69.05,653.95,72.66111111111111,1,0,1,0,1,0,1,0,0,0,0,0,1,0,1,0,0,0,0,0,1,0,0,1,1,0,0,0,0
59,94.05,5483.9,92.94745762711864,0,1,1,0,1,0,1,1,0,0,1,0,1,0,1,0,1,0,0,0,0,1,0,1,0,1,0,0,1
72,85.1,6155.4,85.49166666666666,0,0,1,0,1,0,0,0,0,0,1,0,1,0,1,0,1,0,1,0,1,0,1,0,0,0,1,0,1
1,95.85,95.85,95.85,0,0,0,0,1,0,0,1,0,0,0,0,0,0,0,0,1,0,1,0,1,0,0,1,0,1,0,0,0
24,21.1,490.65,20.443749999999998,0,0,1,1,1,0,0,0,1,1,0,1,0,1,0,1,0,1,0,1,0,0,1,1,1,0,0,1,0
58,66.8,3970.4,68.45517241379311,0,0,1,1,1,0,1,0,0,0,0,0,1,0,0,0,0,0,1,0,0,0,0,1,0,0,0,0,1
31,75.25,2344.5,75.62903225806451,1,0,1,1,1,0,1,0,0,0,1,0,1,0,0,0,1,0,0,0,1,1,0,1,0,0,0,1,0
16,19.6,314.45,19.653125,0,0,1,0,1,0,0,0,1,1,0,1,0,1,0,1,0,1,0,1,0,0,0,0,0,0,1,1,0
37,79.25,2911.8,78.6972972972973,1,0,1,0,1,0,1,0,0,0,1,0,0,0,1,0,0,0,1,0,1,1,0,0,0,0,1,0,1
17,69.0,1149.65,67.62647058823529,1,0,1,1,1,0,0,1,0,0,0,0,0,0,0,0,0,0,0,0,0,0,0,1,0,1,0,1,0
49,93.85,4733.1,96.59387755102041,1,0,1,0,1,0,1,1,0,0,1,0,1,0,0,0,0,0,1,0,0,0,0,1,0,0,0,0,1
2,45.15,98.5,49.25,1,0,0,0,1,0,0,0,0,0,0,0,0,0,0,0,0,0,0,0,0,0,0,1,0,1,0,0,0
47,85.5,4042.3,86.00638297872341,1,1,0,0,1,0,0,1,0,0,1,0,0,0,0,0,0,0,0,0,1,0,0,0,0,0,1,0,1
1,69.5,69.5,69.5,0,0,0,0,1,0,0,1,0,0,0,0,0,0,0,0,0,0,0,0,0,0,0,1,0,1,0,0,0
56,89.7,4952.95,88.44553571428571,1,0,1,0,1,0,0,1,0,0,0,0,0,0,0,0,0,0,1,0,1,0,0,0,0,0,1,0,1
46,90.95,4236.6,92.10000000000001,0,0,1,1,1,0,0,1,0,0,0,0,0,0,1,0,1,0,0,0,1,1,0,0,0,0,0,0,1
72,89.7,6339.3,88.04583333333333,1,0,1,1,1,0,1,0,0,0,1,0,1,0,1,0,1,0,1,0,1,0,1,0,1,0,0,0,1
43,100.0,4211.55,97.94302325581396,1,0,0,0,1,0,1,1,0,0,0,0,0,0,0,0,1,0,1,0,1,1,0,1,0,1,0,0,1
1,70.5,70.5,70.5,0,0,0,0,1,0,0,1,0,0,0,0,0,0,0,0,0,0,0,0,0,0,0,0,0,1,0,0,0
72,111.65,8022.85,111.42847222222223,1,1,1,0,1,0,1,1,0,0,0,0,1,0,1,0,1,0,1,0,1,0,1,1,0,0,0,0,1
12,29.35,381.2,31.766666666666666,1,1,0,0,0,1,0,0,0,0,0,0,1,0,0,0,0,0,0,0,0,0,0,1,1,0,0,0,0
68,41.95,2965.75,43.6139705882353,1,1,1,0,0,1,0,0,0,0,1,0,1,0,1,0,0,0,0,0,0,0,1,1,0,1,0,0,1
41,98.4,4187.75,102.14024390243902,1,1,0,0,1,0,1,1,0,0,0,0,0,0,1,0,0,0,1,0,1,0,0,1,0,1,0,0,1
58,91.55,5511.65,95.02844827586206,0,0,1,1,1,0,0,1,0,0,0,0,1,0,1,0,0,0,1,0,0,0,0,1,0,1,0,0,1
39,30.1,1131.3,29.007692307692306,0,0,0,1,0,1,0,0,0,0,0,0,0,0,1,0,0,0,0,0,0,0,0,0,1,0,0,0,1
48,78.75,3682.45,76.71770833333333,1,0,0,1,1,0,1,0,0,0,1,0,0,0,1,0,0,0,1,0,1,1,0,1,1,0,0,0,1
25,25.4,546.85,21.874000000000002,1,0,1,1,1,0,1,0,1,1,0,1,0,1,0,1,0,1,0,1,0,0,0,1,0,0,0,1,0
16,20.5,290.55,18.159375,1,0,1,1,1,0,0,0,1,1,0,1,0,1,0,1,0,1,0,1,0,0,1,0,0,0,1,1,0
24,89.55,2187.15,91.13125000000001,1,0,0,0,1,0,0,1,0,0,0,0,1,0,1,0,0,0,0,0,1,0,0,1,0,1,0,1,0
43,90.65,3882.3,90.28604651162792,1,0,0,0,1,0,0,1,0,0,1,0,1,0,1,0,1,0,0,0,0,1,0,1,1,0,0,0,1
1,35.05,35.05,35.05,0,0,0,0,0,1,0,0,0,0,0,0,0,0,0,0,0,0,0,0,1,0,0,0,0,0,1,0,0
3,54.7,169.45,56.48333333333333,1,0,0,1,1,0,0,0,0,0,0,0,0,0,0,0,0,0,1,0,0,0,0,1,1,0,0,0,0
3,70.25,229.7,76.56666666666666,0,0,0,0,1,0,0,1,0,0,0,0,0,0,0,0,0,0,0,0,0,0,0,1,0,1,0,0,0
57,55.7,3171.6,55.642105263157895,1,0,1,0,1,0,0,0,0,0,1,0,0,0,0,0,1,0,0,0,0,0,0,0,0,1,0,0,1
57,94.0,5438.95,95.42017543859649,0,1,1,0,1,0,1,1,0,0,0,0,1,0,1,0,0,0,0,0,1,0,0,0,1,0,0,0,1
1,54.5,54.5,54.5,0,0,0,1,1,0,0,0,0,0,1,0,0,0,0,0,1,0,0,0,0,0,0,0,0,1,0,0,0
9,45.15,416.45,46.27222222222222,0,0,0,0,1,0,0,0,0,0,0,0,0,0,0,0,0,0,0,0,0,0,0,0,0,1,0,0,0
6,95.75,573.75,95.625,1,1,1,0,1,0,0,1,0,0,0,0,0,0,1,0,0,0,1,0,1,0,0,1,0,1,0,0,0
63,104.8,6597.25,104.71825396825396,1,0,1,1,1,0,1,1,0,0,0,0,1,0,1,0,0,0,1,0,1,0,1,1,0,0,0,0,1
14,80.35,1058.1,75.57857142857142,0,1,0,0,1,0,1,1,0,0,0,0,0,0,1,0,0,0,0,0,0,0,0,1,0,0,0,1,0
23,55.3,1284.2,55.834782608695654,1,0,0,1,1,0,0,0,0,0,0,0,1,0,0,0,1,0,0,0,0,0,0,1,0,0,0,1,0
71,24.45,1681.6,23.68450704225352,0,0,1,0,1,0,1,0,1,1,0,1,0,1,0,1,0,1,0,1,0,0,1,1,1,0,0,0,1
43,92.55,4039.0,93.93023255813954,0,0,1,1,1,0,1,1,0,0,0,0,0,0,1,0,0,0,0,0,1,0,0,1,0,0,0,0,1
17,89.15,1496.9,88.0529411764706,0,1,0,0,1,0,0,1,0,0,0,0,1,0,1,0,0,0,1,0,0,0,0,1,0,1,0,1,0
15,46.3,639.45,42.63,0,0,1,1,1,0,0,0,0,0,0,0,0,0,0,0,0,0,0,0,0,0,0,0,0,1,0,1,0
35,55.25,1924.1,54.97428571428571,1,0,0,0,1,0,1,0,0,0,1,0,0,0,0,0,0,0,0,0,0,0,1,0,0,0,1,1,0
31,104.2,3243.45,104.62741935483871,0,0,1,1,1,0,1,1,0,0,0,0,0,0,1,0,1,0,1,0,1,0,0,1,0,1,0,1,0
71,90.35,6325.25,89.08802816901408,1,0,1,1,1,0,1,0,0,0,1,0,1,0,1,0,1,0,1,0,1,0,1,0,0,1,0,0,1
34,73.95,2524.45,74.24852941176471,0,0,0,0,1,0,0,1,0,0,0,0,1,0,0,0,0,0,0,0,0,0,0,1,1,0,0,1,0
15,64.65,994.55,66.30333333333333,0,0,0,0,1,0,1,0,0,0,1,0,0,0,0,0,0,0,0,0,1,0,0,1,0,0,0,1,0
68,25.4,1620.2,23.826470588235296,1,0,1,1,1,0,1,0,1,1,0,1,0,1,0,1,0,1,0,1,0,0,1,0,0,0,0,0,1
26,82.0,2083.1,80.11923076923077,1,0,1,1,1,0,1,0,0,0,0,0,0,0,1,0,1,0,1,0,1,1,0,1,1,0,0,1,0
1,70.45,70.45,70.45,1,0,0,1,1,0,0,0,0,0,1,0,1,0,0,0,1,0,0,0,1,0,0,1,0,0,0,0,0
57,69.85,4003.0,70.2280701754386,0,1,0,0,1,0,0,0,0,0,1,0,0,0,1,0,1,0,1,0,0,0,1,0,0,0,0,0,1
39,95.55,3692.85,94.68846153846154,0,0,0,0,1,0,0,1,0,0,1,0,0,0,1,0,1,0,1,0,0,1,0,1,0,1,0,0,1
46,24.9,1174.8,25.539130434782606,1,0,1,1,1,0,1,0,1,1,0,1,0,1,0,1,0,1,0,1,0,1,0,0,0,1,0,0,1
64,104.4,6692.65,104.57265625,1,0,0,0,1,0,1,1,0,0,0,0,1,0,1,0,0,0,1,0,1,0,1,1,0,0,0,0,1
3,94.9,273.2,91.06666666666666,0,0,1,0,1,0,1,1,0,0,0,0,0,0,0,0,0,0,1,0,1,0,0,0,0,1,0,0,0
4,20.15,68.45,17.1125,0,0,0,0,1,0,0,0,1,1,0,1,0,1,0,1,0,1,0,1,0,0,0,1,1,0,0,0,0
71,91.25,6589.6,92.8112676056338,1,0,1,1,1,0,1,0,0,0,1,0,1,0,1,0,1,0,1,0,1,0,1,1,0,0,1,0,1
24,99.3,2431.35,101.30624999999999,0,0,1,0,1,0,0,1,0,0,0,0,1,0,1,0,0,0,1,0,1,0,0,1,1,0,0,1,0
43,19.65,779.25,18.122093023255815,0,0,0,0,1,0,0,0,1,1,0,1,0,1,0,1,0,1,0,1,0,0,1,1,0,0,0,0,1
17,69.0,1108.0,65.17647058823529,0,0,0,0,1,0,1,0,0,0,0,0,0,0,1,0,1,0,1,0,0,0,0,1,0,0,1,1,0
34,85.2,2874.45,84.54264705882352,1,1,1,0,1,0,0,1,0,0,0,0,0,0,1,0,0,0,1,0,0,0,0,1,1,0,0,1,0
10,44.85,435.4,43.54,1,0,0,0,1,0,0,0,0,0,0,0,0,0,0,0,0,0,0,0,0,0,0,1,1,0,0,0,0
40,91.55,3673.6,91.84,0,1,0,0,1,0,0,1,0,0,0,0,0,0,0,0,0,0,1,0,1,0,0,1,0,1,0,0,1
52,59.85,3103.25,59.67788461538461,0,1,0,0,1,0,1,0,0,0,1,0,0,0,1,0,0,0,0,0,0,0,1,0,0,0,0,0,1
51,93.8,4539.35,89.00686274509805,0,0,1,1,1,0,1,1,0,0,1,0,1,0,0,0,0,0,0,0,1,0,0,1,0,1,0,0,1
13,100.75,1313.25,101.01923076923077,1,0,0,0,1,0,1,1,0,0,0,0,0,0,0,0,1,0,1,0,1,0,0,0,0,1,0,1,0
18,64.8,1166.7,64.81666666666666,0,0,0,1,1,0,1,0,0,0,1,0,0,0,0,0,0,0,0,0,1,0,0,0,0,1,0,1,0
30,64.5,1985.15,66.17166666666667,0,0,1,1,1,0,0,0,0,0,0,0,0,0,1,0,1,0,1,0,0,1,0,1,0,1,0,1,0
4,74.8,321.9,80.475,1,0,0,0,1,0,0,1,0,0,0,0,0,0,1,0,0,0,0,0,0,0,0,1,0,0,0,0,0
4,63.75,226.2,56.55,1,0,0,0,1,0,0,0,0,0,0,0,1,0,0,0,1,0,1,0,0,0,0,1,0,0,0,0,0
1,20.2,20.2,20.2,1,0,0,0,1,0,0,0,1,1,0,1,0,1,0,1,0,1,0,1,0,0,0,1,0,0,1,0,0
38,19.6,763.1,20.08157894736842,0,0,1,1,1,0,0,0,1,1,0,1,0,1,0,1,0,1,0,1,0,1,0,0,1,0,0,0,1
72,84.7,6185.15,85.9048611111111,0,0,0,0,1,0,1,1,0,0,1,0,0,0,0,0,1,0,0,0,0,0,1,1,0,0,0,0,1
72,80.45,5737.6,79.6888888888889,0,0,1,0,1,0,1,1,0,0,1,0,0,0,0,0,0,0,0,0,0,0,1,0,0,0,0,0,1
1,54.65,54.65,54.65,0,0,0,0,1,0,0,0,0,0,0,0,0,0,0,0,0,0,1,0,0,0,0,1,0,1,0,0,0
56,103.2,5873.75,104.88839285714286,1,0,1,1,1,0,1,1,0,0,0,0,0,0,1,0,1,0,1,0,1,0,1,1,0,1,0,0,1
15,75.65,1146.65,76.44333333333334,1,1,0,0,1,0,1,1,0,0,0,0,0,0,0,0,0,0,0,0,0,0,0,0,0,1,0,1,0
65,26.5,1698.55,26.13153846153846,0,0,0,0,1,0,1,0,1,1,0,1,0,1,0,1,0,1,0,1,0,0,1,0,0,0,0,0,1
5,64.4,316.9,63.379999999999995,1,0,1,1,1,0,1,0,0,0,1,0,1,0,0,0,1,0,0,0,0,0,0,0,1,0,0,0,0
72,25.2,1798.9,24.984722222222224,1,0,1,1,1,0,1,0,1,1,0,1,0,1,0,1,0,1,0,1,0,0,1,1,0,0,0,0,1
72,97.85,6841.3,95.01805555555556,0,0,1,0,1,0,1,1,0,0,0,0,0,0,1,0,0,0,1,0,1,0,1,1,0,1,0,0,1
34,49.8,1734.2,51.00588235294118,1,0,0,0,1,0,0,0,0,0,0,0,1,0,0,0,0,0,0,0,0,0,0,1,0,1,0,1,0
64,94.25,6081.4,95.021875,1,1,1,0,1,0,1,1,0,0,0,0,1,0,1,0,0,0,0,0,1,0,0,1,0,1,0,0,1
65,20.4,1414.45,21.76076923076923,1,0,1,0,1,0,0,0,1,1,0,1,0,1,0,1,0,1,0,1,0,0,1,1,1,0,0,0,1
54,97.2,5129.45,94.9898148148148,0,0,0,0,1,0,1,1,0,0,0,0,1,0,0,0,0,0,1,0,1,0,1,1,0,0,0,0,1
1,20.35,20.35,20.35,1,0,0,0,1,0,0,0,1,1,0,1,0,1,0,1,0,1,0,1,0,0,0,0,0,0,1,0,0
11,84.8,888.75,80.79545454545455,1,0,0,0,1,0,0,1,0,0,0,0,0,0,1,0,0,0,0,0,1,0,0,0,0,1,0,0,0
6,55.15,322.9,53.81666666666666,0,0,0,0,1,0,0,0,0,0,1,0,1,0,0,0,0,0,0,0,0,0,0,0,0,0,1,0,0
69,24.25,1641.8,23.794202898550726,0,0,1,0,1,0,1,0,1,1,0,1,0,1,0,1,0,1,0,1,0,0,1,0,0,0,0,0,1
3,20.5,76.95,25.650000000000002,1,0,0,0,1,0,0,0,1,1,0,1,0,1,0,1,0,1,0,1,0,0,0,1,0,1,0,0,0
72,65.25,4478.85,62.206250000000004,1,0,1,1,0,1,0,0,0,0,1,0,1,0,1,0,1,0,1,0,1,0,1,1,1,0,0,0,1
52,68.75,3482.85,66.97788461538461,1,0,1,1,1,0,0,0,0,0,0,0,1,0,1,0,1,0,1,0,0,1,0,1,0,1,0,0,1
35,99.05,3554.6,101.56,0,1,0,0,1,0,1,1,0,0,1,0,0,0,0,0,0,0,1,0,1,0,0,1,0,1,0,1,0
64,102.45,6654.1,103.9703125,1,0,1,0,1,0,0,1,0,0,0,0,1,0,1,0,1,0,1,0,1,1,0,1,1,0,0,0,1
66,20.35,1359.5,20.598484848484848,1,0,1,1,1,0,0,0,1,1,0,1,0,1,0,1,0,1,0,1,0,1,0,1,0,1,0,0,1
28,104.8,3046.05,108.78750000000001,0,0,1,0,1,0,1,1,0,0,0,0,0,0,1,0,1,0,1,0,1,0,0,1,0,1,0,1,0
45,112.2,5031.85,111.81888888888889,1,0,0,0,1,0,0,1,0,0,1,0,1,0,1,0,1,0,1,0,1,1,0,0,1,0,0,0,1
44,20.4,905.55,20.580681818181816,1,0,0,0,1,0,0,0,1,1,0,1,0,1,0,1,0,1,0,1,0,0,1,0,1,0,0,0,1
2,85.55,187.45,93.725,0,1,0,0,1,0,1,1,0,0,0,0,0,0,0,0,0,0,1,0,0,0,0,1,0,1,0,0,0
55,75.0,4213.9,76.61636363636363,0,0,1,1,1,0,1,0,0,0,1,0,1,0,0,0,1,0,1,0,0,1,0,1,1,0,0,0,1
2,45.85,81.0,40.5,1,0,0,0,1,0,0,0,0,0,0,0,0,0,0,0,0,0,0,0,0,0,0,0,0,0,1,0,0
72,103.95,7556.9,104.95694444444445,0,0,1,0,1,0,1,1,0,0,1,0,1,0,1,0,1,0,1,0,0,0,1,1,0,0,0,0,1
1,79.55,79.55,79.55,0,0,0,0,1,0,0,1,0,0,0,0,0,0,0,0,0,0,1,0,0,0,0,0,0,1,0,0,0
37,40.2,1448.8,39.15675675675676,1,0,1,1,0,1,0,0,0,0,1,0,1,0,1,0,0,0,0,0,0,0,0,0,0,0,0,0,1
62,69.4,4237.5,68.34677419354838,1,0,0,0,1,0,1,0,0,0,1,0,1,0,1,0,1,0,0,0,0,0,1,0,0,0,0,0,1
11,20.9,202.3,18.39090909090909,0,0,1,1,1,0,0,0,1,1,0,1,0,1,0,1,0,1,0,1,0,0,1,0,1,0,0,0,0
66,19.35,1240.8,18.8,1,0,0,0,1,0,0,0,1,1,0,1,0,1,0,1,0,1,0,1,0,0,1,0,0,0,0,0,1
26,60.7,1597.4,61.43846153846154,0,1,1,0,1,0,0,0,0,0,0,0,0,0,1,0,0,0,0,0,1,1,0,0,0,0,1,1,0
7,19.5,128.6,18.37142857142857,1,0,0,0,1,0,0,0,1,1,0,1,0,1,0,1,0,1,0,1,0,1,0,0,0,0,1,0,0
10,99.85,990.9,99.09,1,0,1,0,1,0,0,1,0,0,0,0,1,0,0,0,1,0,1,0,1,0,0,1,0,1,0,0,0
72,107.45,7576.7,105.23194444444444,0,0,1,1,1,0,1,1,0,0,1,0,0,0,1,0,1,0,1,0,1,0,1,0,0,0,1,0,1
1,69.8,69.8,69.8,1,0,0,0,1,0,0,1,0,0,0,0,0,0,0,0,0,0,0,0,0,0,0,1,0,1,0,0,0
4,50.3,217.1,54.275,0,0,1,1,1,0,0,0,0,0,1,0,0,0,0,0,0,0,0,0,0,0,0,0,0,1,0,0,0
12,19.7,260.9,21.741666666666664,0,0,0,0,1,0,0,0,1,1,0,1,0,1,0,1,0,1,0,1,0,1,0,0,0,0,1,0,0
1,47.95,47.95,47.95,1,0,0,0,1,0,0,0,0,0,1,0,0,0,0,0,0,0,0,0,0,0,0,0,0,1,0,0,0
46,108.9,4854.3,105.52826086956522,0,0,1,0,1,0,1,1,0,0,0,0,1,0,1,0,1,0,1,0,1,0,1,1,1,0,0,0,1
24,51.1,1269.6,52.9,1,0,0,0,1,0,0,0,0,0,0,0,0,0,0,0,1,0,0,0,0,0,0,1,1,0,0,1,0
11,78.0,851.8,77.43636363636364,1,0,0,1,1,0,1,1,0,0,0,0,0,0,1,0,0,0,0,0,0,0,0,1,0,0,1,0,0
20,20.05,400.0,20.0,1,0,1,1,1,0,0,0,1,1,0,1,0,1,0,1,0,1,0,1,0,0,1,0,0,0,1,1,0
33,95.3,3275.15,99.2469696969697,1,0,0,1,1,0,1,1,0,0,1,0,0,0,1,0,0,0,0,0,1,0,0,1,0,0,0,1,0
13,84.45,1058.6,81.43076923076923,0,0,0,0,1,0,1,1,0,0,0,0,1,0,1,0,0,0,0,0,0,0,0,1,0,1,0,1,0
49,20.15,973.35,19.864285714285714,0,0,1,0,1,0,0,0,1,1,0,1,0,1,0,1,0,1,0,1,0,0,1,1,0,0,0,0,1
14,19.6,300.4,21.457142857142856,1,0,0,0,1,0,0,0,1,1,0,1,0,1,0,1,0,1,0,1,0,0,0,0,1,0,0,1,0
24,78.85,1772.25,73.84375,1,1,1,0,1,0,1,1,0,0,1,0,0,0,0,0,0,0,0,0,0,0,0,1,0,1,0,1,0
4,101.15,385.9,96.475,1,0,1,1,1,0,1,1,0,0,0,0,0,0,1,0,0,0,1,0,1,0,0,0,0,1,0,0,0
49,100.6,5069.65,103.46224489795918,1,0,0,1,1,0,1,1,0,0,0,0,0,0,0,0,1,0,1,0,1,1,0,1,0,0,0,0,1
4,19.0,73.45,18.3625,1,0,0,0,1,0,0,0,1,1,0,1,0,1,0,1,0,1,0,1,0,0,0,0,0,0,1,0,0
71,24.55,1719.15,24.213380281690142,0,0,0,0,1,0,1,0,1,1,0,1,0,1,0,1,0,1,0,1,0,0,1,0,0,1,0,0,1
57,20.65,1125.6,19.74736842105263,1,0,0,0,1,0,0,0,1,1,0,1,0,1,0,1,0,1,0,1,0,0,1,0,0,0,0,0,1
19,84.75,1651.95,86.94473684210527,1,0,0,0,1,0,1,1,0,0,1,0,0,0,1,0,0,0,0,0,0,0,0,1,0,1,0,1,0
19,73.85,1424.5,74.97368421052632,1,0,0,0,1,0,0,1,0,0,0,0,1,0,0,0,0,0,0,0,0,0,0,1,1,0,0,1,0
15,85.3,1219.85,81.32333333333332,1,0,0,0,1,0,0,1,0,0,0,0,0,0,1,0,0,0,1,0,0,0,0,0,0,1,0,1,0
50,108.75,5431.9,108.63799999999999,0,1,1,0,1,0,1,1,0,0,1,0,1,0,1,0,0,0,1,0,1,0,0,0,0,0,0,0,1
18,90.0,1527.35,84.85277777777777,0,0,0,0,1,0,1,1,0,0,0,0,1,0,0,0,0,0,1,0,0,0,0,1,1,0,0,1,0
36,60.7,2234.55,62.07083333333334,1,0,1,1,0,1,0,0,0,0,1,0,0,0,1,0,1,0,1,0,1,1,0,0,1,0,0,1,0
38,69.0,2669.45,70.2486842105263,1,0,1,0,1,0,1,0,0,0,0,0,0,0,1,0,1,0,0,0,1,1,0,0,1,0,0,0,1
72,106.1,7657.4,106.35277777777777,0,0,1,1,1,0,1,1,0,0,1,0,1,0,1,0,1,0,1,0,0,0,1,0,1,0,0,0,1
2,24.45,47.5,23.75,1,1,0,0,0,1,0,0,0,0,0,0,0,0,0,0,0,0,0,0,0,0,0,1,0,0,1,0,0
48,75.15,3772.65,78.596875,0,0,0,0,1,0,0,1,0,0,0,0,1,0,0,0,0,0,0,0,0,1,0,0,0,1,0,0,1
1,50.1,50.1,50.1,0,0,0,0,1,0,1,0,0,0,0,0,0,0,0,0,0,0,0,0,0,0,0,1,0,0,1,0,0
69,106.35,7261.75,105.2427536231884,1,0,1,1,1,0,0,1,0,0,1,0,1,0,0,0,1,0,1,0,1,0,1,1,1,0,0,0,1
12,45.0,524.35,43.69583333333333,0,0,0,0,1,0,0,0,0,0,0,0,0,0,0,0,0,0,0,0,0,0,0,1,0,0,0,0,0
4,19.95,82.9,20.725,0,0,1,1,1,0,0,0,1,1,0,1,0,1,0,1,0,1,0,1,0,0,0,1,0,1,0,0,0
1,70.45,70.45,70.45,1,0,0,1,1,0,0,1,0,0,0,0,0,0,0,0,0,0,0,0,0,0,0,1,0,0,1,0,0
46,24.45,1066.15,23.17717391304348,0,0,1,0,1,0,1,0,1,1,0,1,0,1,0,1,0,1,0,1,0,1,0,1,0,0,0,0,1
66,20.55,1357.1,20.562121212121212,1,0,0,1,1,0,0,0,1,1,0,1,0,1,0,1,0,1,0,1,0,0,1,0,0,0,1,0,1
11,36.05,402.6,36.6,0,0,0,1,0,1,0,0,0,0,1,0,0,0,0,0,1,0,0,0,0,1,0,1,0,0,1,0,0
24,35.75,830.8,34.61666666666667,1,0,0,1,0,1,0,0,0,0,1,0,0,0,0,0,1,0,0,0,0,0,1,0,0,0,1,1,0
70,114.75,7842.3,112.03285714285714,1,0,1,1,1,0,1,1,0,0,1,0,1,0,1,0,1,0,1,0,1,0,1,0,1,0,0,0,1
63,19.95,1234.8,19.599999999999998,1,0,1,0,1,0,0,0,1,1,0,1,0,1,0,1,0,1,0,1,0,0,1,1,0,0,0,0,1
6,20.0,109.2,18.2,0,0,0,0,1,0,0,0,1,1,0,1,0,1,0,1,0,1,0,1,0,0,0,0,0,0,1,0,0
14,19.9,283.75,20.267857142857142,1,0,0,0,1,0,0,0,1,1,0,1,0,1,0,1,0,1,0,1,0,0,0,0,0,0,1,1,0
69,26.0,1796.55,26.03695652173913,1,0,1,1,1,0,1,0,1,1,0,1,0,1,0,1,0,1,0,1,0,0,1,1,0,0,0,0,1
7,53.65,404.35,57.76428571428572,0,0,0,0,1,0,1,0,0,0,1,0,0,0,0,0,0,0,0,0,0,0,0,1,0,1,0,0,0
3,79.65,251.75,83.91666666666667,1,0,1,0,1,0,1,1,0,0,0,0,0,0,0,0,1,0,0,0,0,0,0,1,0,0,0,0,0
58,61.05,3478.75,59.97844827586207,0,0,1,0,1,0,1,0,0,0,1,0,0,0,0,0,1,0,0,0,0,1,0,1,0,0,0,0,1
11,25.2,321.05,29.186363636363637,0,0,0,1,0,1,0,0,0,0,0,0,0,0,0,0,0,0,0,0,0,0,0,0,0,1,0,0,0
72,113.4,8164.1,113.39027777777778,1,0,0,0,1,0,1,1,0,0,1,0,1,0,1,0,1,0,1,0,1,0,1,0,0,0,0,0,1
62,25.8,1563.95,25.225,0,0,0,0,1,0,1,0,1,1,0,1,0,1,0,1,0,1,0,1,0,0,1,1,1,0,0,0,1
2,19.85,51.6,25.8,1,0,0,0,1,0,0,0,1,1,0,1,0,1,0,1,0,1,0,1,0,0,0,0,0,0,1,0,0
31,104.35,3205.6,103.40645161290323,0,0,0,0,1,0,1,1,0,0,1,0,1,0,0,0,0,0,1,0,1,0,0,0,0,1,0,1,0
1,23.45,23.45,23.45,1,0,1,0,0,1,0,0,0,0,0,0,0,0,0,0,0,0,0,0,0,0,0,1,0,1,0,0,0
4,19.7,117.8,29.45,1,0,0,0,1,0,0,0,1,1,0,1,0,1,0,1,0,1,0,1,0,1,0,0,0,0,1,0,0
47,95.2,4563.0,97.08510638297872,1,0,1,0,1,0,1,1,0,0,0,0,0,0,0,0,0,0,1,0,1,1,0,1,1,0,0,0,1
41,80.55,3263.9,79.60731707317073,0,0,0,0,1,0,1,0,0,0,0,0,1,0,1,0,0,0,1,0,1,1,0,1,0,1,0,0,1
47,41.9,1875.25,39.898936170212764,0,0,0,0,0,1,0,0,0,0,1,0,0,0,1,0,1,0,0,0,0,0,1,0,0,0,1,0,1
1,35.45,35.45,35.45,1,0,0,0,0,1,0,0,0,0,0,0,0,0,0,0,0,0,0,0,1,0,0,1,0,1,0,0,0
8,19.95,170.9,21.3625,0,0,0,1,1,0,0,0,1,1,0,1,0,1,0,1,0,1,0,1,0,0,0,0,0,0,1,0,0
34,84.75,2839.45,83.51323529411764,0,0,1,1,1,0,0,0,0,0,1,0,1,0,1,0,1,0,1,0,1,0,1,0,0,0,1,1,0
43,24.25,1077.95,25.06860465116279,1,0,1,1,1,0,1,0,1,1,0,1,0,1,0,1,0,1,0,1,0,0,1,0,0,0,1,0,1
4,50.55,235.65,58.9125,0,0,0,0,1,0,0,0,0,0,1,0,0,0,0,0,0,0,0,0,0,0,0,1,0,0,0,0,0
53,97.75,5043.2,95.15471698113207,1,0,1,0,1,0,1,1,0,0,0,0,1,0,0,0,1,0,0,0,1,1,0,0,0,0,0,0,1
69,90.65,6322.1,91.62463768115943,1,0,0,0,1,0,1,0,0,0,1,0,1,0,1,0,1,0,1,0,1,0,1,0,0,0,1,0,1
3,74.5,217.45,72.48333333333333,1,0,0,0,1,0,1,1,0,0,0,0,0,0,0,0,0,0,0,0,0,0,0,0,0,1,0,0,0
64,65.8,4068.0,63.5625,0,0,1,1,1,0,0,0,0,0,1,0,0,0,0,0,1,0,1,0,0,1,0,0,0,0,1,0,1
10,24.8,223.9,22.39,1,0,0,1,1,0,1,0,1,1,0,1,0,1,0,1,0,1,0,1,0,0,0,0,1,0,0,0,0
25,20.6,541.5,21.66,1,0,0,0,1,0,0,0,1,1,0,1,0,1,0,1,0,1,0,1,0,0,0,0,0,0,1,1,0
1,50.6,50.6,50.6,1,0,0,1,1,0,0,0,0,0,1,0,0,0,0,0,0,0,0,0,0,0,0,0,0,0,1,0,0
32,87.65,2766.4,86.45,1,0,0,0,1,0,1,1,0,0,1,0,0,0,0,0,1,0,0,0,0,0,0,0,0,0,0,1,0
36,79.2,2854.95,79.30416666666666,1,0,0,0,1,0,0,0,0,0,1,0,0,0,1,0,1,0,1,0,1,0,0,1,1,0,0,1,0
30,55.3,1530.6,51.019999999999996,0,0,0,0,1,0,0,0,0,0,1,0,1,0,0,0,0,0,0,0,0,0,0,1,0,0,0,1,0
25,74.3,1863.8,74.55199999999999,0,0,0,0,1,0,0,0,0,0,1,0,1,0,1,0,1,0,1,0,0,1,0,0,0,0,1,1,0
29,103.95,2964.8,102.2344827586207,1,1,1,1,1,0,1,1,0,0,0,0,0,0,1,0,0,0,1,0,1,0,0,1,0,1,0,1,0
1,76.0,76.0,76.0,0,0,0,0,1,0,1,1,0,0,0,0,0,0,0,0,0,0,0,0,0,0,0,0,0,1,0,0,0
57,109.4,6252.7,109.69649122807017,0,0,1,0,1,0,1,1,0,0,0,0,1,0,1,0,1,0,1,0,1,1,0,1,0,0,0,0,1
25,19.9,510.8,20.432000000000002,1,0,0,0,1,0,0,0,1,1,0,1,0,1,0,1,0,1,0,1,0,1,0,0,1,0,0,1,0
32,106.35,3520.75,110.0234375,1,1,1,0,1,0,1,1,0,0,0,0,1,0,1,0,0,0,1,0,1,0,0,0,0,0,0,1,0
71,86.85,6263.8,88.22253521126761,1,0,1,1,1,0,1,0,0,0,1,0,1,0,1,0,1,0,1,0,1,0,1,0,0,0,0,0,1
4,35.0,135.75,33.9375,0,0,0,0,0,1,0,0,0,0,1,0,0,0,1,0,0,0,0,0,0,0,0,0,0,0,1,0,0
55,90.15,4916.95,89.3990909090909,0,0,1,0,1,0,1,0,0,0,1,0,1,0,1,0,1,0,1,0,1,1,0,1,0,1,0,0,1
17,91.85,1574.45,92.61470588235295,0,0,1,1,1,0,0,1,0,0,1,0,0,0,0,0,1,0,1,0,0,0,0,0,0,1,0,1,0
63,24.65,1574.5,24.99206349206349,1,0,1,1,1,0,1,0,1,1,0,1,0,1,0,1,0,1,0,1,0,0,1,0,1,0,0,0,1
7,44.4,265.8,37.971428571428575,1,1,0,0,0,1,0,0,0,0,0,0,1,0,0,0,1,0,0,0,1,0,0,1,0,1,0,0,0
72,117.8,8684.8,120.6222222222222,1,0,1,0,1,0,1,1,0,0,1,0,1,0,1,0,1,0,1,0,1,1,0,1,0,0,0,0,1
45,34.2,1596.6,35.48,0,1,0,0,0,1,0,0,0,0,0,0,0,0,0,0,0,0,0,0,1,1,0,0,0,1,0,0,1
1,89.35,89.35,89.35,0,0,0,1,1,0,0,1,0,0,0,0,0,0,0,0,0,0,1,0,1,0,0,1,0,1,0,0,0
72,110.45,8058.85,111.92847222222223,0,0,1,1,1,0,1,1,0,0,1,0,0,0,1,0,1,0,1,0,1,0,1,1,0,0,0,0,1
12,81.45,912.0,76.0,1,0,0,0,1,0,0,1,0,0,0,0,0,0,0,0,0,0,1,0,0,0,0,1,0,1,0,0,0
30,101.5,2917.65,97.25500000000001,1,1,1,0,1,0,1,1,0,0,0,0,0,0,0,0,1,0,1,0,1,0,0,1,0,1,0,1,0
72,112.9,8061.5,111.96527777777777,1,1,1,0,1,0,1,1,0,0,1,0,1,0,1,0,1,0,1,0,1,0,0,1,1,0,0,0,1
25,69.3,1813.1,72.524,0,1,1,0,1,0,0,1,0,0,0,0,0,0,0,0,0,0,0,0,0,0,0,1,0,1,0,1,0
27,85.2,2151.6,79.68888888888888,1,0,1,1,1,0,1,1,0,0,0,0,1,0,0,0,1,0,0,0,0,0,0,1,1,0,0,1,0
58,71.6,4230.25,72.9353448275862,1,0,1,1,1,0,1,0,0,0,1,0,1,0,1,0,1,0,0,0,0,0,1,0,1,0,0,0,1
2,45.0,96.45,48.225,1,0,0,0,1,0,0,0,0,0,0,0,0,0,0,0,0,0,0,0,0,0,0,1,0,0,1,0,0
60,59.8,3561.15,59.3525,1,0,1,0,1,0,0,0,0,0,1,0,0,0,0,0,0,0,1,0,0,1,0,1,0,0,1,0,1
20,19.7,395.6,19.78,0,0,1,1,1,0,0,0,1,1,0,1,0,1,0,1,0,1,0,1,0,1,0,0,0,0,0,1,0
63,83.0,5243.05,83.22301587301588,0,1,0,0,1,0,1,0,0,0,1,0,1,0,1,0,1,0,1,0,0,1,0,0,0,0,0,0,1
14,19.75,309.35,22.09642857142857,1,0,1,1,1,0,0,0,1,1,0,1,0,1,0,1,0,1,0,1,0,1,0,0,0,0,1,1,0
29,20.35,617.35,21.28793103448276,0,0,0,0,1,0,0,0,1,1,0,1,0,1,0,1,0,1,0,1,0,1,0,0,0,0,1,1,0
1,68.95,68.95,68.95,0,0,1,0,1,0,0,1,0,0,0,0,0,0,0,0,0,0,0,0,0,0,0,1,0,1,0,0,0
29,89.65,2623.65,90.47068965517242,1,0,0,0,1,0,0,1,0,0,0,0,1,0,0,0,1,0,1,0,0,0,0,0,0,0,1,1,0
4,51.75,201.1,50.275,1,0,0,0,1,0,1,0,0,0,0,0,0,0,0,0,0,0,0,0,0,0,0,0,1,0,0,0,0
70,115.55,8127.6,116.10857142857144,0,0,0,0,1,0,1,1,0,0,1,0,1,0,1,0,1,0,1,0,1,1,0,0,1,0,0,0,1
6,55.9,365.35,60.89166666666667,0,0,1,1,1,0,0,0,0,0,1,0,1,0,0,0,0,0,0,0,0,0,0,0,1,0,0,0,0
4,94.75,422.4,105.6,1,1,0,0,1,0,0,1,0,0,0,0,0,0,1,0,0,0,1,0,1,0,0,1,0,1,0,0,0
46,19.75,856.5,18.619565217391305,1,0,1,1,1,0,0,0,1,1,0,1,0,1,0,1,0,1,0,1,0,0,1,0,1,0,0,0,1
9,44.4,348.15,38.68333333333333,1,0,0,0,1,0,0,0,0,0,0,0,0,0,0,0,0,0,0,0,0,0,0,1,0,0,1,0,0
1,71.35,71.35,71.35,1,0,0,0,1,0,0,1,0,0,0,0,0,0,0,0,0,0,0,0,0,0,0,1,0,0,1,0,0
31,101.4,3143.65,101.40806451612903,1,0,0,0,1,0,0,1,0,0,0,0,1,0,1,0,0,0,1,0,1,0,0,1,0,1,0,1,0
1,75.35,75.35,75.35,1,1,0,0,1,0,1,1,0,0,0,0,0,0,0,0,0,0,0,0,0,0,0,1,0,1,0,0,0
45,73.85,3371.0,74.91111111111111,1,0,1,1,1,0,1,0,0,0,1,0,1,0,0,0,1,0,1,0,0,0,1,0,1,0,0,0,1
11,64.05,733.95,66.72272727272728,0,0,0,0,1,0,0,0,0,0,1,0,0,0,1,0,0,0,0,0,1,0,0,0,0,0,0,0,0
63,109.85,7002.95,111.15793650793651,0,0,0,0,1,0,1,1,0,0,0,0,1,0,1,0,1,0,1,0,1,0,0,1,1,0,0,0,1
3,24.6,86.35,28.78333333333333,0,0,0,0,1,0,1,0,1,1,0,1,0,1,0,1,0,1,0,1,0,0,0,0,0,0,1,0,0
16,64.25,1024.0,64.0,1,0,1,1,1,0,0,0,0,0,1,0,0,0,1,0,0,0,1,0,0,0,1,0,0,0,1,1,0
19,20.2,382.2,20.11578947368421,0,0,1,1,1,0,0,0,1,1,0,1,0,1,0,1,0,1,0,1,0,0,0,0,0,0,1,1,0
71,79.1,5564.85,78.3781690140845,1,0,1,0,1,0,0,0,0,0,0,0,1,0,1,0,1,0,1,0,1,0,1,1,1,0,0,0,1
17,86.75,1410.25,82.95588235294117,1,0,0,0,1,0,1,1,0,0,0,0,0,0,1,0,1,0,0,0,0,1,0,0,0,1,0,1,0
50,44.8,2230.85,44.617,1,0,1,1,1,0,0,0,0,0,0,0,0,0,0,0,0,0,0,0,0,1,0,1,0,0,0,0,1
2,71.3,157.75,78.875,1,0,0,0,1,0,0,1,0,0,0,0,0,0,0,0,0,0,0,0,0,0,0,1,1,0,0,0,0
34,19.7,675.6,19.870588235294118,1,0,0,0,1,0,0,0,1,1,0,1,0,1,0,1,0,1,0,1,0,0,0,0,0,0,1,1,0
42,56.1,2386.85,56.8297619047619,1,0,1,0,1,0,1,0,0,0,1,0,0,0,0,0,0,0,0,0,0,1,0,0,1,0,0,0,1
69,84.45,5848.6,84.76231884057971,0,0,1,1,1,0,1,1,0,0,1,0,0,0,1,0,0,0,0,0,0,1,0,0,0,0,0,0,1
9,44.2,403.35,44.81666666666667,0,0,0,0,1,0,0,0,0,0,0,0,0,0,0,0,0,0,0,0,0,0,0,1,0,0,0,0,0
4,30.5,118.4,29.6,1,0,0,0,0,1,0,0,0,0,0,0,0,0,0,0,1,0,0,0,0,0,0,0,0,1,0,0,0
54,114.65,6049.5,112.02777777777777,0,0,1,0,1,0,1,1,0,0,1,0,1,0,1,0,1,0,1,0,1,1,0,1,0,0,1,0,1
33,59.4,1952.8,59.17575757575757,0,0,0,0,1,0,1,0,0,0,1,0,0,0,0,0,1,0,0,0,0,1,0,0,0,1,0,1,0
12,84.05,966.55,80.54583333333333,0,0,0,1,1,0,1,1,0,0,0,0,0,0,0,0,0,0,1,0,0,0,0,1,0,1,0,0,0
71,85.45,6300.85,88.7443661971831,1,0,1,1,1,0,1,0,0,0,1,0,0,0,1,0,1,0,1,0,1,1,0,0,0,1,0,0,1
3,29.75,96.85,32.28333333333333,1,0,0,0,0,1,0,0,0,0,0,0,0,0,0,0,1,0,0,0,0,0,0,1,0,1,0,0,0
7,75.15,525.0,75.0,0,0,0,0,1,0,0,1,0,0,0,0,0,0,1,0,0,0,0,0,0,0,0,1,0,1,0,0,0
38,20.05,741.5,19.513157894736842,0,0,0,0,1,0,0,0,1,1,0,1,0,1,0,1,0,1,0,1,0,0,1,0,0,0,1,0,1
19,19.9,357.7,18.826315789473682,1,0,1,1,1,0,0,0,1,1,0,1,0,1,0,1,0,1,0,1,0,1,0,0,0,0,1,1,0
70,84.8,5917.55,84.53642857142857,0,0,1,0,1,0,1,0,0,0,0,0,1,0,1,0,1,0,1,0,1,0,1,1,0,0,0,0,1
54,30.4,1621.35,30.025,1,0,1,0,0,1,0,0,0,0,0,0,1,0,0,0,0,0,0,0,0,0,0,0,0,1,0,0,1
56,65.2,3512.15,62.71696428571429,0,0,1,1,1,0,1,0,0,0,1,0,0,0,0,0,0,0,1,0,0,1,0,0,0,0,0,0,1
65,59.6,3739.8,57.535384615384615,0,0,0,0,1,0,0,0,0,0,1,0,1,0,0,0,1,0,0,0,0,0,1,1,0,0,1,0,1
35,85.15,3030.6,86.58857142857143,1,0,0,1,1,0,0,1,0,0,0,0,0,0,1,0,0,0,1,0,0,1,0,1,0,1,0,1,0
63,81.55,5029.05,79.82619047619048,0,0,1,0,1,0,1,1,0,0,0,0,1,0,0,0,0,0,0,0,0,0,0,1,0,0,0,0,1
37,19.6,727.8,19.67027027027027,0,1,1,0,1,0,0,0,1,1,0,1,0,1,0,1,0,1,0,1,0,1,0,0,0,0,1,0,1
4,90.05,368.1,92.025,1,0,0,0,1,0,1,1,0,0,0,0,1,0,0,0,0,0,0,0,1,0,0,1,0,1,0,0,0
10,98.7,973.25,97.325,0,0,0,0,1,0,1,1,0,0,1,0,0,0,0,0,0,0,1,0,1,0,0,1,0,1,0,0,0
1,70.15,70.15,70.15,0,1,0,0,1,0,0,1,0,0,0,0,0,0,0,0,0,0,0,0,0,0,0,1,0,1,0,0,0
70,19.8,1378.75,19.696428571428573,0,0,1,1,1,0,0,0,1,1,0,1,0,1,0,1,0,1,0,1,0,0,1,0,0,0,0,0,1
22,90.0,1993.8,90.62727272727273,0,0,0,0,1,0,1,1,0,0,0,0,0,0,0,0,1,0,1,0,0,0,0,1,0,1,0,1,0
7,78.5,571.05,81.57857142857142,0,0,0,0,1,0,0,0,0,0,1,0,1,0,0,0,1,0,1,0,1,0,0,1,0,1,0,0,0
31,59.05,1882.8,60.73548387096774,1,0,1,0,1,0,1,0,0,0,0,0,0,0,0,0,0,0,1,0,0,0,0,1,1,0,0,1,0
69,54.95,3772.5,54.67391304347826,0,0,1,1,0,1,0,0,0,0,0,0,1,0,1,0,0,0,1,0,1,0,1,1,1,0,0,0,1
30,104.1,3121.1,104.03666666666666,0,1,0,0,1,0,1,1,0,0,0,0,1,0,1,0,0,0,1,0,1,0,0,1,0,1,0,1,0
53,54.45,2854.55,53.859433962264156,1,1,0,0,0,1,0,0,0,0,0,0,1,0,1,0,0,0,1,0,1,0,0,1,0,1,0,0,1
1,71.55,71.55,71.55,1,0,0,0,1,0,0,1,0,0,0,0,0,0,0,0,0,0,0,0,0,0,0,1,0,0,1,0,0
71,90.1,6310.9,88.88591549295774,0,0,1,0,1,0,1,0,0,0,1,0,1,0,1,0,1,0,1,0,1,0,1,0,0,1,0,0,1
37,36.65,1315.0,35.54054054054054,1,1,0,0,0,1,0,0,0,0,0,0,1,0,1,0,0,0,0,0,0,0,0,0,0,1,0,0,1
69,110.55,7610.1,110.2913043478261,1,1,1,0,1,0,1,1,0,0,1,0,0,0,1,0,1,0,1,0,1,1,0,1,0,0,1,0,1
16,80.75,1321.3,82.58125,1,0,1,0,1,0,0,1,0,0,1,0,1,0,0,0,0,0,0,0,0,0,0,0,0,0,0,1,0
1,19.95,19.95,19.95,1,0,0,0,1,0,0,0,1,1,0,1,0,1,0,1,0,1,0,1,0,0,0,0,0,1,0,0,0
69,61.4,4059.85,58.83840579710145,0,0,1,1,1,0,1,0,0,0,1,0,0,0,0,0,1,0,0,0,0,0,1,0,1,0,0,0,1
21,111.2,2317.1,110.33809523809524,1,0,1,0,1,0,1,1,0,0,0,0,1,0,1,0,1,0,1,0,1,0,0,1,0,1,0,1,0
61,106.45,6300.15,103.2811475409836,1,0,0,0,1,0,1,1,0,0,1,0,0,0,1,0,0,0,1,0,1,0,0,1,0,1,0,0,1
38,105.0,4026.4,105.9578947368421,0,0,1,0,1,0,1,1,0,0,0,0,0,0,1,0,1,0,1,0,1,0,0,1,0,1,0,0,1
1,19.1,19.1,19.1,1,0,0,0,1,0,0,0,1,1,0,1,0,1,0,1,0,1,0,1,0,0,0,0,0,0,1,0,0
23,73.65,1642.75,71.42391304347827,0,0,1,0,1,0,1,0,0,0,0,0,0,0,0,0,1,0,1,0,1,0,0,1,1,0,0,1,0
4,50.4,206.6,51.65,1,0,0,0,1,0,1,0,0,0,0,0,0,0,0,0,0,0,0,0,0,0,0,0,0,0,1,0,0
6,54.85,355.1,59.18333333333334,0,0,1,1,1,0,0,0,0,0,0,0,0,0,0,0,0,0,1,0,0,0,0,0,0,1,0,0,0
19,75.9,1375.6,72.39999999999999,0,0,0,1,1,0,1,0,0,0,1,0,1,0,0,0,1,0,1,0,0,0,0,1,0,0,1,1,0
64,69.25,4447.75,69.49609375,1,0,1,1,1,0,0,0,0,0,1,0,0,0,1,0,1,0,1,0,0,0,1,0,0,0,1,0,1
62,23.75,1446.8,23.335483870967742,1,0,1,0,1,0,1,0,1,1,0,1,0,1,0,1,0,1,0,1,0,1,0,1,1,0,0,0,1
1,81.7,81.7,81.7,1,0,0,0,1,0,1,1,0,0,1,0,0,0,0,0,0,0,0,0,0,0,0,1,0,1,0,0,0
1,30.5,30.5,30.5,0,0,1,1,0,1,0,0,0,0,1,0,0,0,0,0,0,0,0,0,0,0,0,0,0,0,0,0,0
8,29.35,216.45,27.05625,1,0,0,0,0,1,0,0,0,0,1,0,0,0,0,0,0,0,0,0,0,0,0,0,0,0,1,0,0
72,113.65,8124.2,112.83611111111111,0,0,1,0,1,0,1,1,0,0,1,0,1,0,1,0,1,0,1,0,1,0,1,1,1,0,0,0,1
11,60.9,688.5,62.59090909090909,1,0,0,0,1,0,0,0,0,0,0,0,1,0,1,0,1,0,0,0,0,0,0,1,0,1,0,0,0
25,20.1,486.05,19.442,0,0,1,1,1,0,0,0,1,1,0,1,0,1,0,1,0,1,0,1,0,0,1,0,0,0,1,1,0
26,105.75,2710.25,104.24038461538461,1,1,1,1,1,0,1,1,0,0,0,0,1,0,1,0,0,0,1,0,1,0,0,0,0,1,0,1,0
17,74.55,1215.8,71.51764705882353,0,0,1,1,1,0,0,0,0,0,1,0,1,0,0,0,0,0,1,0,1,0,0,0,0,0,1,1,0
11,44.65,472.25,42.93181818181818,0,0,0,0,1,0,0,0,0,0,0,0,0,0,0,0,0,0,0,0,0,0,0,1,0,0,1,0,0
68,20.5,1424.9,20.954411764705885,0,0,0,0,1,0,0,0,1,1,0,1,0,1,0,1,0,1,0,1,0,0,1,0,1,0,0,0,1
59,111.35,6519.75,110.5042372881356,1,0,0,0,1,0,1,1,0,0,0,0,1,0,1,0,1,0,1,0,1,0,0,1,0,1,0,0,1
9,50.8,463.6,51.51111111111111,1,0,0,0,0,1,0,0,0,0,1,0,0,0,1,0,1,0,0,0,1,1,0,0,0,0,1,0,0
2,72.6,154.3,77.15,1,1,0,0,1,0,1,1,0,0,0,0,0,0,0,0,0,0,0,0,0,0,0,1,0,0,1,0,0
47,85.3,4045.65,86.07765957446809,0,0,1,0,1,0,0,1,0,0,0,0,0,0,1,0,0,0,0,0,1,0,0,1,0,1,0,0,1
33,54.6,1803.7,54.657575757575756,1,1,0,0,0,1,0,0,0,0,0,0,0,0,1,0,1,0,1,0,1,0,0,1,0,1,0,1,0
46,19.95,862.4,18.747826086956522,1,0,1,1,1,0,0,0,1,1,0,1,0,1,0,1,0,1,0,1,0,0,1,0,1,0,0,0,1
65,110.8,7245.9,111.47538461538461,0,0,1,1,1,0,1,1,0,0,0,0,1,0,1,0,1,0,1,0,1,0,1,1,1,0,0,0,1
48,29.5,1423.05,29.646874999999998,0,0,1,1,0,1,0,0,0,0,0,0,0,0,0,0,1,0,0,0,0,0,0,1,1,0,0,0,1
2,46.0,84.5,42.25,1,0,0,0,1,0,0,0,0,0,0,0,0,0,0,0,0,0,0,0,0,0,0,1,1,0,0,0,0
1,74.6,74.6,74.6,0,0,0,0,1,0,0,1,0,0,0,0,0,0,1,0,0,0,0,0,0,0,0,1,0,0,1,0,0
1,49.85,49.85,49.85,1,0,0,1,1,0,0,0,0,0,0,0,0,0,1,0,0,0,0,0,0,0,0,1,0,1,0,0,0
26,80.7,2193.0,84.34615384615384,0,0,0,0,1,0,1,1,0,0,0,0,0,0,1,0,0,0,0,0,0,0,0,1,0,1,0,1,0
16,20.4,321.4,20.0875,0,0,1,1,1,0,0,0,1,1,0,1,0,1,0,1,0,1,0,1,0,0,0,0,0,1,0,1,0
49,106.65,5174.35,105.59897959183674,0,0,1,0,1,0,1,1,0,0,1,0,1,0,1,0,1,0,0,0,1,0,1,0,1,0,0,0,1
32,20.35,707.5,22.109375,1,0,0,0,1,0,0,0,1,1,0,1,0,1,0,1,0,1,0,1,0,1,0,0,1,0,0,1,0
29,19.8,572.2,19.731034482758623,1,0,0,0,1,0,0,0,1,1,0,1,0,1,0,1,0,1,0,1,0,1,0,1,0,0,1,1,0
2,24.3,38.45,19.225,1,0,0,0,0,1,0,0,0,0,0,0,0,0,0,0,0,0,0,0,0,0,0,0,0,0,1,0,0
70,90.85,6470.1,92.43,0,1,1,0,1,0,1,1,0,0,1,0,0,0,0,0,0,0,0,0,1,0,0,1,0,1,0,0,1
51,93.65,4839.15,94.88529411764705,1,1,1,0,1,0,1,1,0,0,1,0,0,0,1,0,0,0,0,0,1,1,0,1,0,0,0,0,1
55,60.0,3316.1,60.29272727272727,1,1,1,0,1,0,1,0,0,0,1,0,1,0,0,0,0,0,0,0,0,1,0,0,1,0,0,0,1
5,89.8,502.6,100.52000000000001,1,1,0,0,1,0,1,1,0,0,0,0,1,0,0,0,0,0,0,0,1,0,0,1,0,1,0,0,0
69,24.95,1718.35,24.903623188405795,0,0,1,0,1,0,1,0,1,1,0,1,0,1,0,1,0,1,0,1,0,0,1,1,1,0,0,0,1
14,50.2,668.85,47.775,1,0,1,0,1,0,0,0,0,0,0,0,0,0,1,0,0,0,0,0,0,0,0,0,1,0,0,1,0
72,101.35,7323.15,101.71041666666666,0,0,1,0,1,0,1,1,0,0,0,0,1,0,1,0,0,0,1,0,1,1,0,1,0,1,0,0,1
71,61.4,4310.35,60.70915492957747,0,0,1,0,0,1,0,0,0,0,0,0,1,0,1,0,1,0,1,0,1,0,1,1,1,0,0,0,1
41,20.45,775.6,18.917073170731708,0,0,0,0,1,0,0,0,1,1,0,1,0,1,0,1,0,1,0,1,0,0,0,0,0,1,0,0,1
26,45.8,1147.0,44.11538461538461,0,0,0,1,0,1,0,0,0,0,1,0,0,0,0,0,1,0,0,0,1,0,0,0,0,0,1,1,0
29,78.9,2384.15,82.21206896551725,0,0,0,0,1,0,0,1,0,0,0,0,0,0,0,0,0,0,1,0,0,0,0,1,0,1,0,1,0
55,76.25,4154.55,75.53727272727274,0,1,1,1,1,0,1,0,0,0,1,0,0,0,1,0,1,0,1,0,0,1,0,0,0,1,0,0,1
39,51.05,2066.0,52.97435897435897,0,0,1,1,1,0,0,0,0,0,1,0,0,0,0,0,0,0,0,0,0,0,0,0,1,0,0,0,1
21,82.35,1852.85,88.23095238095237,1,0,0,0,1,0,1,1,0,0,0,0,1,0,0,0,0,0,0,0,0,0,0,1,0,1,0,1,0
48,34.7,1604.5,33.427083333333336,0,0,1,0,0,1,0,0,0,0,0,0,1,0,1,0,0,0,0,0,0,1,0,0,0,0,1,0,1
71,59.7,4122.65,58.06549295774647,0,0,1,1,0,1,0,0,0,0,1,0,1,0,0,0,1,0,1,0,1,0,1,0,0,0,0,0,1
13,88.95,1161.75,89.36538461538461,0,0,0,1,1,0,1,0,0,0,1,0,1,0,1,0,1,0,1,0,1,0,1,0,1,0,0,1,0
4,20.15,84.5,21.125,0,0,0,0,1,0,0,0,1,1,0,1,0,1,0,1,0,1,0,1,0,0,0,0,0,0,1,0,0
70,111.95,7795.95,111.37071428571429,0,0,0,0,1,0,1,1,0,0,1,0,1,0,1,0,1,0,1,0,1,0,1,1,1,0,0,0,1
42,73.9,3160.55,75.25119047619049,0,0,0,0,1,0,0,0,0,0,1,0,1,0,1,0,1,0,0,0,1,1,0,0,1,0,0,0,1
2,20.7,39.85,19.925,0,0,0,0,1,0,0,0,1,1,0,1,0,1,0,1,0,1,0,1,0,0,0,1,0,0,0,0,0
13,20.4,261.3,20.1,0,0,0,0,1,0,0,0,1,1,0,1,0,1,0,1,0,1,0,1,0,0,1,1,0,0,1,1,0
6,45.5,285.2,47.53333333333333,0,0,1,1,1,0,0,0,0,0,0,0,0,0,0,0,0,0,0,0,0,0,0,0,0,0,1,0,0
1,71.1,71.1,71.1,0,0,0,0,1,0,0,1,0,0,0,0,0,0,0,0,0,0,0,0,0,0,0,0,0,0,1,0,0
29,19.85,573.05,19.760344827586206,0,0,1,0,1,0,0,0,1,1,0,1,0,1,0,1,0,1,0,1,0,0,0,0,0,0,1,1,0
59,51.7,3005.8,50.94576271186441,1,0,0,0,0,1,0,0,0,0,0,0,0,0,0,0,1,0,1,0,1,0,0,1,0,1,0,0,1
65,45.25,2933.95,45.137692307692305,0,0,0,1,0,1,0,0,0,0,0,0,1,0,0,0,1,0,1,0,0,0,1,0,0,0,1,0,1
71,90.4,6668.05,93.91619718309859,1,0,1,1,1,0,1,0,0,0,1,0,1,0,1,0,1,0,1,0,1,0,1,0,0,1,0,0,1
51,83.4,4149.45,81.36176470588235,1,0,0,0,1,0,1,1,0,0,0,0,0,0,0,0,0,0,0,0,1,0,0,0,0,0,0,0,1
18,20.1,370.5,20.583333333333332,0,0,1,0,1,0,0,0,1,1,0,1,0,1,0,1,0,1,0,1,0,0,1,0,0,0,1,1,0
16,38.9,664.4,41.525,0,0,0,0,0,1,0,0,0,0,1,0,0,0,0,0,0,0,1,0,0,0,0,1,0,1,0,1,0
34,116.15,3946.9,116.08529411764707,0,0,0,1,1,0,1,1,0,0,1,0,1,0,1,0,1,0,1,0,1,0,1,1,1,0,0,1,0
17,80.05,1345.65,79.15588235294118,0,0,0,0,1,0,1,1,0,0,0,0,0,0,1,0,0,0,0,0,0,0,0,0,0,0,0,1,0
31,59.95,1848.8,59.63870967741936,1,0,1,1,0,1,0,0,0,0,1,0,0,0,1,0,1,0,1,0,1,1,0,0,0,1,0,1,0
28,92.2,2568.15,91.71964285714286,1,0,1,1,1,0,1,1,0,0,0,0,0,0,0,0,0,0,1,0,1,1,0,0,0,0,0,1,0
53,92.55,4779.45,90.17830188679245,1,0,1,1,1,0,0,1,0,0,0,0,1,0,0,0,1,0,1,0,0,0,0,1,0,1,0,0,1
60,64.75,4039.5,67.325,0,0,0,0,1,0,1,0,0,0,1,0,0,0,1,0,1,0,0,0,0,1,0,0,0,1,0,0,1
23,48.35,1067.15,46.39782608695653,1,0,1,1,1,0,1,0,0,0,0,0,0,0,0,0,0,0,0,0,0,1,0,1,1,0,0,1,0
69,107.2,7317.1,106.0449275362319,1,0,1,0,1,0,1,1,0,0,1,0,1,0,1,0,1,0,0,0,1,1,0,1,1,0,0,0,1
25,20.75,499.4,19.976,1,0,0,0,1,0,0,0,1,1,0,1,0,1,0,1,0,1,0,1,0,0,1,1,0,0,1,1,0
49,98.7,4920.55,100.41938775510205,1,0,0,0,1,0,1,1,0,0,0,0,1,0,0,0,0,0,1,0,1,0,0,0,0,1,0,0,1
55,98.8,5617.75,102.14090909090909,1,1,0,0,1,0,1,1,0,0,1,0,0,0,0,0,0,0,1,0,1,0,0,1,0,1,0,0,1
16,85.35,1375.15,85.946875,0,1,1,0,1,0,1,1,0,0,0,0,0,0,0,0,0,0,0,0,1,0,0,1,1,0,0,1,0
62,94.0,5757.2,92.85806451612903,0,0,0,0,1,0,1,1,0,0,0,0,0,0,0,0,0,0,1,0,1,1,0,1,0,0,0,0,1
58,93.4,5435.6,93.71724137931035,0,0,1,1,1,0,1,1,0,0,1,0,1,0,0,0,0,0,0,0,1,0,0,1,0,0,0,0,1
69,19.4,1346.2,19.51014492753623,0,0,1,1,1,0,0,0,1,1,0,1,0,1,0,1,0,1,0,1,0,0,1,0,0,0,1,0,1
1,76.2,76.2,76.2,1,0,1,0,1,0,0,1,0,0,0,0,0,0,1,0,0,0,0,0,0,0,0,0,0,1,0,0,0
27,56.15,1439.35,53.30925925925926,0,0,0,0,1,0,0,0,0,0,0,0,1,0,0,0,1,0,0,0,0,0,0,1,0,0,1,1,0
49,81.35,4060.9,82.87551020408164,1,1,0,0,1,0,1,0,0,0,1,0,1,0,1,0,1,0,0,0,1,0,1,0,1,0,0,0,1
1,85.45,85.45,85.45,0,0,0,0,1,0,0,1,0,0,0,0,0,0,1,0,0,0,1,0,0,0,0,1,0,1,0,0,0
65,24.8,1600.95,24.63,1,0,0,0,1,0,1,0,1,1,0,1,0,1,0,1,0,1,0,1,0,1,0,0,1,0,0,0,1
39,103.45,3994.45,102.42179487179487,0,0,0,0,1,0,1,1,0,0,0,0,1,0,1,0,0,0,1,0,1,0,0,1,0,1,0,0,1
43,86.1,3551.65,82.59651162790698,1,0,1,0,1,0,0,1,0,0,1,0,1,0,1,0,0,0,0,0,0,0,0,1,1,0,0,0,1
20,24.45,482.8,24.14,0,0,1,0,0,1,0,0,0,0,0,0,0,0,0,0,0,0,0,0,0,0,0,1,0,1,0,1,0
12,85.05,999.8,83.31666666666666,1,0,1,0,1,0,0,1,0,0,0,0,1,0,0,0,0,0,0,0,1,0,0,1,1,0,0,0,0
6,19.65,100.9,16.816666666666666,1,0,0,1,1,0,0,0,1,1,0,1,0,1,0,1,0,1,0,1,0,0,0,0,0,0,1,0,0
68,25.5,1821.8,26.791176470588233,0,0,0,0,1,0,1,0,1,1,0,1,0,1,0,1,0,1,0,1,0,0,1,0,0,0,0,0,1
47,66.05,3021.45,64.28617021276595,0,0,1,0,1,0,0,0,0,0,1,0,0,0,1,0,0,0,1,0,0,1,0,1,1,0,0,0,1
62,115.55,7159.05,115.46854838709677,1,0,1,1,1,0,1,1,0,0,1,0,1,0,1,0,1,0,1,0,1,0,1,0,0,0,0,0,1
56,98.7,5669.5,101.24107142857143,0,0,1,0,1,0,0,1,0,0,0,0,0,0,1,0,1,0,1,0,1,0,0,1,0,1,0,0,1
17,19.35,307.0,18.058823529411764,0,0,1,0,1,0,0,0,1,1,0,1,0,1,0,1,0,1,0,1,0,1,0,0,0,0,1,1,0
35,80.05,2835.9,81.02571428571429,0,0,0,0,1,0,1,1,0,0,0,0,0,0,0,0,1,0,0,0,0,0,0,0,1,0,0,1,0
2,79.2,172.85,86.425,0,1,1,0,1,0,1,1,0,0,0,0,0,0,1,0,0,0,0,0,0,0,0,0,0,1,0,0,0
1,35.0,35.0,35.0,0,0,1,0,0,1,0,0,0,0,0,0,0,0,0,0,0,0,0,0,1,0,0,0,0,1,0,0,0
48,103.25,5037.55,104.94895833333334,0,0,1,1,1,0,1,1,0,0,1,0,1,0,0,0,0,0,1,0,1,1,0,1,1,0,0,0,1
45,89.3,4192.15,93.15888888888888,0,0,0,0,1,0,1,1,0,0,0,0,0,0,1,0,0,0,0,0,1,0,0,1,1,0,0,0,1
70,90.15,6237.05,89.10071428571429,1,0,1,1,1,0,1,0,0,0,1,0,1,0,1,0,1,0,1,0,1,0,1,1,1,0,0,0,1
31,78.45,2435.15,78.55322580645162,1,0,0,0,1,0,0,1,0,0,0,0,1,0,0,0,1,0,0,0,0,0,0,1,0,1,0,1,0
59,25.0,1510.5,25.60169491525424,1,0,0,0,1,0,1,0,1,1,0,1,0,1,0,1,0,1,0,1,0,0,1,0,0,0,1,0,1
47,84.95,4018.05,85.4904255319149,1,1,1,1,1,0,0,1,0,0,0,0,1,0,0,0,0,0,1,0,0,1,0,1,0,0,0,0,1
32,18.95,613.95,19.1859375,1,0,1,1,1,0,0,0,1,1,0,1,0,1,0,1,0,1,0,1,0,0,1,0,0,0,1,1,0
38,70.6,2708.2,71.26842105263158,1,0,0,0,1,0,0,0,0,0,1,0,1,0,0,0,1,0,1,0,0,1,0,0,0,0,1,0,1
59,83.25,4949.1,83.88305084745764,0,0,0,0,1,0,1,1,0,0,0,0,1,0,1,0,0,0,0,0,0,0,0,1,0,1,0,0,1
27,100.5,2673.45,99.01666666666667,1,0,0,0,1,0,1,1,0,0,0,0,0,0,1,0,0,0,1,0,1,1,0,1,0,0,0,1,0
58,94.3,5610.15,96.72672413793103,0,0,1,0,1,0,1,1,0,0,0,0,1,0,1,0,0,0,0,0,1,1,0,1,0,1,0,0,1
71,111.3,7985.9,112.47746478873239,0,0,0,0,1,0,1,1,0,0,1,0,1,0,1,0,1,0,1,0,1,0,1,0,0,0,1,0,1
27,86.45,2401.05,88.92777777777779,0,1,0,0,1,0,1,1,0,0,0,0,1,0,1,0,0,0,0,0,0,0,0,1,0,0,0,1,0
65,103.15,6792.45,104.49923076923076,1,1,1,0,1,0,1,1,0,0,0,0,1,0,1,0,0,0,1,0,1,1,0,1,0,0,0,0,1
48,70.95,3629.2,75.60833333333333,1,0,0,0,1,0,1,0,0,0,1,0,0,0,0,0,1,0,0,0,1,1,0,1,0,0,0,0,1
28,80.6,2244.95,80.17678571428571,0,0,0,0,1,0,0,1,0,0,0,0,0,0,0,0,0,0,0,0,1,0,0,1,0,1,0,1,0
19,24.7,465.85,24.51842105263158,0,0,0,0,1,0,1,0,1,1,0,1,0,1,0,1,0,1,0,1,0,0,0,0,0,0,0,1,0
58,75.8,4415.75,76.13362068965517,0,0,1,1,1,0,1,0,0,0,1,0,0,0,1,0,1,0,1,0,0,0,1,0,0,0,1,0,1
53,100.3,5200.8,98.12830188679246,0,0,0,0,1,0,0,1,0,0,0,0,1,0,1,0,0,0,1,0,1,1,0,1,0,0,1,0,1
40,94.55,3640.45,91.01124999999999,0,1,1,1,1,0,1,1,0,0,0,0,0,0,0,0,0,0,1,0,1,0,0,1,1,0,0,0,1
1,19.25,19.25,19.25,1,0,0,1,1,0,0,0,1,1,0,1,0,1,0,1,0,1,0,1,0,0,0,0,0,0,1,0,0
40,104.5,4036.85,100.92125,1,0,0,0,1,0,1,1,0,0,0,0,1,0,1,0,0,0,1,0,1,0,0,1,1,0,0,0,1
61,25.45,1538.6,25.22295081967213,1,0,1,0,1,0,1,0,1,1,0,1,0,1,0,1,0,1,0,1,0,0,1,0,0,0,0,0,1
66,110.85,7491.75,113.51136363636364,1,1,1,0,1,0,1,1,0,0,0,0,1,0,1,0,1,0,1,0,1,1,0,1,0,1,0,0,1
40,40.25,1564.05,39.10125,1,0,0,1,0,1,0,0,0,0,1,0,1,0,0,0,1,0,0,0,0,1,0,0,0,0,1,0,1
15,99.7,1566.75,104.45,1,0,0,0,1,0,1,1,0,0,1,0,0,0,0,0,0,0,1,0,1,0,0,1,0,1,0,1,0
68,25.75,1686.15,24.796323529411765,1,0,1,1,1,0,1,0,1,1,0,1,0,1,0,1,0,1,0,1,0,0,1,0,0,0,1,0,1
12,80.45,950.2,79.18333333333334,1,1,1,0,1,0,0,1,0,0,0,0,0,0,0,0,0,0,0,0,1,0,0,1,0,1,0,0,0
1,19.4,19.4,19.4,0,0,0,0,1,0,0,0,1,1,0,1,0,1,0,1,0,1,0,1,0,0,0,0,1,0,0,0,0
8,19.5,162.15,20.26875,0,0,1,1,1,0,0,0,1,1,0,1,0,1,0,1,0,1,0,1,0,0,1,0,0,0,1,0,0
40,74.8,2971.7,74.29249999999999,0,0,0,0,1,0,0,1,0,0,0,0,1,0,0,0,0,0,0,0,0,0,0,0,1,0,0,0,1
72,102.65,7550.3,104.86527777777778,1,1,1,0,1,0,1,1,0,0,1,0,1,0,1,0,0,0,0,0,1,0,1,1,1,0,0,0,1
9,72.9,651.4,72.37777777777778,0,0,0,1,1,0,0,0,0,0,0,0,0,0,1,0,1,0,1,0,1,0,0,1,0,0,1,0,0
15,58.95,955.15,63.67666666666666,0,0,0,0,1,0,0,0,0,0,1,0,0,0,1,0,1,0,0,0,0,0,0,0,0,1,0,1,0
1,19.45,19.45,19.45,1,0,0,0,1,0,0,0,1,1,0,1,0,1,0,1,0,1,0,1,0,0,0,0,0,1,0,0,0
33,83.35,2757.85,83.57121212121211,0,0,0,0,1,0,1,1,0,0,0,0,0,0,0,0,0,0,0,0,1,0,0,1,0,1,0,1,0
38,19.95,756.4,19.905263157894737,0,0,1,1,1,0,0,0,1,1,0,1,0,1,0,1,0,1,0,1,0,0,1,1,0,0,1,0,1
55,64.75,3617.1,65.76545454545455,0,0,0,0,1,0,0,0,0,0,0,0,1,0,1,0,0,0,0,0,1,0,1,1,0,0,1,0,1
65,79.4,5071.9,78.02923076923076,0,0,1,1,1,0,1,0,0,0,0,0,1,0,0,0,1,0,1,0,1,0,1,1,0,0,0,0,1
4,54.7,235.05,58.7625,0,0,1,0,1,0,0,0,0,0,1,0,1,0,0,0,0,0,0,0,0,0,0,0,0,0,1,0,0
43,106.0,4532.3,105.40232558139536,0,0,0,1,1,0,0,1,0,0,1,0,1,0,0,0,1,0,1,0,1,1,0,1,1,0,0,0,1
18,35.2,607.3,33.73888888888889,0,0,0,0,0,1,0,0,0,0,0,0,0,0,1,0,1,0,0,0,0,0,0,1,0,1,0,1,0
1,93.55,93.55,93.55,1,1,0,0,1,0,1,1,0,0,0,0,0,0,0,0,0,0,1,0,1,0,0,1,0,1,0,0,0
1,18.9,18.9,18.9,1,0,0,0,1,0,0,0,1,1,0,1,0,1,0,1,0,1,0,1,0,0,0,0,0,0,1,0,0
3,70.3,208.85,69.61666666666666,1,0,1,0,1,0,0,1,0,0,0,0,0,0,0,0,0,0,0,0,0,0,0,1,0,1,0,0,0
41,20.65,875.55,21.35487804878049,0,0,1,0,1,0,0,0,1,1,0,1,0,1,0,1,0,1,0,1,0,0,1,0,1,0,0,0,1
16,88.45,1422.1,88.88125,0,0,0,0,1,0,1,1,0,0,0,0,0,0,1,0,0,0,0,0,1,0,0,1,0,1,0,1,0
5,80.2,384.25,76.85,0,0,0,0,1,0,0,1,0,0,0,0,0,0,0,0,0,0,1,0,0,0,0,0,0,1,0,0,0
56,105.35,5794.45,103.47232142857142,1,0,0,0,1,0,1,1,0,0,1,0,0,0,0,0,1,0,1,0,1,0,0,1,0,0,1,0,1
28,25.7,734.6,26.235714285714288,0,1,1,0,1,0,1,0,1,1,0,1,0,1,0,1,0,1,0,1,0,0,0,0,0,0,1,1,0
54,20.05,1102.4,20.414814814814818,0,0,1,0,1,0,0,0,1,1,0,1,0,1,0,1,0,1,0,1,0,0,1,0,1,0,0,0,1
1,19.5,19.5,19.5,1,0,0,0,1,0,0,0,1,1,0,1,0,1,0,1,0,1,0,1,0,0,0,1,0,0,1,0,0
42,108.3,4586.15,109.19404761904761,1,0,1,0,1,0,1,1,0,0,0,0,0,0,1,0,1,0,1,0,1,1,0,1,0,1,0,0,1
66,105.65,6844.5,103.70454545454545,1,0,0,0,1,0,0,1,0,0,1,0,0,0,1,0,1,0,1,0,1,0,1,1,0,0,0,0,1
8,84.0,613.4,76.675,0,1,1,0,1,0,1,1,0,0,0,0,0,0,0,0,0,0,0,0,1,0,0,1,0,1,0,0,0
14,25.55,372.45,26.603571428571428,0,0,1,1,1,0,1,0,1,1,0,1,0,1,0,1,0,1,0,1,0,0,0,0,0,0,1,1,0
43,49.05,2076.2,48.283720930232555,0,0,0,0,0,1,0,0,0,0,0,0,0,0,1,0,0,0,1,0,1,0,0,1,0,0,0,0,1
70,49.85,3370.2,48.145714285714284,0,0,1,0,0,1,0,0,0,0,1,0,0,0,1,0,1,0,0,0,1,0,1,1,0,0,0,0,1
31,89.3,2823.0,91.06451612903226,1,0,1,1,1,0,1,1,0,0,1,0,0,0,1,0,1,0,0,0,0,0,0,0,0,1,0,1,0
72,111.9,8071.05,112.09791666666666,1,0,1,0,1,0,1,1,0,0,1,0,0,0,1,0,1,0,1,0,1,0,1,1,1,0,0,0,1
34,67.65,2339.3,68.8029411764706,0,0,0,1,1,0,0,0,0,0,1,0,0,0,1,0,1,0,1,0,0,0,1,0,1,0,0,1,0
19,19.8,344.5,18.13157894736842,1,0,1,1,1,0,0,0,1,1,0,1,0,1,0,1,0,1,0,1,0,1,0,0,0,0,1,1,0
53,106.1,5769.75,108.86320754716981,0,0,1,0,1,0,0,1,0,0,1,0,1,0,1,0,0,0,1,0,1,1,0,1,0,0,0,0,1
3,40.3,92.5,30.833333333333332,0,0,1,1,0,1,0,0,0,0,0,0,1,0,0,0,0,0,0,0,1,0,0,0,0,0,1,0,0
13,79.8,973.45,74.88076923076923,1,0,0,0,1,0,0,1,0,0,0,0,1,0,1,0,0,0,0,0,0,0,0,1,0,1,0,1,0
24,74.4,1712.9,71.37083333333334,1,0,1,0,1,0,0,0,0,0,1,0,0,0,0,0,1,0,1,0,1,1,0,0,0,0,0,1,0
4,88.85,372.45,93.1125,0,1,0,0,1,0,1,1,0,0,0,0,0,0,1,0,0,0,0,0,1,0,0,1,0,1,0,0,0
32,79.5,2665.0,83.28125,0,1,0,0,1,0,0,1,0,0,0,0,0,0,0,0,0,0,0,0,1,0,0,1,0,1,0,1,0
39,40.3,1630.4,41.805128205128206,0,0,0,0,0,1,0,0,0,0,1,0,1,0,0,0,1,0,0,0,0,1,0,1,0,0,0,0,1
72,109.75,7758.9,107.76249999999999,1,0,1,0,1,0,1,1,0,0,0,0,1,0,1,0,1,0,1,0,1,0,1,1,1,0,0,0,1
60,105.9,6396.45,106.6075,0,0,0,0,1,0,1,1,0,0,0,0,1,0,1,0,0,0,1,0,1,0,0,1,0,1,0,0,1
4,25.45,84.2,21.05,0,0,0,1,1,0,1,0,1,1,0,1,0,1,0,1,0,1,0,1,0,0,0,1,0,0,1,0,0
72,24.75,1777.6,24.688888888888886,1,0,0,0,1,0,1,0,1,1,0,1,0,1,0,1,0,1,0,1,0,0,1,0,0,0,0,0,1
9,48.75,442.2,49.13333333333333,0,0,1,0,0,1,0,0,0,0,0,0,0,0,1,0,0,0,1,0,1,0,0,1,0,1,0,0,0
29,39.5,1082.75,37.33620689655172,0,0,0,0,0,1,0,0,0,0,1,0,1,0,0,0,1,0,0,0,0,1,0,0,1,0,0,1,0
18,23.75,424.5,23.583333333333332,1,0,0,0,1,0,1,0,1,1,0,1,0,1,0,1,0,1,0,1,0,1,0,0,0,0,1,1,0
72,89.55,6448.85,89.56736111111111,0,1,1,1,1,0,1,0,0,0,1,0,1,0,1,0,1,0,1,0,1,0,1,1,1,0,0,0,1
2,20.05,42.7,21.35,1,0,0,0,1,0,0,0,1,1,0,1,0,1,0,1,0,1,0,1,0,0,0,0,0,0,1,0,0
71,109.6,7854.15,110.6218309859155,1,0,1,0,1,0,1,1,0,0,1,0,1,0,1,0,0,0,1,0,1,1,0,1,0,1,0,0,1
8,19.55,161.15,20.14375,1,0,1,0,1,0,0,0,1,1,0,1,0,1,0,1,0,1,0,1,0,0,0,1,0,0,0,0,0
72,88.05,6425.65,89.24513888888889,0,1,1,1,1,0,1,0,0,0,1,0,1,0,1,0,1,0,1,0,1,0,1,1,1,0,0,0,1
71,70.85,4973.4,70.04788732394366,1,0,1,1,1,0,0,0,0,0,1,0,0,0,1,0,1,0,0,0,1,0,1,1,1,0,0,0,1
44,106.05,4510.8,102.51818181818182,1,0,0,0,1,0,0,1,0,0,1,0,1,0,1,0,0,0,1,0,1,1,0,1,0,1,0,0,1
47,24.55,1160.45,24.690425531914894,1,0,1,1,1,0,1,0,1,1,0,1,0,1,0,1,0,1,0,1,0,0,1,0,0,0,1,0,1
27,110.5,2857.6,105.83703703703704,0,1,0,0,1,0,1,1,0,0,1,0,1,0,1,0,0,0,1,0,1,1,0,1,0,0,0,1,0
1,49.75,49.75,49.75,1,0,0,0,1,0,0,0,0,0,1,0,0,0,0,0,0,0,0,0,0,0,0,0,0,1,0,0,0
46,24.95,1165.9,25.345652173913045,0,0,1,1,1,0,1,0,1,1,0,1,0,1,0,1,0,1,0,1,0,1,0,0,0,0,1,0,1
11,34.7,383.55,34.86818181818182,1,0,0,0,0,1,0,0,0,0,0,0,1,0,1,0,0,0,0,0,0,0,0,0,0,0,1,0,0
41,99.8,4259.3,103.88536585365854,1,1,1,0,1,0,1,1,0,0,0,0,0,0,1,0,0,0,1,0,1,0,0,1,0,1,0,0,1
69,61.45,4131.2,59.87246376811594,0,0,1,0,1,0,0,0,0,0,0,0,1,0,0,0,0,0,0,0,1,0,1,1,1,0,0,0,1
13,19.95,253.8,19.523076923076925,1,0,0,0,1,0,0,0,1,1,0,1,0,1,0,1,0,1,0,1,0,1,0,1,0,1,0,1,0
45,20.0,886.4,19.697777777777777,0,0,1,1,1,0,0,0,1,1,0,1,0,1,0,1,0,1,0,1,0,0,1,1,0,0,0,0,1
24,24.6,592.65,24.693749999999998,1,0,0,0,1,0,1,0,1,1,0,1,0,1,0,1,0,1,0,1,0,1,0,0,0,1,0,1,0
65,25.75,1654.75,25.45769230769231,1,0,0,0,1,0,1,0,1,1,0,1,0,1,0,1,0,1,0,1,0,0,1,0,0,0,1,0,1
1,49.55,49.55,49.55,0,1,1,0,1,0,0,0,0,0,1,0,0,0,0,0,0,0,0,0,0,0,0,1,0,1,0,0,0
51,76.4,3966.3,77.77058823529413,1,0,1,1,1,0,0,0,0,0,1,0,0,0,0,0,1,0,1,0,1,1,0,1,0,0,0,0,1
11,20.0,211.95,19.268181818181816,0,0,0,0,1,0,0,0,1,1,0,1,0,1,0,1,0,1,0,1,0,1,0,0,0,0,1,0,0
5,96.25,512.45,102.49000000000001,0,0,0,0,1,0,0,1,0,0,0,0,1,0,0,0,0,0,1,0,1,0,0,1,0,1,0,0,0
8,19.7,168.9,21.1125,1,0,0,0,1,0,0,0,1,1,0,1,0,1,0,1,0,1,0,1,0,0,0,1,0,0,0,0,0
71,80.4,5727.15,80.66408450704225,1,0,1,0,1,0,1,0,0,0,1,0,1,0,1,0,1,0,0,0,1,0,1,0,1,0,0,0,1
15,94.0,1505.45,100.36333333333333,0,0,0,0,1,0,0,1,0,0,0,0,0,0,1,0,0,0,1,0,1,0,0,1,1,0,0,1,0
28,20.5,563.05,20.10892857142857,0,0,1,0,1,0,0,0,1,1,0,1,0,1,0,1,0,1,0,1,0,0,0,0,0,0,1,1,0
16,74.75,1129.35,70.584375,0,0,0,0,1,0,1,1,0,0,0,0,0,0,0,0,0,0,0,0,0,0,0,1,1,0,0,1,0
53,64.15,3491.55,65.87830188679246,1,0,1,1,1,0,1,0,0,0,1,0,1,0,0,0,1,0,0,0,0,1,0,0,0,0,0,0,1
14,59.45,780.85,55.775,0,0,1,1,1,0,0,0,0,0,1,0,1,0,0,0,1,0,0,0,0,0,0,0,0,0,0,1,0
49,100.65,4917.75,100.36224489795919,0,0,0,0,1,0,0,1,0,0,0,0,0,0,1,0,1,0,1,0,1,0,1,0,1,0,0,0,1
71,47.05,3263.6,45.96619718309859,0,0,1,0,0,1,0,0,0,0,0,0,0,0,1,0,1,0,0,0,1,0,1,1,0,1,0,0,1
45,20.85,892.15,19.825555555555557,0,0,1,1,1,0,0,0,1,1,0,1,0,1,0,1,0,1,0,1,0,0,1,0,0,0,1,0,1
53,98.4,5149.5,97.16037735849056,0,0,1,0,1,0,1,1,0,0,0,0,1,0,0,0,0,0,1,0,1,0,0,1,1,0,0,0,1
26,44.45,1183.8,45.53076923076923,0,0,0,0,0,1,0,0,0,0,0,0,0,0,1,0,1,0,1,0,0,0,0,1,1,0,0,1,0
67,86.15,5883.85,87.81865671641792,0,0,1,0,1,0,1,0,0,0,0,0,1,0,1,0,1,0,1,0,1,0,1,0,0,0,0,0,1
2,84.05,134.05,67.025,0,0,1,0,1,0,1,1,0,0,0,0,0,0,0,0,0,0,1,0,0,0,0,1,0,1,0,0,0
17,82.65,1470.05,86.4735294117647,0,1,0,0,1,0,1,1,0,0,0,0,0,0,1,0,0,0,0,0,0,0,0,1,1,0,0,1,0
13,82.0,1127.2,86.70769230769231,0,1,0,0,1,0,1,1,0,0,0,0,0,0,0,0,0,0,0,0,1,0,0,1,0,1,0,1,0
71,106.7,7382.25,103.97535211267606,1,0,0,1,1,0,1,1,0,0,1,0,0,0,1,0,0,0,1,0,1,0,1,0,0,0,0,0,1
68,58.25,3975.7,58.46617647058823,0,0,1,0,1,0,1,0,0,0,1,0,0,0,0,0,1,0,0,0,0,1,0,0,0,0,0,0,1
1,19.7,19.7,19.7,1,0,1,1,1,0,0,0,1,1,0,1,0,1,0,1,0,1,0,1,0,0,0,0,0,0,1,0,0
10,19.95,219.5,21.95,1,0,0,1,1,0,0,0,1,1,0,1,0,1,0,1,0,1,0,1,0,1,0,1,0,0,0,0,0
41,78.45,3126.45,76.25487804878048,0,0,1,1,1,0,0,0,0,0,1,0,1,0,0,0,1,0,1,0,1,0,1,0,0,1,0,0,1
31,50.4,1580.1,50.97096774193548,0,1,1,0,0,1,0,0,0,0,1,0,1,0,1,0,0,0,0,0,1,1,0,1,1,0,0,1,0
11,69.35,712.25,64.75,1,0,0,0,1,0,0,0,0,0,0,0,0,0,1,0,0,0,1,0,1,0,0,1,0,1,0,0,0
1,25.0,25.0,25.0,1,0,0,0,1,0,1,0,1,1,0,1,0,1,0,1,0,1,0,1,0,0,0,1,0,0,1,0,0
22,20.15,432.5,19.65909090909091,1,0,0,1,1,0,0,0,1,1,0,1,0,1,0,1,0,1,0,1,0,0,0,0,1,0,0,1,0
57,90.45,5229.8,91.75087719298246,1,0,0,0,1,0,1,1,0,0,0,0,0,0,0,0,1,0,1,0,0,0,1,1,1,0,0,0,1
12,51.25,612.1,51.00833333333333,0,0,1,0,1,0,0,0,0,0,0,0,1,0,0,0,0,0,0,0,0,0,0,1,0,1,0,0,0
67,25.6,1790.35,26.721641791044775,0,0,0,0,1,0,1,0,1,1,0,1,0,1,0,1,0,1,0,1,0,0,1,1,0,0,0,0,1
29,33.75,1009.25,34.80172413793103,1,0,1,0,0,1,0,0,0,0,0,0,0,0,0,0,0,0,1,0,0,0,0,0,0,0,1,1,0
4,20.5,77.6,19.4,1,0,1,1,1,0,0,0,1,1,0,1,0,1,0,1,0,1,0,1,0,0,0,1,0,0,1,0,0
25,48.25,1293.8,51.751999999999995,0,0,0,0,0,1,0,0,0,0,0,0,0,0,1,0,0,0,1,0,1,0,0,1,0,1,0,1,0
72,55.65,3880.05,53.889583333333334,0,0,1,1,0,1,0,0,0,0,1,0,1,0,1,0,1,0,0,0,1,0,1,0,1,0,0,0,1
72,89.4,6376.55,88.56319444444445,1,0,1,1,1,0,1,0,0,0,1,0,1,0,1,0,1,0,1,0,1,0,1,1,0,0,1,0,1
9,40.75,359.4,39.93333333333333,0,0,0,0,0,1,0,0,0,0,0,0,1,0,0,0,0,0,0,0,1,0,0,0,0,1,0,0,0
53,69.7,3686.05,69.54811320754717,1,0,1,1,1,0,1,0,0,0,1,0,1,0,0,0,0,0,0,0,1,0,1,0,0,0,0,0,1
68,110.8,7553.6,111.08235294117648,0,0,1,0,1,0,1,1,0,0,1,0,1,0,1,0,0,0,1,0,1,0,1,1,0,0,0,0,1
57,53.5,3035.8,53.25964912280702,1,1,0,0,1,0,0,0,0,0,0,0,0,0,1,0,1,0,0,0,0,1,0,1,0,1,0,0,1
15,25.25,394.85,26.323333333333334,0,0,1,1,1,0,1,0,1,1,0,1,0,1,0,1,0,1,0,1,0,0,0,1,0,1,0,1,0
23,19.65,451.55,19.632608695652173,0,0,1,1,1,0,0,0,1,1,0,1,0,1,0,1,0,1,0,1,0,0,1,1,0,0,1,1,0
12,24.0,269.65,22.47083333333333,1,0,1,1,1,0,1,0,1,1,0,1,0,1,0,1,0,1,0,1,0,0,1,1,0,0,0,0,0
35,53.15,1930.9,55.16857142857143,1,0,1,0,0,1,0,0,0,0,1,0,0,0,1,0,0,0,1,0,1,1,0,0,1,0,0,1,0
19,89.65,1761.05,92.68684210526315,0,0,1,0,1,0,1,1,0,0,0,0,0,0,1,0,0,0,0,0,1,0,0,0,0,0,1,1,0
8,84.5,662.65,82.83125,1,0,0,0,1,0,1,1,0,0,0,0,0,0,0,0,0,0,0,0,1,0,0,0,0,0,0,0,0
53,19.65,978.0,18.452830188679247,1,0,0,0,1,0,0,0,1,1,0,1,0,1,0,1,0,1,0,1,0,0,1,0,0,0,0,0,1
13,20.4,251.65,19.357692307692307,1,0,0,0,1,0,0,0,1,1,0,1,0,1,0,1,0,1,0,1,0,0,0,1,0,1,0,1,0
1,75.3,75.3,75.3,0,1,0,0,1,0,0,1,0,0,0,0,0,0,1,0,0,0,0,0,0,0,0,1,0,0,0,0,0
23,85.6,1868.4,81.23478260869565,0,0,1,1,1,0,1,1,0,0,0,0,0,0,0,0,0,0,0,0,1,0,0,0,0,1,0,1,0
14,46.35,672.7,48.050000000000004,0,1,0,0,0,1,0,0,0,0,0,0,0,0,0,0,0,0,1,0,1,0,0,1,0,1,0,1,0
30,55.65,1653.85,55.12833333333333,1,0,0,0,1,0,0,0,0,0,1,0,0,0,1,0,0,0,0,0,0,0,1,1,0,0,1,1,0
8,19.85,146.6,18.325,0,0,1,1,1,0,0,0,1,1,0,1,0,1,0,1,0,1,0,1,0,0,1,1,0,0,1,0,0
16,71.4,1212.1,75.75625,1,0,0,0,1,0,1,0,0,0,0,0,1,0,1,0,0,0,0,0,1,0,0,1,0,0,0,1,0
58,98.9,5780.7,99.66724137931034,1,1,1,0,1,0,1,1,0,0,0,0,1,0,0,0,0,0,1,0,1,0,0,1,0,1,0,0,1
7,99.8,673.25,96.17857142857143,1,0,0,0,1,0,1,1,0,0,0,0,1,0,0,0,0,0,1,0,1,0,0,1,0,1,0,0,0
6,98.25,560.6,93.43333333333334,0,1,0,0,1,0,1,1,0,0,0,0,1,0,0,0,0,0,1,0,1,0,0,1,0,1,0,0,0
71,81.85,5924.4,83.44225352112676,0,0,1,0,1,0,0,0,0,0,1,0,0,0,1,0,1,0,1,0,1,0,1,0,0,0,0,0,1
1,44.9,44.9,44.9,1,0,0,0,1,0,0,0,0,0,0,0,0,0,0,0,0,0,0,0,0,0,0,1,0,0,1,0,0
57,103.05,5925.75,103.96052631578948,1,0,1,0,1,0,1,1,0,0,1,0,1,0,1,0,1,0,1,0,0,0,0,1,0,1,0,0,1
1,19.3,19.3,19.3,0,0,0,0,1,0,0,0,1,1,0,1,0,1,0,1,0,1,0,1,0,0,0,0,0,1,0,0,0
23,20.3,470.6,20.460869565217394,0,0,0,0,1,0,0,0,1,1,0,1,0,1,0,1,0,1,0,1,0,0,0,1,0,0,0,1,0
39,58.6,2224.5,57.03846153846154,0,0,0,0,1,0,0,0,0,0,0,0,1,0,0,0,0,0,1,0,0,1,0,1,1,0,0,0,1
47,100.75,4669.2,99.34468085106383,1,0,0,0,1,0,1,1,0,0,1,0,1,0,0,0,1,0,1,0,0,0,0,0,0,0,1,0,1
11,19.95,214.75,19.522727272727273,1,1,1,0,1,0,0,0,1,1,0,1,0,1,0,1,0,1,0,1,0,0,0,0,0,0,1,0,0
41,88.5,3645.05,88.90365853658537,0,0,0,1,1,0,1,1,0,0,0,0,1,0,0,0,0,0,1,0,0,0,0,1,0,0,0,0,1
3,71.1,213.35,71.11666666666666,0,0,0,0,1,0,0,0,0,0,1,0,1,0,0,0,1,0,0,0,1,0,1,0,0,0,1,0,0
29,75.35,2243.9,77.37586206896552,1,0,0,0,1,0,0,0,0,0,0,0,0,0,1,0,1,0,1,0,1,1,0,1,0,0,0,1,0
69,105.1,7234.8,104.85217391304349,0,0,1,1,1,0,1,1,0,0,1,0,1,0,1,0,1,0,1,0,0,1,0,1,1,0,0,0,1
38,57.15,2250.65,59.227631578947374,0,1,0,0,1,0,0,0,0,0,1,0,1,0,0,0,0,0,0,0,0,0,0,1,1,0,0,0,1
16,73.85,1284.2,80.2625,1,0,1,0,1,0,1,1,0,0,0,0,0,0,0,0,0,0,0,0,0,0,0,1,0,0,0,1,0
43,78.8,3460.3,80.47209302325582,0,0,1,0,1,0,0,0,0,0,1,0,0,0,1,0,1,0,1,0,1,0,1,1,0,1,0,0,1
6,49.25,255.6,42.6,0,0,0,0,0,1,0,0,0,0,0,0,0,0,0,0,1,0,1,0,1,1,0,1,0,0,1,0,0
25,26.8,733.55,29.342,0,0,1,0,1,0,1,0,1,1,0,1,0,1,0,1,0,1,0,1,0,1,0,1,0,0,1,1,0
1,70.15,70.15,70.15,0,0,0,0,1,0,0,1,0,0,0,0,0,0,0,0,0,0,0,0,0,0,0,1,0,0,1,0,0
41,94.55,3851.45,93.93780487804878,1,1,1,0,1,0,0,1,0,0,0,0,1,0,0,0,0,0,1,0,1,0,0,1,0,1,0,0,1
45,103.65,4747.85,105.50777777777779,1,0,0,0,1,0,1,1,0,0,0,0,0,0,1,0,1,0,1,0,1,0,0,1,0,0,0,0,1
5,85.3,420.45,84.09,0,0,0,0,1,0,0,1,0,0,0,0,1,0,0,0,0,0,1,0,0,0,0,1,0,0,1,0,0
45,113.3,5032.25,111.82777777777778,0,0,1,0,1,0,1,1,0,0,1,0,1,0,1,0,1,0,1,0,1,1,0,0,0,0,1,0,1
44,104.15,4495.65,102.17386363636363,0,1,1,0,1,0,1,1,0,0,0,0,0,0,1,0,1,0,1,0,1,0,0,0,0,1,0,0,1
61,73.8,4616.05,75.67295081967214,0,0,1,1,1,0,0,0,0,0,0,0,0,0,1,0,1,0,1,0,1,0,1,1,0,0,0,0,1
52,93.25,4631.7,89.07115384615385,1,0,1,1,1,0,1,1,0,0,0,0,1,0,0,0,1,0,0,0,1,0,0,1,0,0,0,0,1
6,79.05,434.5,72.41666666666667,0,0,0,0,1,0,1,1,0,0,1,0,0,0,0,0,0,0,0,0,0,0,0,1,0,1,0,0,0
64,24.4,1548.65,24.19765625,1,1,1,1,1,0,1,0,1,1,0,1,0,1,0,1,0,1,0,1,0,0,1,1,0,0,0,0,1
19,20.15,387.7,20.405263157894737,0,0,1,1,1,0,0,0,1,1,0,1,0,1,0,1,0,1,0,1,0,0,1,0,0,0,1,1,0
71,105.75,7382.85,103.98380281690142,1,1,0,0,1,0,1,1,0,0,0,0,1,0,0,0,1,0,1,0,1,1,0,0,0,0,0,0,1
45,81.4,3775.85,83.90777777777778,1,0,1,0,1,0,1,1,0,0,0,0,1,0,0,0,0,0,0,0,0,0,0,0,0,0,0,0,1
50,101.9,5265.5,105.31,1,1,1,0,1,0,1,1,0,0,1,0,1,0,1,0,0,0,1,0,0,1,0,1,0,0,0,0,1
68,118.6,7990.05,117.50073529411765,0,0,1,0,1,0,1,1,0,0,1,0,1,0,1,0,1,0,1,0,1,0,1,0,0,0,1,0,1
1,69.65,69.65,69.65,1,1,0,0,1,0,0,1,0,0,0,0,0,0,0,0,0,0,0,0,0,0,0,1,0,1,0,0,0
12,91.3,1094.5,91.20833333333333,0,1,0,0,1,0,1,1,0,0,0,0,1,0,0,0,0,0,1,0,0,0,0,1,0,1,0,0,0
33,90.65,2989.6,90.5939393939394,0,0,0,0,1,0,1,1,0,0,1,0,0,0,0,0,0,0,0,0,1,0,0,1,0,1,0,1,0
32,91.35,2896.55,90.5171875,0,1,1,1,1,0,1,1,0,0,0,0,0,0,1,0,0,0,1,0,0,0,0,1,0,0,1,1,0
71,19.6,1387.45,19.541549295774647,1,0,1,1,1,0,0,0,1,1,0,1,0,1,0,1,0,1,0,1,0,0,1,1,0,0,0,0,1
17,92.55,1614.7,94.98235294117647,0,1,1,0,1,0,1,1,0,0,0,0,0,0,0,0,0,0,1,0,1,0,0,1,0,1,0,1,0
19,48.95,955.6,50.294736842105266,1,0,1,1,1,0,0,0,0,0,1,0,0,0,0,0,0,0,0,0,0,1,0,1,0,0,0,1,0
54,74.0,3919.15,72.57685185185186,1,1,1,0,1,0,1,1,0,0,0,0,0,0,0,0,0,0,0,0,0,0,0,0,0,0,0,0,1
57,58.75,3437.45,60.30614035087719,0,0,1,0,0,1,0,0,0,0,1,0,1,0,1,0,0,0,1,0,1,0,0,1,0,0,0,0,1
68,82.85,5776.45,84.94779411764705,1,0,1,1,1,0,0,0,0,0,1,0,1,0,0,0,1,0,1,0,1,0,1,0,0,0,0,0,1
53,48.7,2495.2,47.079245283018864,0,0,1,1,0,1,0,0,0,0,1,0,1,0,1,0,0,0,0,0,1,0,0,1,0,0,0,0,1
48,107.4,5121.3,106.69375000000001,0,0,0,0,1,0,1,1,0,0,0,0,1,0,1,0,0,0,1,0,1,0,0,1,0,0,0,0,1
36,53.65,1939.35,53.87083333333333,1,0,1,1,1,0,0,0,0,0,1,0,1,0,0,0,0,0,0,0,0,1,0,0,0,0,1,1,0
35,61.2,2021.2,57.74857142857143,1,0,0,0,1,0,0,0,0,0,1,0,1,0,1,0,0,0,0,0,0,1,0,0,0,0,1,1,0
67,65.65,4322.85,64.52014925373135,0,0,1,0,1,0,1,0,0,0,1,0,1,0,1,0,0,0,0,0,0,0,1,0,0,0,1,0,1
53,46.3,2546.85,48.053773584905656,1,0,0,0,0,1,0,0,0,0,1,0,1,0,0,0,0,0,0,0,1,0,0,1,0,0,0,0,1
22,75.8,1615.1,73.41363636363636,0,0,1,1,1,0,1,1,0,0,0,0,0,0,0,0,0,0,0,0,0,0,0,1,0,0,0,1,0
30,74.75,2111.3,70.37666666666668,1,1,0,0,1,0,0,0,0,0,1,0,1,0,0,0,0,0,1,0,1,0,0,1,0,1,0,1,0
50,100.2,5038.45,100.76899999999999,0,0,0,0,1,0,0,1,0,0,0,0,1,0,0,0,1,0,1,0,1,0,1,1,0,0,1,0,1
45,20.35,929.2,20.64888888888889,1,0,1,1,1,0,0,0,1,1,0,1,0,1,0,1,0,1,0,1,0,0,1,0,0,0,1,0,1
29,25.1,712.85,24.58103448275862,0,0,0,0,0,1,0,0,0,0,0,0,0,0,0,0,0,0,0,0,0,0,0,1,1,0,0,1,0
12,45.4,518.9,43.24166666666667,1,0,0,0,1,0,0,0,0,0,0,0,0,0,0,0,0,0,0,0,0,0,0,1,0,0,0,0,0
3,36.85,108.7,36.233333333333334,1,0,0,0,0,1,0,0,0,0,0,0,1,0,0,0,1,0,0,0,0,0,0,1,0,0,1,0,0
1,35.25,35.25,35.25,1,0,0,0,0,1,0,0,0,0,0,0,0,0,0,0,0,0,0,0,1,0,0,1,0,0,0,0,0
2,89.55,185.55,92.775,1,0,1,1,1,0,0,1,0,0,0,0,0,0,0,0,0,0,1,0,1,0,0,1,0,0,0,0,0
27,76.1,2093.4,77.53333333333333,0,0,1,0,1,0,0,1,0,0,0,0,1,0,0,0,0,0,0,0,0,0,0,1,0,1,0,1,0
55,85.45,4874.7,88.63090909090909,0,1,1,0,1,0,1,1,0,0,0,0,1,0,1,0,0,0,0,0,0,0,0,1,0,1,0,0,1
1,19.9,19.9,19.9,0,0,1,1,1,0,0,0,1,1,0,1,0,1,0,1,0,1,0,1,0,0,0,1,0,1,0,0,0
4,80.8,332.45,83.1125,1,0,0,1,1,0,1,1,0,0,0,0,0,0,0,0,1,0,0,0,0,0,0,0,1,0,0,0,0
55,25.65,1388.0,25.236363636363638,0,0,1,1,1,0,1,0,1,1,0,1,0,1,0,1,0,1,0,1,0,0,1,1,1,0,0,0,1
8,54.4,475.1,59.3875,1,0,1,1,1,0,0,0,0,0,0,0,0,0,0,0,0,0,1,0,0,0,0,1,0,1,0,0,0
70,114.95,7711.25,110.16071428571429,1,0,0,0,1,0,1,1,0,0,1,0,1,0,1,0,1,0,1,0,1,0,1,1,0,0,0,0,1
64,47.85,3147.5,49.1796875,0,0,1,0,0,1,0,0,0,0,1,0,0,0,1,0,1,0,0,0,1,0,1,0,0,1,0,0,1
11,75.9,866.4,78.76363636363637,1,0,0,0,1,0,0,1,0,0,0,0,1,0,0,0,0,0,0,0,0,0,0,1,0,0,1,0,0
1,48.55,48.55,48.55,1,0,0,0,1,0,0,0,0,0,1,0,0,0,0,0,0,0,0,0,0,0,0,1,0,0,1,0,0
1,69.75,69.75,69.75,1,0,0,1,1,0,0,1,0,0,0,0,0,0,0,0,0,0,0,0,0,0,0,0,0,0,0,0,0
1,79.95,79.95,79.95,1,0,0,0,1,0,0,1,0,0,0,0,0,0,0,0,0,0,1,0,0,0,0,1,0,1,0,0,0
66,25.7,1714.55,25.9780303030303,1,0,1,1,1,0,1,0,1,1,0,1,0,1,0,1,0,1,0,1,0,1,0,1,1,0,0,0,1
13,50.55,610.75,46.98076923076923,1,0,0,0,1,0,0,0,0,0,0,0,0,0,0,0,1,0,0,0,0,0,0,1,0,0,1,1,0
72,24.65,1830.05,25.41736111111111,0,0,1,0,1,0,1,0,1,1,0,1,0,1,0,1,0,1,0,1,0,0,1,0,0,0,0,0,1
72,65.6,4566.5,63.423611111111114,1,0,0,0,0,1,0,0,0,0,1,0,1,0,1,0,1,0,1,0,1,0,1,1,0,0,0,0,1
52,85.8,4433.3,85.25576923076923,0,0,1,1,1,0,0,1,0,0,0,0,1,0,1,0,1,0,0,0,0,0,0,0,0,0,0,0,1
26,85.9,2196.45,84.47884615384615,0,0,1,0,1,0,0,1,0,0,0,0,0,0,0,0,1,0,0,0,1,0,0,0,1,0,0,1,0
33,34.05,1113.95,33.75606060606061,1,0,0,1,0,1,0,0,0,0,1,0,0,0,0,0,1,0,0,0,0,1,0,0,1,0,0,1,0
13,84.6,1115.2,85.78461538461539,0,0,0,0,1,0,1,1,0,0,0,0,0,0,0,0,0,0,0,0,1,0,0,1,0,1,0,1,0
13,31.05,347.25,26.71153846153846,0,0,0,0,0,1,0,0,0,0,0,0,1,0,0,0,0,0,0,0,0,0,0,1,0,1,0,1,0
27,20.3,595.05,22.038888888888888,1,0,0,0,1,0,0,0,1,1,0,1,0,1,0,1,0,1,0,1,0,1,0,0,0,0,1,1,0
66,91.7,6075.9,92.0590909090909,1,0,1,0,1,0,1,0,0,0,1,0,1,0,1,0,1,0,1,0,1,0,1,0,0,0,0,0,1
71,114.0,8175.9,115.15352112676055,1,0,1,1,1,0,1,1,0,0,1,0,1,0,1,0,1,0,1,0,1,0,1,1,0,0,0,0,1
1,45.3,45.3,45.3,0,0,0,0,1,0,0,0,0,0,0,0,0,0,0,0,0,0,0,0,0,0,0,0,0,0,1,0,0
60,44.45,2773.9,46.23166666666667,0,0,0,0,0,1,0,0,0,0,1,0,0,0,1,0,0,0,0,0,1,1,0,1,0,1,0,0,1
8,74.5,609.9,76.2375,1,0,1,0,1,0,0,1,0,0,1,0,0,0,0,0,0,0,0,0,0,0,0,1,0,1,0,0,0
55,94.45,5073.1,92.23818181818183,0,0,1,0,1,0,1,1,0,0,0,0,1,0,1,0,0,0,1,0,0,0,0,1,1,0,0,0,1
71,108.6,7690.9,108.3225352112676,1,0,1,0,1,0,1,1,0,0,0,0,1,0,1,0,1,0,1,0,1,0,1,1,1,0,0,0,1
39,59.85,2341.5,60.03846153846154,0,0,1,1,1,0,0,0,0,0,0,0,0,0,1,0,0,0,1,0,0,0,0,1,0,0,1,0,1
26,85.7,2067.0,79.5,0,1,1,0,1,0,0,1,0,0,0,0,0,0,1,0,0,0,1,0,0,0,0,1,1,0,0,1,0
53,60.45,3184.25,60.08018867924528,1,0,1,0,0,1,0,0,0,0,0,0,1,0,1,0,1,0,1,0,1,1,0,1,0,1,0,0,1
5,99.15,465.05,93.01,0,0,1,1,1,0,0,1,0,0,0,0,1,0,0,0,1,0,1,0,1,0,0,1,0,0,1,0,0
72,104.95,7544.3,104.78194444444445,1,0,0,0,1,0,1,1,0,0,0,0,1,0,1,0,0,0,1,0,1,1,0,1,0,1,0,0,1
27,74.4,1972.35,73.05,0,0,1,1,1,0,0,1,0,0,1,0,0,0,0,0,0,0,0,0,0,0,0,0,0,0,1,1,0
11,59.65,683.25,62.11363636363637,1,0,1,1,1,0,0,0,0,0,0,0,0,0,1,0,0,0,1,0,0,0,0,1,0,0,0,0,0
72,106.85,7677.4,106.63055555555555,0,1,1,0,1,0,1,1,0,0,1,0,1,0,0,0,0,0,1,0,1,1,0,1,0,0,0,0,1
41,104.45,4162.05,101.51341463414634,0,0,1,0,1,0,0,1,0,0,1,0,1,0,1,0,0,0,1,0,1,1,0,1,0,0,0,0,1
36,70.7,2511.95,69.77638888888889,0,0,0,0,1,0,1,0,0,0,0,0,1,0,0,0,1,0,0,0,1,1,0,1,0,0,1,1,0
11,82.9,880.05,80.00454545454545,0,1,1,0,1,0,0,1,0,0,0,0,0,0,0,0,1,0,1,0,0,0,0,1,0,1,0,0,0
62,20.0,1250.1,20.16290322580645,1,0,0,1,1,0,0,0,1,1,0,1,0,1,0,1,0,1,0,1,0,0,1,0,0,0,0,0,1
20,24.9,505.95,25.2975,0,0,0,0,0,1,0,0,0,0,0,0,0,0,0,0,0,0,0,0,0,0,0,0,1,0,0,1,0
55,45.05,2462.6,44.77454545454545,0,0,0,0,1,0,0,0,0,0,0,0,0,0,0,0,0,0,0,0,0,1,0,0,0,0,0,0,1
45,51.0,2264.5,50.32222222222222,0,0,1,1,0,1,0,0,0,0,0,0,1,0,1,0,1,0,0,0,1,1,0,0,0,0,0,0,1
71,109.0,7661.8,107.91267605633803,0,0,1,1,1,0,1,1,0,0,1,0,1,0,1,0,0,0,1,0,1,0,1,1,0,0,0,0,1
1,36.45,36.45,36.45,0,1,0,0,0,1,0,0,0,0,0,0,0,0,0,0,0,0,1,0,0,0,0,1,0,1,0,0,0
29,26.1,692.55,23.88103448275862,0,0,1,1,1,0,1,0,1,1,0,1,0,1,0,1,0,1,0,1,0,0,1,0,0,0,1,1,0
10,46.0,492.1,49.21,1,0,0,0,1,0,0,0,0,0,0,0,0,0,0,0,0,0,0,0,0,0,0,0,0,0,1,0,0
11,20.25,208.0,18.90909090909091,1,0,0,0,1,0,0,0,1,1,0,1,0,1,0,1,0,1,0,1,0,0,0,0,0,0,1,0,0
18,88.35,1639.3,91.07222222222222,0,0,0,0,1,0,1,1,0,0,0,0,0,0,0,0,1,0,1,0,0,0,0,1,0,1,0,1,0
72,108.1,7774.05,107.97291666666666,0,1,0,0,1,0,1,1,0,0,0,0,1,0,1,0,1,0,1,0,1,0,1,1,0,0,0,0,1
1,43.8,43.8,43.8,0,0,0,0,1,0,0,0,0,0,0,0,0,0,0,0,0,0,0,0,0,0,0,0,0,1,0,0,0
56,99.9,5706.3,101.89821428571429,0,1,0,0,1,0,1,1,0,0,0,0,1,0,1,0,1,0,1,0,0,0,1,1,0,0,0,0,1
23,95.3,2192.9,95.34347826086957,1,0,0,0,1,0,0,1,0,0,0,0,1,0,0,0,0,0,1,0,1,0,0,0,0,0,1,1,0
18,94.7,1687.95,93.775,1,0,1,0,1,0,1,1,0,0,0,0,0,0,0,0,0,0,1,0,1,0,0,1,0,1,0,1,0
30,91.7,2758.15,91.93833333333333,0,1,0,0,1,0,1,1,0,0,1,0,1,0,1,0,0,0,0,0,0,0,0,0,1,0,0,1,0
61,20.55,1252.0,20.524590163934427,1,0,1,0,1,0,0,0,1,1,0,1,0,1,0,1,0,1,0,1,0,1,0,1,1,0,0,0,1
42,25.05,949.85,22.61547619047619,1,0,0,0,1,0,1,0,1,1,0,1,0,1,0,1,0,1,0,1,0,1,0,0,0,1,0,0,1
50,84.4,4116.15,82.323,0,0,1,1,1,0,1,1,0,0,0,0,0,0,0,0,0,0,1,0,0,0,0,1,0,0,0,0,1
27,81.3,2272.8,84.17777777777779,1,0,0,0,1,0,1,1,0,0,0,0,0,0,1,0,0,0,0,0,0,0,0,1,0,1,0,1,0
1,70.85,70.85,70.85,0,0,0,0,1,0,0,1,0,0,0,0,0,0,0,0,0,0,0,0,0,0,0,1,0,1,0,0,0
45,70.05,3062.45,68.05444444444444,0,1,0,0,1,0,1,0,0,0,1,0,0,0,0,0,1,0,0,0,1,0,0,1,0,1,0,0,1
70,105.35,7511.9,107.31285714285714,1,1,1,0,1,0,0,1,0,0,1,0,1,0,1,0,0,0,1,0,1,0,1,0,1,0,0,0,1
18,33.5,600.0,33.333333333333336,1,0,0,0,0,1,0,0,0,0,0,0,1,0,1,0,0,0,0,0,0,0,0,1,1,0,0,1,0
3,74.75,238.1,79.36666666666666,0,0,0,0,1,0,0,1,0,0,0,0,0,0,1,0,0,0,0,0,0,0,0,1,0,0,1,0,0
39,81.5,3107.3,79.67435897435898,0,0,1,1,1,0,0,1,0,0,0,0,0,0,1,0,1,0,0,0,0,0,0,1,0,0,0,0,1
52,19.35,1031.7,19.840384615384615,0,0,1,1,1,0,0,0,1,1,0,1,0,1,0,1,0,1,0,1,0,0,1,0,0,0,1,0,1
4,94.4,387.2,96.8,0,0,0,0,1,0,0,1,0,0,1,0,0,0,1,0,1,0,0,0,1,0,0,1,0,0,0,0,0
68,110.0,7611.85,111.93897058823529,1,0,1,0,1,0,1,1,0,0,0,0,1,0,1,0,1,0,1,0,1,0,1,1,0,0,0,0,1
26,19.2,459.6,17.676923076923078,0,0,1,0,1,0,0,0,1,1,0,1,0,1,0,1,0,1,0,1,0,1,0,0,0,0,1,1,0
1,50.65,50.65,50.65,1,0,0,0,1,0,0,0,0,0,0,0,1,0,0,0,0,0,0,0,0,0,0,0,0,0,1,0,0
52,20.65,1022.95,19.672115384615385,0,0,0,0,1,0,0,0,1,1,0,1,0,1,0,1,0,1,0,1,0,1,0,0,0,0,1,0,1
12,44.55,480.6,40.050000000000004,0,0,0,1,1,0,0,0,0,0,0,0,0,0,0,0,0,0,0,0,0,0,0,1,0,1,0,0,0
29,71.0,2080.1,71.72758620689655,0,0,0,0,1,0,1,0,0,0,0,0,0,0,0,0,0,0,1,0,1,1,0,1,1,0,0,1,0
1,79.7,79.7,79.7,0,0,0,0,1,0,0,1,0,0,0,0,0,0,0,0,0,0,0,0,1,0,0,1,0,1,0,0,0
24,49.55,1210.4,50.43333333333334,1,0,0,0,1,0,0,0,0,0,1,0,0,0,0,0,0,0,0,0,0,0,0,1,0,0,0,1,0
65,90.45,5957.9,91.66,0,0,1,1,1,0,1,0,0,0,1,0,1,0,1,0,1,0,1,0,1,0,1,1,0,0,1,0,1
5,51.0,305.95,61.19,1,0,0,0,0,1,0,0,0,0,0,0,1,0,0,0,0,0,1,0,1,0,0,1,0,0,1,0,0
35,19.7,730.4,20.86857142857143,0,0,1,1,1,0,0,0,1,1,0,1,0,1,0,1,0,1,0,1,0,0,1,0,1,0,0,1,0
37,90.6,3358.65,90.77432432432433,1,0,0,0,1,0,1,0,0,0,1,0,1,0,1,0,1,0,1,0,1,1,0,1,0,0,0,0,1
36,53.1,1901.25,52.8125,0,0,0,0,0,1,0,0,0,0,1,0,1,0,1,0,1,0,0,0,1,0,1,1,0,0,1,1,0
4,81.0,340.85,85.2125,1,0,0,0,1,0,0,1,0,0,0,0,0,0,0,0,0,0,1,0,0,0,0,1,0,1,0,0,0
70,24.7,1685.9,24.084285714285716,0,0,1,1,1,0,1,0,1,1,0,1,0,1,0,1,0,1,0,1,0,0,1,0,0,0,0,0,1
2,18.75,53.15,26.575,0,0,0,0,1,0,0,0,1,1,0,1,0,1,0,1,0,1,0,1,0,0,0,0,0,0,0,0,0
4,75.35,273.4,68.35,1,1,0,0,1,0,0,1,0,0,1,0,0,0,0,0,0,0,0,0,0,0,0,0,0,1,0,0,0
71,93.25,6669.45,93.93591549295775,1,0,1,0,1,0,1,1,0,0,0,0,1,0,1,0,0,0,0,0,1,0,0,1,0,0,0,0,1
72,89.85,6697.35,93.01875000000001,0,1,1,0,1,0,1,0,0,0,1,0,1,0,1,0,1,0,1,0,1,0,1,1,0,0,0,0,1
47,67.45,3252.0,69.19148936170212,0,1,1,0,1,0,1,0,0,0,1,0,1,0,1,0,0,0,0,0,0,0,0,1,1,0,0,0,1
55,58.6,3068.6,55.79272727272727,1,0,1,0,1,0,0,0,0,0,1,0,1,0,1,0,0,0,0,0,0,0,1,0,0,1,0,0,1
51,94.65,4812.75,94.36764705882354,1,0,1,0,1,0,1,1,0,0,0,0,0,0,0,0,0,0,1,0,1,0,0,1,0,1,0,0,1
72,118.2,8547.15,118.71041666666666,1,0,0,0,1,0,1,1,0,0,1,0,1,0,1,0,1,0,1,0,1,0,1,1,0,1,0,0,1
72,114.45,8100.55,112.50763888888889,1,0,1,1,1,0,1,1,0,0,1,0,1,0,1,0,1,0,1,0,1,0,1,0,0,0,0,0,1
38,74.05,2802.3,73.74473684210527,1,0,1,1,1,0,0,0,0,0,1,0,1,0,1,0,1,0,1,0,0,1,0,0,0,1,0,0,1
8,76.15,645.8,80.725,1,0,1,1,1,0,1,0,0,0,1,0,1,0,0,0,1,0,0,0,1,0,1,1,1,0,0,0,0
27,88.3,2467.75,91.39814814814815,0,1,0,0,1,0,1,1,0,0,0,0,0,0,1,0,0,0,0,0,1,0,0,0,1,0,0,1,0
6,60.9,414.1,69.01666666666667,1,0,0,0,1,0,0,0,0,0,0,0,0,0,1,0,0,0,1,0,0,0,0,0,0,0,1,0,0
17,19.15,343.45,20.20294117647059,1,0,0,0,1,0,0,0,1,1,0,1,0,1,0,1,0,1,0,1,0,0,1,0,0,0,1,1,0
71,19.8,1396.25,19.66549295774648,1,0,1,1,1,0,0,0,1,1,0,1,0,1,0,1,0,1,0,1,0,0,1,0,0,0,1,0,1
42,99.0,4135.0,98.45238095238095,0,0,1,0,1,0,0,1,0,0,0,0,0,0,1,0,1,0,1,0,1,0,1,1,1,0,0,0,1
1,20.35,20.35,20.35,0,0,0,0,1,0,0,0,1,1,0,1,0,1,0,1,0,1,0,1,0,0,0,0,0,0,1,0,0
70,109.5,7674.55,109.63642857142857,0,0,1,0,1,0,1,1,0,0,0,0,1,0,1,0,1,0,1,0,1,1,0,1,0,1,0,0,1
9,75.6,661.55,73.50555555555555,1,0,0,0,1,0,0,1,0,0,1,0,0,0,0,0,0,0,0,0,0,0,0,0,0,1,0,0,0
1,19.85,19.85,19.85,1,0,0,1,1,0,0,0,1,1,0,1,0,1,0,1,0,1,0,1,0,0,0,0,0,0,1,0,0
10,40.7,449.3,44.93,0,0,0,0,0,1,0,0,0,0,1,0,1,0,1,0,0,0,0,0,0,0,0,0,0,0,0,0,0
49,94.8,4690.65,95.72755102040816,1,0,1,0,1,0,0,1,0,0,0,0,1,0,0,0,0,0,1,0,1,0,1,1,0,1,0,0,1
46,43.95,2007.85,43.64891304347826,0,0,1,0,0,1,0,0,0,0,0,0,0,0,0,0,0,0,1,0,1,0,0,1,0,1,0,0,1
46,103.15,4594.65,99.8836956521739,0,0,1,0,1,0,1,1,0,0,0,0,1,0,0,0,1,0,1,0,1,1,0,1,0,1,0,0,1
4,99.6,347.65,86.9125,0,1,1,0,1,0,1,1,0,0,1,0,0,0,0,0,0,0,1,0,1,0,0,1,0,1,0,0,0
71,106.0,7723.7,108.78450704225352,1,0,1,1,1,0,1,1,0,0,0,0,1,0,1,0,0,0,1,0,1,0,1,1,0,0,0,0,1
14,61.4,815.55,58.253571428571426,1,0,1,1,1,0,0,0,0,0,1,0,1,0,0,0,0,0,0,0,1,0,1,1,0,0,0,1,0
67,54.2,3838.2,57.286567164179104,1,0,1,1,1,0,0,0,0,0,1,0,1,0,0,0,0,0,0,0,0,0,1,1,0,0,0,0,1
10,60.2,563.5,56.35,1,0,1,1,1,0,0,0,0,0,0,0,0,0,1,0,0,0,1,0,0,0,0,0,0,0,1,0,0
62,20.05,1201.65,19.381451612903227,1,0,0,0,1,0,0,0,1,1,0,1,0,1,0,1,0,1,0,1,0,0,1,1,1,0,0,0,1
65,89.75,5769.6,88.76307692307692,1,0,1,0,1,0,1,1,0,0,1,0,1,0,1,0,0,0,0,0,0,1,0,0,0,1,0,0,1
53,60.05,3229.65,60.93679245283019,1,1,1,0,1,0,1,0,0,0,1,0,0,0,0,0,1,0,0,0,0,1,0,1,0,1,0,0,1
4,19.4,93.4,23.35,1,0,0,0,1,0,0,0,1,1,0,1,0,1,0,1,0,1,0,1,0,0,0,0,0,0,1,0,0
58,59.9,3505.1,60.432758620689654,0,0,1,0,1,0,1,0,0,0,0,0,1,0,0,0,1,0,0,0,0,0,1,1,1,0,0,0,1
1,79.05,79.05,79.05,1,0,0,0,1,0,0,1,0,0,0,0,0,0,0,0,0,0,1,0,0,0,0,1,0,1,0,0,0
72,107.5,7853.7,109.07916666666667,0,0,0,0,1,0,1,1,0,0,0,0,0,0,1,0,1,0,1,0,1,0,1,1,1,0,0,0,1
69,106.4,7251.9,105.1,0,0,1,0,1,0,0,1,0,0,1,0,1,0,0,0,1,0,1,0,1,1,0,1,1,0,0,0,1
2,79.7,165.0,82.5,0,0,1,0,1,0,0,1,0,0,0,0,1,0,1,0,0,0,0,0,0,0,0,0,0,0,0,0,0
52,85.15,4461.85,85.8048076923077,1,0,0,1,1,0,1,0,0,0,1,0,1,0,0,0,1,0,1,0,1,0,1,1,0,0,1,0,1
8,80.1,679.3,84.9125,0,0,0,0,1,0,0,1,0,0,0,0,0,0,0,0,0,0,1,0,0,0,0,1,0,0,0,0,0
72,111.65,7943.45,110.32569444444444,0,1,0,0,1,0,1,1,0,0,0,0,1,0,1,0,1,0,1,0,1,0,1,0,0,1,0,0,1
7,44.25,313.45,44.778571428571425,0,0,1,0,1,0,0,0,0,0,0,0,0,0,0,0,0,0,0,0,0,0,0,1,0,0,1,0,0
53,98.6,5311.85,100.22358490566039,0,0,0,0,1,0,1,1,0,0,1,0,1,0,1,0,0,0,1,0,0,1,0,0,0,0,1,0,1
11,70.5,829.3,75.39090909090909,0,0,0,0,1,0,0,0,0,0,0,0,0,0,0,0,1,0,1,0,1,0,0,0,0,0,1,0,0
18,33.6,550.35,30.575000000000003,1,0,0,0,0,1,0,0,0,0,1,0,0,0,1,0,0,0,0,0,0,0,0,0,0,0,1,1,0
1,20.0,20.0,20.0,1,0,0,0,1,0,0,0,1,1,0,1,0,1,0,1,0,1,0,1,0,0,0,0,0,0,1,0,0
63,25.25,1573.05,24.96904761904762,1,0,1,1,1,0,1,0,1,1,0,1,0,1,0,1,0,1,0,1,0,0,1,0,0,0,1,0,1
30,85.15,2555.9,85.19666666666667,0,0,0,0,1,0,0,1,0,0,0,0,0,0,0,0,1,0,1,0,0,0,0,0,0,1,0,1,0
1,20.05,20.05,20.05,1,0,0,0,1,0,0,0,1,1,0,1,0,1,0,1,0,1,0,1,0,0,0,0,0,0,1,0,0
40,64.1,2460.35,61.50875,0,0,0,1,1,0,0,0,0,0,1,0,0,0,0,0,1,0,1,0,0,0,0,1,1,0,0,0,1
59,19.5,1147.85,19.45508474576271,1,0,1,1,1,0,0,0,1,1,0,1,0,1,0,1,0,1,0,1,0,0,1,0,0,0,1,0,1
22,63.55,1381.8,62.809090909090905,0,1,1,0,1,0,1,0,0,0,1,0,1,0,0,0,1,0,0,0,0,0,0,1,0,0,1,1,0
72,55.45,4179.2,58.044444444444444,1,0,1,1,0,1,0,0,0,0,1,0,1,0,1,0,1,0,0,0,1,0,1,1,1,0,0,0,1
14,78.1,1122.4,80.17142857142858,0,0,1,0,1,0,0,1,0,0,0,0,0,0,0,0,0,0,0,0,1,0,0,1,0,1,0,1,0
72,110.45,7982.5,110.86805555555556,0,0,1,0,1,0,1,1,0,0,0,0,1,0,1,0,1,0,1,0,1,0,1,1,0,0,0,0,1
72,115.05,8405.0,116.73611111111111,0,0,0,0,1,0,1,1,0,0,1,0,1,0,1,0,1,0,1,0,1,0,1,0,1,0,0,0,1
49,74.6,3720.35,75.92551020408163,1,0,0,0,1,0,1,1,0,0,0,0,0,0,0,0,0,0,0,0,0,0,0,1,0,0,0,0,1
18,48.35,810.7,45.03888888888889,0,1,1,0,0,1,0,0,0,0,0,0,0,0,1,0,0,0,1,0,1,0,0,1,0,1,0,1,0
10,19.9,199.45,19.945,0,0,0,0,1,0,0,0,1,1,0,1,0,1,0,1,0,1,0,1,0,0,0,1,0,0,1,0,0
8,85.2,627.4,78.425,0,0,1,0,1,0,1,1,0,0,0,0,0,0,0,0,0,0,0,0,1,0,0,1,1,0,0,0,0
7,40.1,293.3,41.9,0,0,0,0,0,1,0,0,0,0,0,0,1,0,0,0,0,0,0,0,1,0,0,1,1,0,0,0,0
2,30.25,63.75,31.875,0,0,1,1,0,1,0,0,0,0,0,0,1,0,0,0,0,0,0,0,0,0,0,1,0,0,1,0,0
34,84.05,2909.95,85.58676470588235,1,0,1,1,1,0,0,1,0,0,0,0,0,0,1,0,0,0,1,0,0,0,0,1,0,0,1,1,0
70,66.0,4891.5,69.87857142857143,0,0,0,1,1,0,1,0,0,0,1,0,1,0,0,0,1,0,0,0,0,0,1,0,0,1,0,0,1
72,24.55,1750.7,24.31527777777778,0,0,1,0,1,0,1,0,1,1,0,1,0,1,0,1,0,1,0,1,0,0,1,0,0,1,0,0,1
8,29.4,221.9,27.7375,1,1,0,0,0,1,0,0,0,0,0,0,0,0,1,0,0,0,0,0,0,0,0,1,0,1,0,0,0
16,93.2,1573.7,98.35625,0,0,0,0,1,0,0,1,0,0,0,0,1,0,1,0,0,0,0,0,1,0,0,1,1,0,0,1,0
69,99.5,6841.45,99.15144927536231,1,0,1,0,1,0,1,1,0,0,0,0,0,0,1,0,0,0,1,0,1,1,0,0,0,0,0,0,1
35,81.6,2815.25,80.43571428571428,1,1,1,0,1,0,1,1,0,0,0,0,0,0,1,0,0,0,0,0,0,1,0,1,0,0,0,1,0
55,20.0,1087.25,19.76818181818182,0,0,1,1,1,0,0,0,1,1,0,1,0,1,0,1,0,1,0,1,0,0,0,0,1,0,0,0,1
69,19.1,1268.85,18.389130434782608,1,0,0,0,1,0,0,0,1,1,0,1,0,1,0,1,0,1,0,1,0,0,1,1,0,0,1,0,1
2,80.6,155.8,77.9,0,0,0,0,1,0,1,1,0,0,0,0,0,0,1,0,0,0,0,0,0,0,0,0,0,0,1,0,0
72,25.45,1866.45,25.922916666666666,0,0,0,0,1,0,1,0,1,1,0,1,0,1,0,1,0,1,0,1,0,0,1,0,1,0,0,0,1
5,19.95,109.6,21.919999999999998,0,0,0,0,1,0,0,0,1,1,0,1,0,1,0,1,0,1,0,1,0,0,0,0,0,0,1,0,0
10,70.15,735.5,73.55,1,0,0,0,1,0,0,1,0,0,0,0,0,0,0,0,0,0,0,0,0,0,0,0,0,0,1,0,0
57,18.8,1094.35,19.19912280701754,1,0,0,0,1,0,0,0,1,1,0,1,0,1,0,1,0,1,0,1,0,0,1,0,1,0,0,0,1
25,58.6,1502.65,60.106,0,0,1,1,0,1,0,0,0,0,1,0,1,0,1,0,0,0,1,0,1,0,0,1,1,0,0,1,0
63,108.75,6871.7,109.07460317460317,0,0,1,0,1,0,1,1,0,0,0,0,1,0,1,0,1,0,1,0,1,0,0,1,0,1,0,0,1
72,80.45,5886.85,81.76180555555555,0,0,1,1,1,0,0,0,0,0,1,0,0,0,1,0,1,0,1,0,1,0,1,1,0,0,0,0,1
48,96.9,4473.45,93.19687499999999,1,0,1,0,1,0,1,1,0,0,1,0,1,0,1,0,0,0,1,0,0,0,1,1,0,0,0,0,1
49,90.4,4494.65,91.72755102040816,1,0,1,1,1,0,0,1,0,0,0,0,1,0,1,0,0,0,1,0,0,0,0,1,1,0,0,0,1
21,20.75,452.2,21.53333333333333,0,0,0,1,1,0,0,0,1,1,0,1,0,1,0,1,0,1,0,1,0,0,0,0,0,0,1,1,0
57,44.85,2572.95,45.13947368421052,1,1,1,0,0,1,0,0,0,0,0,0,0,0,0,0,0,0,1,0,1,0,0,1,0,1,0,0,1
21,65.35,1424.4,67.82857142857144,1,0,0,0,1,0,0,0,0,0,1,0,0,0,1,0,0,0,1,0,0,0,0,0,0,0,0,1,0
8,64.1,504.05,63.00625,0,0,0,0,1,0,0,0,0,0,0,0,0,0,1,0,1,0,0,0,1,0,0,0,0,0,1,0,0
9,85.5,791.7,87.96666666666667,1,0,0,0,1,0,1,1,0,0,0,0,0,0,0,0,0,0,1,0,0,0,0,1,0,1,0,0,0
2,94.95,178.1,89.05,1,0,0,0,1,0,0,1,0,0,0,0,0,0,1,0,0,0,1,0,1,0,0,0,0,1,0,0,0
9,94.85,890.6,98.95555555555556,1,0,1,0,1,0,0,1,0,0,0,0,1,0,1,0,1,0,1,0,0,0,0,1,0,0,1,0,0
19,99.95,1931.75,101.67105263157895,1,0,0,0,1,0,1,1,0,0,0,0,1,0,0,0,0,0,1,0,1,0,0,1,0,1,0,1,0
8,84.95,668.4,83.55,0,0,0,0,1,0,0,1,0,0,1,0,0,0,0,0,0,0,1,0,0,0,0,0,0,1,0,0,0
56,105.45,5916.95,105.65982142857142,0,0,0,0,1,0,1,1,0,0,0,0,1,0,0,0,1,0,1,0,1,0,0,1,0,0,0,0,1
21,55.95,1157.05,55.09761904761905,0,0,1,1,0,1,0,0,0,0,1,0,0,0,1,0,0,0,1,0,1,1,0,1,0,1,0,1,0
60,80.6,4946.7,82.445,0,0,1,1,1,0,0,0,0,0,0,0,1,0,1,0,1,0,1,0,1,0,1,1,0,0,0,0,1
56,52.0,2884.9,51.51607142857143,1,0,1,1,0,1,0,0,0,0,1,0,1,0,0,0,1,0,1,0,0,1,0,1,0,0,1,0,1
55,20.3,1079.05,19.619090909090907,0,0,1,1,1,0,0,0,1,1,0,1,0,1,0,1,0,1,0,1,0,0,1,0,0,0,1,0,1
55,19.1,1001.5,18.20909090909091,1,0,0,1,1,0,0,0,1,1,0,1,0,1,0,1,0,1,0,1,0,1,0,0,0,0,0,0,1
14,74.3,1096.25,78.30357142857143,0,1,0,0,1,0,1,1,0,0,0,0,0,0,0,0,0,0,0,0,0,0,0,1,0,1,0,1,0
61,88.65,5321.25,87.23360655737704,0,0,0,0,1,0,1,0,0,0,0,0,1,0,1,0,1,0,1,0,1,0,1,0,1,0,0,0,1
66,20.0,1374.2,20.82121212121212,1,0,1,1,1,0,0,0,1,1,0,1,0,1,0,1,0,1,0,1,0,0,1,0,1,0,0,0,1
57,54.65,3134.7,54.99473684210526,1,0,0,0,1,0,0,0,0,0,0,0,1,0,0,0,1,0,0,0,0,1,0,1,0,0,1,0,1
59,64.65,3735.45,63.31271186440678,1,0,0,0,1,0,0,0,0,0,0,0,0,0,1,0,1,0,1,0,0,0,0,1,0,1,0,0,1
49,106.65,5168.1,105.47142857142858,1,0,0,0,1,0,1,1,0,0,0,0,1,0,0,0,1,0,1,0,1,1,0,1,0,0,0,0,1
68,92.2,6392.85,94.0125,1,0,1,1,1,0,1,0,0,0,1,0,1,0,1,0,1,0,1,0,1,0,1,1,1,0,0,0,1
36,74.9,2659.45,73.8736111111111,0,1,0,0,1,0,1,1,0,0,0,0,0,0,0,0,0,0,0,0,0,0,0,1,0,0,0,1,0
1,69.55,69.55,69.55,0,1,1,0,1,0,0,1,0,0,0,0,0,0,0,0,0,0,0,0,0,0,0,1,0,1,0,0,0
30,100.45,3096.9,103.23,0,0,0,0,1,0,1,1,0,0,0,0,0,0,1,0,0,0,1,0,1,0,0,0,0,1,0,1,0
71,24.4,1725.4,24.301408450704226,0,0,1,0,1,0,1,0,1,1,0,1,0,1,0,1,0,1,0,1,0,0,1,1,1,0,0,0,1
8,101.15,842.9,105.3625,0,0,1,0,1,0,0,1,0,0,0,0,1,0,1,0,0,0,1,0,1,0,0,0,0,1,0,0,0
9,80.85,751.65,83.51666666666667,0,1,0,0,1,0,0,1,0,0,0,0,0,0,0,0,0,0,1,0,0,0,0,1,0,1,0,0,0
69,106.5,7348.8,106.50434782608696,1,0,0,0,1,0,1,1,0,0,0,0,0,0,1,0,1,0,1,0,1,0,1,1,0,0,0,0,1
67,106.6,7244.7,108.12985074626866,0,0,0,1,1,0,1,1,0,0,0,0,1,0,0,0,1,0,1,0,1,1,0,1,0,0,0,0,1
24,54.95,1348.5,56.1875,1,0,0,0,1,0,0,0,0,0,1,0,0,0,0,0,1,0,0,0,0,0,0,0,0,1,0,1,0
16,71.8,1167.8,72.9875,1,1,1,0,1,0,0,1,0,0,0,0,0,0,0,0,0,0,0,0,0,0,0,1,0,0,0,1,0
14,70.2,1046.5,74.75,0,0,1,1,1,0,0,1,0,0,0,0,0,0,0,0,0,0,0,0,0,0,0,0,0,1,0,1,0
34,108.9,3625.2,106.62352941176471,1,1,1,1,1,0,1,1,0,0,0,0,1,0,1,0,1,0,1,0,1,0,0,1,0,1,0,1,0
53,19.55,1007.9,19.016981132075472,0,0,1,1,1,0,0,0,1,1,0,1,0,1,0,1,0,1,0,1,0,1,0,0,0,0,0,0,1
20,105.85,2239.65,111.9825,0,0,1,1,1,0,1,1,0,0,0,0,1,0,1,0,0,0,1,0,1,0,0,1,0,0,0,1,0
24,74.8,1821.2,75.88333333333334,1,0,1,1,1,0,1,0,0,0,1,0,0,0,0,0,0,0,1,0,1,1,0,0,0,0,1,1,0
64,81.3,5129.3,80.1453125,0,0,1,0,1,0,1,0,0,0,1,0,1,0,1,0,1,0,0,0,1,0,1,1,0,0,1,0,1
71,23.95,1756.2,24.735211267605635,1,1,1,0,1,0,1,0,1,1,0,1,0,1,0,1,0,1,0,1,0,0,1,0,0,0,0,0,1
8,19.2,161.95,20.24375,0,0,0,0,1,0,0,0,1,1,0,1,0,1,0,1,0,1,0,1,0,1,0,1,0,0,1,0,0
65,69.55,4459.15,68.60230769230769,1,0,1,1,1,0,1,0,0,0,1,0,1,0,0,0,0,0,0,0,1,0,1,1,0,0,1,0,1
29,48.95,1323.7,45.6448275862069,1,0,0,0,1,0,0,0,0,0,0,0,0,0,1,0,0,0,0,0,0,0,0,0,0,0,0,1,0
55,100.9,5448.6,99.06545454545456,0,0,1,1,1,0,1,1,0,0,1,0,0,0,0,0,0,0,1,0,1,1,0,0,0,0,1,0,1
54,61.0,3283.05,60.797222222222224,1,0,0,1,1,0,0,0,0,0,0,0,1,0,1,0,1,0,0,0,0,1,0,1,0,1,0,0,1
66,61.35,4193.4,63.53636363636363,0,0,0,0,0,1,0,0,0,0,1,0,0,0,1,0,1,0,1,0,1,0,1,1,0,0,0,0,1
31,59.7,1825.5,58.88709677419355,1,0,1,1,1,0,1,0,0,0,0,0,0,0,0,0,0,0,0,0,1,0,0,0,0,0,0,1,0
5,78.95,378.4,75.67999999999999,0,1,0,0,1,0,0,1,0,0,0,0,0,0,0,0,0,0,0,0,1,0,0,0,0,1,0,0,0
21,61.65,1393.6,66.36190476190475,1,0,0,0,1,0,0,0,0,0,0,0,0,0,1,0,0,0,0,0,1,0,0,0,0,0,1,1,0
9,24.6,190.1,21.12222222222222,1,0,0,0,0,1,0,0,0,0,0,0,0,0,0,0,0,0,0,0,0,0,0,1,0,0,1,0,0
31,90.7,2845.15,91.77903225806452,1,1,0,0,1,0,1,1,0,0,0,0,1,0,0,0,0,0,1,0,0,0,0,1,0,1,0,1,0
49,99.25,4920.8,100.42448979591838,1,0,1,0,1,0,0,1,0,0,0,0,0,0,1,0,1,0,1,0,1,1,0,1,1,0,0,0,1
11,94.0,1078.9,98.08181818181819,0,0,1,0,1,0,1,1,0,0,0,0,0,0,0,0,0,0,1,0,1,0,0,1,0,1,0,0,0
6,93.55,536.4,89.39999999999999,0,0,0,0,1,0,1,1,0,0,0,0,0,0,0,0,0,0,1,0,1,0,0,1,0,0,0,0,0
0,20.0,0.0,20.0,0,0,1,1,1,0,0,0,1,1,0,1,0,1,0,1,0,1,0,1,0,0,1,0,0,0,1,0,0
57,19.9,1115.6,19.5719298245614,0,0,1,0,1,0,0,0,1,1,0,1,0,1,0,1,0,1,0,1,0,0,1,0,0,0,0,0,1
2,59.0,114.15,57.075,0,0,0,0,1,0,0,0,0,0,0,0,1,0,0,0,0,0,1,0,0,0,0,1,0,1,0,0,0
9,85.35,754.65,83.85,0,0,1,1,1,0,1,1,0,0,0,0,0,0,0,0,0,0,1,0,0,0,0,1,0,0,0,0,0
38,20.3,743.05,19.553947368421053,0,0,0,0,1,0,0,0,1,1,0,1,0,1,0,1,0,1,0,1,0,0,1,0,0,0,1,0,1
39,54.85,2191.7,56.197435897435895,1,0,0,1,0,1,0,0,0,0,0,0,0,0,1,0,1,0,1,0,1,1,0,0,0,0,0,0,1
17,92.55,1515.1,89.12352941176471,1,0,1,1,1,0,1,1,0,0,0,0,0,0,0,0,0,0,1,0,1,0,0,1,0,1,0,1,0
71,25.55,1898.1,26.733802816901406,1,0,0,0,1,0,1,0,1,1,0,1,0,1,0,1,0,1,0,1,0,0,1,0,0,0,0,0,1
45,96.75,4442.75,98.72777777777777,0,0,0,0,1,0,1,1,0,0,1,0,1,0,0,0,0,0,0,0,1,1,0,0,0,0,0,0,1
33,20.1,670.35,20.313636363636363,0,0,1,1,1,0,0,0,1,1,0,1,0,1,0,1,0,1,0,1,0,0,1,0,0,0,1,1,0
72,20.7,1482.3,20.5875,0,0,1,1,1,0,0,0,1,1,0,1,0,1,0,1,0,1,0,1,0,0,1,1,0,0,1,0,1
29,55.25,1620.2,55.86896551724138,0,0,0,0,1,0,1,0,0,0,0,0,1,0,0,0,0,0,0,0,0,1,0,1,0,1,0,1,0
71,95.75,6849.4,96.47042253521126,0,0,1,1,1,0,1,1,0,0,0,0,1,0,1,0,0,0,0,0,1,0,1,1,1,0,0,0,1
18,103.6,1806.35,100.35277777777777,0,1,0,0,1,0,1,1,0,0,0,0,1,0,0,0,1,0,1,0,1,0,0,1,1,0,0,1,0
16,53.9,834.15,52.134375,0,0,0,0,1,0,0,0,0,0,0,0,1,0,0,0,1,0,0,0,0,0,0,1,0,0,1,1,0
27,101.25,2754.45,102.01666666666667,0,1,1,0,1,0,0,1,0,0,1,0,0,0,1,0,0,0,1,0,1,0,0,1,0,1,0,1,0
4,19.6,93.45,23.3625,0,0,1,0,1,0,0,0,1,1,0,1,0,1,0,1,0,1,0,1,0,0,0,0,0,0,1,0,0
72,26.45,1914.5,26.59027777777778,0,0,1,0,1,0,1,0,1,1,0,1,0,1,0,1,0,1,0,1,0,0,1,0,1,0,0,0,1
47,95.05,4504.55,95.84148936170213,0,1,0,0,1,0,1,1,0,0,0,0,1,0,0,0,1,0,1,0,0,0,0,1,0,1,0,0,1
39,81.4,3213.75,82.40384615384616,1,0,0,0,1,0,1,1,0,0,0,0,1,0,0,0,0,0,0,0,0,1,0,0,1,0,0,0,1
72,105.0,7589.8,105.41388888888889,0,0,1,0,1,0,1,1,0,0,1,0,0,0,1,0,0,0,1,0,1,0,1,1,1,0,0,0,1
1,89.3,89.3,89.3,0,1,0,0,1,0,0,1,0,0,0,0,0,0,0,0,0,0,1,0,1,0,0,1,0,1,0,0,0
72,105.0,7578.05,105.25069444444445,0,1,1,0,1,0,1,1,0,0,0,0,1,0,1,0,0,0,1,0,1,1,0,0,1,0,0,0,1
18,75.4,1380.4,76.6888888888889,0,0,0,0,1,0,0,1,0,0,1,0,0,0,0,0,0,0,0,0,0,0,0,1,0,1,0,1,0
71,71.0,5012.1,70.59295774647887,1,1,1,0,1,0,0,0,0,0,1,0,1,0,0,0,1,0,1,0,0,1,0,1,0,0,0,0,1
42,66.4,2727.8,64.94761904761906,0,0,1,0,1,0,1,0,0,0,1,0,1,0,0,0,1,0,0,0,0,0,0,1,1,0,0,0,1
72,90.25,6369.45,88.46458333333334,1,0,1,0,1,0,1,0,0,0,1,0,1,0,1,0,1,0,1,0,1,0,1,1,1,0,0,0,1
15,100.15,1415.0,94.33333333333333,0,0,0,0,1,0,1,1,0,0,0,0,1,0,0,0,0,0,1,0,1,0,0,1,0,1,0,1,0
72,104.9,7559.55,104.99375,1,0,1,1,1,0,0,1,0,0,1,0,0,0,1,0,1,0,1,0,1,0,1,1,1,0,0,0,1
27,56.2,1567.55,58.0574074074074,1,0,0,1,1,0,0,0,0,0,1,0,1,0,0,0,0,0,0,0,0,1,0,0,0,0,1,1,0
35,70.3,2416.55,69.04428571428572,0,0,1,0,1,0,0,1,0,0,0,0,0,0,0,0,0,0,0,0,0,0,0,1,0,1,0,1,0
9,101.5,906.85,100.76111111111112,1,0,1,1,1,0,0,1,0,0,0,0,1,0,0,0,1,0,1,0,1,0,0,1,0,1,0,0,0
1,19.55,19.55,19.55,0,0,0,0,1,0,0,0,1,1,0,1,0,1,0,1,0,1,0,1,0,0,0,0,1,0,0,0,0
20,44.35,927.15,46.3575,0,0,0,0,1,0,0,0,0,0,0,0,0,0,0,0,0,0,0,0,0,0,0,1,0,1,0,1,0
65,19.35,1319.95,20.306923076923077,0,0,1,0,1,0,0,0,1,1,0,1,0,1,0,1,0,1,0,1,0,0,1,0,0,0,0,0,1
1,20.9,20.9,20.9,0,0,0,0,1,0,0,0,1,1,0,1,0,1,0,1,0,1,0,1,0,0,0,0,0,0,1,0,0
7,20.05,164.85,23.55,0,0,0,0,1,0,0,0,1,1,0,1,0,1,0,1,0,1,0,1,0,0,0,0,0,0,1,0,0
29,75.55,2054.4,70.84137931034483,1,0,1,1,1,0,0,0,0,0,0,0,0,0,1,0,1,0,1,0,1,0,1,0,0,0,1,1,0
46,30.3,1380.1,30.002173913043475,1,0,0,0,0,1,0,0,0,0,0,0,1,0,0,0,0,0,0,0,0,0,0,0,0,0,0,0,1
1,49.5,49.5,49.5,0,0,0,0,1,0,0,0,0,0,0,0,1,0,0,0,0,0,0,0,0,0,0,0,0,1,0,0,0
3,74.6,239.05,79.68333333333334,0,1,1,0,1,0,0,1,0,0,0,0,1,0,0,0,0,0,0,0,0,0,0,1,0,0,0,0,0
13,91.1,1135.7,87.36153846153846,1,0,0,0,1,0,0,1,0,0,0,0,0,0,0,0,0,0,1,0,1,0,0,1,0,1,0,1,0
7,20.05,96.8,13.828571428571427,0,0,0,1,1,0,0,0,1,1,0,1,0,1,0,1,0,1,0,1,0,1,0,0,0,0,1,0,0
1,19.85,19.85,19.85,1,0,0,0,1,0,0,0,1,1,0,1,0,1,0,1,0,1,0,1,0,0,0,1,0,1,0,0,0
16,20.15,341.35,21.334375,1,0,1,1,1,0,0,0,1,1,0,1,0,1,0,1,0,1,0,1,0,0,0,0,0,1,0,1,0
8,65.5,564.35,70.54375,0,0,1,0,1,0,0,0,0,0,1,0,0,0,0,0,1,0,0,0,1,0,1,0,0,0,1,0,0
10,104.4,1081.45,108.14500000000001,1,0,0,0,1,0,0,1,0,0,1,0,1,0,1,0,0,0,1,0,1,0,0,1,0,1,0,0,0
29,100.55,2830.45,97.60172413793103,1,0,0,1,1,0,1,1,0,0,0,0,1,0,1,0,1,0,0,0,1,1,0,0,1,0,0,1,0
19,83.65,1465.75,77.14473684210526,1,0,1,1,1,0,1,1,0,0,0,0,0,0,0,0,0,0,0,0,1,0,0,1,0,1,0,1,0
72,113.1,8248.5,114.5625,0,0,1,1,1,0,1,1,0,0,1,0,1,0,1,0,1,0,1,0,1,0,1,1,0,0,0,0,1
3,99.0,287.4,95.8,0,0,0,0,1,0,0,1,0,0,1,0,0,0,1,0,0,0,1,0,1,0,0,1,1,0,0,0,0
44,24.85,1013.6,23.036363636363635,1,0,1,1,1,0,1,0,1,1,0,1,0,1,0,1,0,1,0,1,0,1,0,0,0,1,0,0,1
42,105.2,4400.75,104.7797619047619,0,0,0,0,1,0,1,1,0,0,1,0,0,0,1,0,0,0,1,0,1,0,0,1,0,1,0,0,1
30,83.55,2570.2,85.67333333333333,1,0,1,1,1,0,1,1,0,0,0,0,1,0,0,0,1,0,0,0,0,0,0,1,0,0,0,1,0
51,81.0,4085.75,80.11274509803921,1,0,0,0,1,0,1,1,0,0,0,0,1,0,0,0,0,0,0,0,0,0,0,0,0,0,0,0,1
1,19.65,19.65,19.65,0,0,0,0,1,0,0,0,1,1,0,1,0,1,0,1,0,1,0,1,0,0,0,0,0,0,1,0,0
23,20.0,445.3,19.360869565217392,1,0,1,1,1,0,0,0,1,1,0,1,0,1,0,1,0,1,0,1,0,1,0,1,1,0,0,1,0
53,110.5,5835.5,110.10377358490567,0,0,1,0,1,0,0,1,0,0,1,0,1,0,1,0,1,0,1,0,1,1,0,0,0,1,0,0,1
24,98.75,2407.3,100.30416666666667,0,0,0,0,1,0,1,1,0,0,0,0,0,0,1,0,0,0,1,0,1,0,0,1,0,1,0,1,0
1,20.15,20.15,20.15,0,0,0,0,1,0,0,0,1,1,0,1,0,1,0,1,0,1,0,1,0,0,0,0,0,0,1,0,0
61,98.3,6066.55,99.4516393442623,1,1,1,0,1,0,1,1,0,0,0,0,1,0,1,0,1,0,1,0,0,1,0,1,0,0,1,0,1
22,93.2,2157.3,98.05909090909091,1,0,0,0,1,0,0,1,0,0,0,0,1,0,0,0,0,0,1,0,1,0,0,1,0,0,1,1,0
5,91.4,449.75,89.95,1,1,0,0,1,0,0,1,0,0,0,0,0,0,0,0,0,0,1,0,1,0,0,1,0,1,0,0,0
39,49.8,1971.15,50.542307692307695,1,0,0,0,1,0,0,0,0,0,0,0,0,0,0,0,1,0,0,0,0,0,1,1,0,0,0,0,1
50,39.45,2021.35,40.427,1,0,1,1,0,1,0,0,0,0,1,0,0,0,0,0,0,0,1,0,0,0,0,1,1,0,0,0,1
57,19.4,1061.6,18.62456140350877,1,0,1,1,1,0,0,0,1,1,0,1,0,1,0,1,0,1,0,1,0,1,0,0,0,0,1,0,1
39,25.45,958.45,24.575641025641026,1,0,0,1,1,0,1,0,1,1,0,1,0,1,0,1,0,1,0,1,0,1,0,0,0,0,0,0,1
11,96.2,1222.05,111.09545454545454,0,0,1,0,1,0,1,1,0,0,1,0,0,0,0,0,1,0,1,0,0,0,0,1,1,0,0,0,0
1,45.3,45.3,45.3,1,0,0,0,1,0,0,0,0,0,0,0,0,0,0,0,0,0,0,0,0,0,0,0,0,1,0,0,0
56,109.6,5953.0,106.30357142857143,0,0,1,1,1,0,1,1,0,0,1,0,0,0,1,0,1,0,1,0,1,0,0,1,0,0,1,0,1
34,56.95,1889.5,55.5735294117647,1,0,0,0,1,0,0,0,0,0,1,0,0,0,1,0,0,0,0,0,0,1,0,0,0,0,1,1,0
12,79.2,943.85,78.65416666666667,0,1,1,0,1,0,0,0,0,0,1,0,0,0,1,0,1,0,1,0,1,1,0,1,0,1,0,0,0
1,90.75,90.75,90.75,1,0,1,0,1,0,0,1,0,0,0,0,0,0,0,0,0,0,1,0,1,0,0,1,0,1,0,0,0
19,19.7,386.5,20.342105263157894,1,0,0,0,1,0,0,0,1,1,0,1,0,1,0,1,0,1,0,1,0,1,0,1,1,0,0,1,0
18,94.75,1691.9,93.99444444444445,1,0,1,0,1,0,1,1,0,0,0,0,0,0,0,0,0,0,1,0,1,0,0,1,0,1,0,1,0
36,54.1,1992.85,55.356944444444444,1,1,1,0,1,0,0,0,0,0,0,0,0,0,1,0,1,0,0,0,0,1,0,0,1,0,0,1,0
11,60.25,662.95,60.26818181818182,1,1,0,0,1,0,1,0,0,0,1,0,1,0,0,0,0,0,0,0,0,0,0,0,0,0,0,0,0
56,73.85,4092.85,73.08660714285715,0,0,0,0,1,0,0,1,0,0,0,0,1,0,0,0,0,0,0,0,0,0,0,1,0,1,0,0,1
51,77.5,3807.35,74.65392156862745,0,1,1,0,1,0,1,1,0,0,1,0,0,0,0,0,0,0,0,0,0,0,0,1,0,1,0,0,1
27,90.15,2423.4,89.75555555555556,0,0,1,0,1,0,1,1,0,0,0,0,0,0,1,0,0,0,0,0,1,0,0,0,0,0,0,1,0
1,70.9,70.9,70.9,0,0,0,0,1,0,0,1,0,0,0,0,0,0,0,0,0,0,0,0,0,0,0,0,0,0,1,0,0
4,46.0,181.6,45.4,0,1,1,1,1,0,0,0,0,0,0,0,0,0,0,0,0,0,0,0,0,0,0,0,0,1,0,0,0
72,64.45,4641.1,64.45972222222223,1,1,1,0,0,1,0,0,0,0,1,0,1,0,1,0,1,0,1,0,1,0,1,1,1,0,0,0,1
52,50.5,2566.3,49.35192307692308,0,1,0,0,0,1,0,0,0,0,0,0,1,0,1,0,1,0,1,0,0,0,0,1,0,1,0,0,1
15,25.4,399.6,26.64,0,0,0,0,1,0,1,0,1,1,0,1,0,1,0,1,0,1,0,1,0,0,0,1,1,0,0,1,0
1,55.2,55.2,55.2,0,0,1,0,1,0,0,0,0,0,0,0,0,0,0,0,0,0,1,0,0,0,0,0,0,0,1,0,0
63,79.85,4861.45,77.16587301587302,0,0,0,0,1,0,1,0,0,0,1,0,1,0,1,0,1,0,1,0,0,0,1,1,1,0,0,0,1
14,90.9,1259.0,89.92857142857143,0,0,1,1,1,0,1,1,0,0,0,0,1,0,0,0,0,0,0,0,1,0,0,1,0,0,0,1,0
23,88.45,2130.55,92.63260869565218,0,1,1,1,1,0,0,1,0,0,0,0,1,0,1,0,0,0,0,0,1,0,0,1,0,0,0,1,0
47,99.7,4747.2,101.00425531914894,0,1,1,0,1,0,1,1,0,0,0,0,0,0,1,0,0,0,1,0,1,0,0,0,0,1,0,0,1
72,109.2,7711.45,107.10347222222222,0,0,1,1,1,0,1,1,0,0,0,0,1,0,1,0,1,0,1,0,1,0,1,1,0,0,0,0,1
48,83.45,3887.85,80.996875,0,0,0,0,1,0,1,0,0,0,1,0,1,0,1,0,0,0,1,0,1,1,0,1,1,0,0,0,1
11,35.8,363.15,33.01363636363636,0,0,0,0,0,1,0,0,0,0,0,0,0,0,0,0,0,0,1,0,0,0,0,1,0,0,1,0,0
48,20.0,935.9,19.497916666666665,0,0,1,1,1,0,0,0,1,1,0,1,0,1,0,1,0,1,0,1,0,0,1,0,0,0,1,0,1
61,25.0,1501.75,24.618852459016395,1,1,1,0,1,0,1,0,1,1,0,1,0,1,0,1,0,1,0,1,0,0,1,0,0,0,0,0,1
34,69.15,2275.1,66.91470588235293,1,1,0,0,1,0,0,1,0,0,0,0,0,0,0,0,0,0,0,0,0,0,0,0,1,0,0,1,0
24,20.75,487.05,20.29375,1,0,0,0,1,0,0,0,1,1,0,1,0,1,0,1,0,1,0,1,0,0,1,0,0,0,1,1,0
18,61.5,1087.45,60.41388888888889,0,0,1,1,1,0,0,0,0,0,1,0,1,0,0,0,1,0,0,0,0,1,0,1,0,0,1,1,0
64,86.8,5327.25,83.23828125,0,0,1,1,1,0,1,1,0,0,1,0,0,0,0,0,1,0,0,0,0,0,0,1,0,0,0,0,1
59,88.75,5348.65,90.65508474576271,0,1,1,1,1,0,1,1,0,0,0,0,0,0,1,0,0,0,0,0,1,0,0,1,1,0,0,0,1
24,34.25,828.2,34.50833333333333,1,1,1,0,0,1,0,0,0,0,0,0,0,0,1,0,1,0,0,0,0,0,0,0,0,0,1,1,0
0,25.35,0.0,25.35,1,0,1,1,1,0,1,0,1,1,0,1,0,1,0,1,0,1,0,1,0,0,1,0,0,0,1,0,0
60,25.0,1505.05,25.084166666666665,0,0,0,0,1,0,1,0,1,1,0,1,0,1,0,1,0,1,0,1,0,0,1,0,0,0,1,0,1
41,74.65,3090.65,75.38170731707318,0,0,0,0,1,0,1,0,0,0,1,0,0,0,1,0,1,0,0,0,1,0,0,1,0,0,0,0,1
3,81.35,233.7,77.89999999999999,1,1,0,0,1,0,1,1,0,0,0,0,1,0,0,0,0,0,0,0,0,0,0,1,0,1,0,0,0
72,108.4,7719.5,107.21527777777777,1,0,1,0,1,0,1,1,0,0,0,0,1,0,1,0,1,0,1,0,1,0,1,1,0,1,0,0,1
47,110.85,5275.8,112.25106382978724,1,0,1,0,1,0,1,1,0,0,1,0,0,0,1,0,1,0,1,0,1,1,0,1,1,0,0,0,1
21,75.3,1570.7,74.79523809523809,1,0,0,0,1,0,1,1,0,0,0,0,0,0,0,0,0,0,0,0,0,0,0,0,0,0,1,1,0
41,98.05,3990.6,97.33170731707317,0,0,0,0,1,0,1,1,0,0,0,0,0,0,1,0,0,0,1,0,1,0,0,0,0,0,0,0,1
6,82.85,460.25,76.70833333333333,1,0,1,0,1,0,1,1,0,0,0,0,0,0,0,0,0,0,1,0,0,0,0,1,0,1,0,0,0
17,21.1,385.55,22.679411764705883,1,0,0,0,1,0,0,0,1,1,0,1,0,1,0,1,0,1,0,1,0,0,0,0,1,0,0,1,0
72,20.1,1460.85,20.289583333333333,0,0,1,1,1,0,0,0,1,1,0,1,0,1,0,1,0,1,0,1,0,0,1,0,0,0,0,0,1
13,52.1,670.65,51.58846153846154,1,0,0,1,1,0,0,0,0,0,1,0,0,0,0,0,0,0,0,0,0,0,0,1,1,0,0,1,0
72,64.75,4804.75,66.73263888888889,0,0,1,0,1,0,1,0,0,0,1,0,1,0,0,0,1,0,0,0,0,0,1,0,0,0,0,0,1
15,103.45,1539.8,102.65333333333334,1,0,1,0,1,0,1,1,0,0,0,0,0,0,1,0,1,0,1,0,1,0,0,1,0,1,0,1,0
3,34.8,113.95,37.983333333333334,0,0,0,0,0,1,0,0,0,0,0,0,0,0,0,0,0,0,1,0,0,0,0,1,1,0,0,0,0
46,74.8,3548.3,77.13695652173914,0,0,0,0,1,0,0,1,0,0,0,0,0,0,1,0,0,0,0,0,0,0,0,1,1,0,0,0,1
72,23.55,1723.95,23.94375,1,0,1,0,1,0,1,0,1,1,0,1,0,1,0,1,0,1,0,1,0,0,1,1,0,0,0,0,1
15,56.15,931.9,62.126666666666665,0,0,0,0,1,0,0,0,0,0,0,0,0,0,0,0,0,0,1,0,0,1,0,0,0,0,1,1,0
64,111.15,6953.4,108.646875,0,0,1,0,1,0,1,1,0,0,0,0,1,0,1,0,1,0,1,0,1,0,0,1,0,1,0,0,1
67,84.8,5598.3,83.55671641791045,0,0,1,1,1,0,0,1,0,0,1,0,1,0,1,0,0,0,0,0,0,1,0,0,0,0,0,0,1
1,20.45,20.45,20.45,1,0,0,0,1,0,0,0,1,1,0,1,0,1,0,1,0,1,0,1,0,0,0,0,0,0,1,0,0
51,75.2,3901.25,76.49509803921569,1,0,1,0,1,0,1,0,0,0,0,0,0,0,0,0,1,0,1,0,1,0,1,1,0,0,0,0,1
51,60.15,3077.0,60.333333333333336,0,0,0,1,0,1,0,0,0,0,1,0,0,0,1,0,1,0,1,0,1,1,0,0,0,0,0,0,1
5,43.25,219.0,43.8,1,0,0,0,0,1,0,0,0,0,1,0,1,0,1,0,1,0,0,0,0,0,0,1,0,0,1,0,0
4,25.3,116.95,29.2375,0,0,0,0,1,0,1,0,1,1,0,1,0,1,0,1,0,1,0,1,0,0,1,1,1,0,0,0,0
35,69.15,2490.15,71.14714285714285,1,0,1,1,1,0,1,0,0,0,1,0,1,0,1,0,1,0,0,0,0,0,1,1,1,0,0,1,0
71,24.25,1732.95,24.40774647887324,0,0,1,0,1,0,1,0,1,1,0,1,0,1,0,1,0,1,0,1,0,0,1,1,1,0,0,0,1
13,81.9,1028.9,79.14615384615385,0,0,0,0,1,0,0,1,0,0,0,0,0,0,0,0,0,0,1,0,0,0,0,1,0,0,1,1,0
3,20.2,65.95,21.983333333333334,0,0,0,0,1,0,0,0,1,1,0,1,0,1,0,1,0,1,0,1,0,0,0,0,0,1,0,0,0
30,19.05,637.55,21.251666666666665,1,0,1,0,1,0,0,0,1,1,0,1,0,1,0,1,0,1,0,1,0,0,1,0,0,0,1,1,0
20,73.65,1463.5,73.175,1,1,1,0,1,0,0,1,0,0,0,0,1,0,0,0,0,0,0,0,0,0,0,1,0,1,0,1,0
64,86.4,5442.05,85.03203125,0,0,0,0,1,0,1,0,0,0,1,0,1,0,1,0,1,0,1,0,1,0,1,1,1,0,0,0,1
59,18.4,1057.85,17.92966101694915,0,0,1,0,1,0,0,0,1,1,0,1,0,1,0,1,0,1,0,1,0,0,1,0,0,0,0,0,1
1,55.8,55.8,55.8,0,1,0,0,1,0,0,0,0,0,1,0,0,0,1,0,0,0,0,0,0,0,0,1,0,1,0,0,0
57,93.75,5625.55,98.69385964912281,1,1,0,0,1,0,1,1,0,0,1,0,0,0,0,0,1,0,0,0,1,0,1,0,0,1,0,0,1
66,50.55,3364.55,50.97803030303031,1,0,1,1,0,1,0,0,0,0,0,0,0,0,0,0,1,0,1,0,1,0,1,0,0,0,0,0,1
25,40.65,970.55,38.821999999999996,1,0,0,1,0,1,0,0,0,0,1,0,0,0,0,0,0,0,1,0,0,1,0,1,1,0,0,1,0
10,29.5,255.25,25.525,1,0,0,0,0,1,0,0,0,0,0,0,0,0,1,0,0,0,0,0,0,0,0,0,0,0,1,0,0
4,20.35,77.5,19.375,0,0,0,0,1,0,0,0,1,1,0,1,0,1,0,1,0,1,0,1,0,0,0,0,0,0,1,0,0
72,92.0,6474.4,89.92222222222222,0,0,1,0,1,0,1,0,0,0,1,0,1,0,1,0,1,0,1,0,1,0,1,0,0,0,0,0,1
71,115.05,8016.6,112.90985915492958,1,1,1,0,1,0,1,1,0,0,1,0,1,0,1,0,1,0,1,0,1,0,1,1,0,0,0,0,1
41,19.75,806.95,19.681707317073172,0,0,0,0,1,0,0,0,1,1,0,1,0,1,0,1,0,1,0,1,0,1,0,1,0,0,1,0,1
9,19.6,197.4,21.933333333333334,1,0,1,1,1,0,0,0,1,1,0,1,0,1,0,1,0,1,0,1,0,0,1,0,0,0,1,0,0
1,50.9,50.9,50.9,1,0,0,0,1,0,0,0,0,0,0,0,0,0,1,0,0,0,0,0,0,0,0,0,0,0,1,0,0
1,73.6,73.6,73.6,0,0,0,1,1,0,0,1,0,0,1,0,0,0,0,0,0,0,0,0,0,0,0,1,0,0,1,0,0
65,109.3,7337.55,112.88538461538462,0,0,1,1,1,0,1,1,0,0,1,0,0,0,1,0,1,0,1,0,1,0,1,0,0,1,0,0,1
4,75.35,338.1,84.525,0,0,0,0,1,0,1,1,0,0,0,0,0,0,0,0,0,0,0,0,0,0,0,0,0,1,0,0,0
1,74.35,74.35,74.35,0,0,0,0,1,0,0,1,0,0,0,0,1,0,0,0,0,0,0,0,0,0,0,0,0,1,0,0,0
1,42.9,42.9,42.9,1,0,0,0,1,0,0,0,0,0,0,0,0,0,0,0,0,0,0,0,0,0,0,1,0,1,0,0,0
7,20.65,155.9,22.271428571428572,0,0,0,0,1,0,0,0,1,1,0,1,0,1,0,1,0,1,0,1,0,0,0,0,0,0,1,0,0
5,20.35,92.75,18.55,1,0,0,0,1,0,0,0,1,1,0,1,0,1,0,1,0,1,0,1,0,0,0,0,0,0,1,0,0
12,53.65,696.35,58.02916666666667,1,0,1,1,1,0,0,0,0,0,0,0,0,0,0,0,0,0,0,0,1,1,0,0,1,0,0,0,0
55,100.0,5509.3,100.16909090909091,0,1,0,0,1,0,1,1,0,0,0,0,0,0,1,0,0,0,1,0,1,1,0,1,0,1,0,0,1
54,45.2,2460.55,45.56574074074074,1,0,0,0,0,1,0,0,0,0,1,0,0,0,0,0,1,0,1,0,0,0,1,0,1,0,0,0,1
2,69.3,153.8,76.9,0,1,1,0,1,0,0,1,0,0,0,0,0,0,0,0,0,0,0,0,0,0,0,1,0,1,0,0,0
23,19.6,426.65,18.55,1,0,1,1,1,0,0,0,1,1,0,1,0,1,0,1,0,1,0,1,0,0,1,0,1,0,0,1,0
15,95.7,1451.1,96.74,1,0,0,0,1,0,1,1,0,0,0,0,1,0,0,0,1,0,0,0,1,0,0,0,0,1,0,1,0
2,49.6,114.7,57.35,0,0,0,0,1,0,0,0,0,0,0,0,1,0,0,0,0,0,0,0,0,0,0,1,0,0,1,0,0
56,98.6,5581.05,99.66160714285715,1,0,0,0,1,0,1,1,0,0,0,0,1,0,0,0,0,0,1,0,1,0,0,0,0,1,0,0,1
65,105.05,6914.95,106.38384615384615,0,0,1,0,1,0,1,1,0,0,1,0,0,0,1,0,0,0,1,0,1,0,0,1,0,1,0,0,1
28,92.9,2768.35,98.86964285714285,1,0,1,1,1,0,0,1,0,0,0,0,1,0,1,0,1,0,1,0,0,1,0,0,0,0,0,1,0
1,25.2,25.2,25.2,0,0,0,0,0,1,0,0,0,0,0,0,0,0,0,0,0,0,0,0,0,0,0,0,0,0,1,0,0
8,38.5,330.8,41.35,0,0,0,1,0,1,0,0,0,0,1,0,0,0,0,0,0,0,0,0,1,0,0,1,0,1,0,0,0
23,68.75,1689.45,73.45434782608696,0,0,1,0,1,0,0,0,0,0,1,0,0,0,1,0,1,0,0,0,1,1,0,1,0,0,0,1,0
17,65.75,1111.2,65.36470588235295,1,0,0,0,1,0,1,0,0,0,1,0,0,0,0,0,0,0,0,0,1,0,0,0,0,0,0,1,0
30,70.4,2044.75,68.15833333333333,1,0,0,0,1,0,0,0,0,0,1,0,1,0,0,0,1,0,1,0,0,1,0,0,0,1,0,1,0
67,105.6,7112.15,106.15149253731343,0,1,1,0,1,0,1,1,0,0,1,0,1,0,0,0,0,0,1,0,1,1,0,1,0,1,0,0,1
1,81.05,81.05,81.05,1,0,1,1,1,0,0,1,0,0,0,0,0,0,0,0,0,0,0,0,1,0,0,1,0,1,0,0,0
16,49.95,810.2,50.6375,0,0,1,0,0,1,0,0,0,0,0,0,0,0,0,0,1,0,1,0,1,0,0,1,0,1,0,1,0
1,19.85,19.85,19.85,0,0,0,0,1,0,0,0,1,1,0,1,0,1,0,1,0,1,0,1,0,0,0,0,0,0,1,0,0
59,107.0,6152.3,104.27627118644068,0,0,1,0,1,0,1,1,0,0,1,0,1,0,1,0,1,0,0,0,1,1,0,1,1,0,0,0,1
20,90.8,1951.0,97.55,0,1,1,0,1,0,1,1,0,0,0,0,0,0,1,0,0,0,1,0,0,0,0,0,0,1,0,1,0
13,71.95,923.85,71.06538461538462,0,0,0,0,1,0,0,0,0,0,1,0,0,0,0,0,0,0,1,0,1,0,0,1,0,1,0,1,0
28,89.95,2625.55,93.76964285714287,0,0,0,0,1,0,1,1,0,0,0,0,1,0,0,0,0,0,0,0,1,0,0,1,0,1,0,1,0
53,91.15,4862.5,91.74528301886792,0,0,1,0,1,0,1,1,0,0,0,0,0,0,0,0,1,0,0,0,1,1,0,1,0,1,0,0,1
7,20.0,137.6,19.657142857142855,0,0,0,0,1,0,0,0,1,1,0,1,0,1,0,1,0,1,0,1,0,0,0,0,0,0,0,0,0
40,24.8,1024.7,25.6175,0,0,1,1,1,0,1,0,1,1,0,1,0,1,0,1,0,1,0,1,0,0,1,1,0,0,1,0,1
68,24.15,1498.85,22.04191176470588,1,0,0,0,1,0,1,0,1,1,0,1,0,1,0,1,0,1,0,1,0,0,1,1,0,0,0,0,1
1,70.65,70.65,70.65,1,0,1,1,1,0,0,1,0,0,0,0,0,0,0,0,0,0,0,0,0,0,0,1,0,0,1,0,0
62,106.05,6703.5,108.12096774193549,0,0,1,1,1,0,1,1,0,0,0,0,1,0,0,0,1,0,1,0,1,1,0,1,1,0,0,0,1
28,91.25,2483.65,88.70178571428572,1,0,0,0,1,0,0,1,0,0,0,0,1,0,0,0,1,0,1,0,0,1,0,1,0,0,0,1,0
62,89.1,5618.3,90.61774193548388,1,1,1,0,1,0,1,1,0,0,1,0,1,0,1,0,0,0,0,0,0,0,0,1,0,1,0,0,1
21,45.65,985.05,46.90714285714286,1,0,0,1,1,0,0,0,0,0,0,0,0,0,0,0,0,0,0,0,0,0,0,0,0,0,1,1,0
41,101.1,4016.2,97.9560975609756,0,1,0,0,1,0,0,1,0,0,0,0,0,0,1,0,1,0,1,0,1,1,0,1,0,0,0,0,1
6,69.8,377.85,62.975,1,0,1,1,1,0,0,1,0,0,0,0,0,0,0,0,0,0,0,0,0,0,0,1,0,1,0,0,0
49,90.05,4547.25,92.80102040816327,1,1,1,0,1,0,1,1,0,0,0,0,1,0,0,0,0,0,0,0,1,0,0,0,1,0,0,0,1
67,109.4,7281.6,108.68059701492538,0,0,1,1,1,0,1,1,0,0,1,0,0,0,1,0,1,0,1,0,1,1,0,1,0,1,0,0,1
45,100.3,4483.95,99.64333333333333,0,0,0,0,1,0,0,1,0,0,1,0,1,0,0,0,0,0,1,0,1,1,0,1,0,1,0,0,1
59,19.3,1192.7,20.215254237288136,1,0,1,1,1,0,0,0,1,1,0,1,0,1,0,1,0,1,0,1,0,0,1,0,1,0,0,0,1
1,91.7,91.7,91.7,0,0,0,0,1,0,0,1,0,0,0,0,1,0,0,0,1,0,1,0,0,0,0,0,0,1,0,0,0
72,104.9,7537.5,104.6875,1,0,1,1,1,0,1,1,0,0,1,0,1,0,1,0,1,0,0,0,1,1,0,1,1,0,0,0,1
67,20.8,1411.9,21.07313432835821,1,0,1,1,1,0,0,0,1,1,0,1,0,1,0,1,0,1,0,1,0,0,1,1,0,0,1,0,1
44,19.6,780.25,17.732954545454547,0,0,1,1,1,0,0,0,1,1,0,1,0,1,0,1,0,1,0,1,0,0,0,0,0,0,1,0,1
1,44.0,44.0,44.0,0,0,0,0,1,0,0,0,0,0,0,0,0,0,0,0,0,0,0,0,0,0,0,1,0,0,1,0,0
71,105.9,7521.95,105.94295774647887,0,1,0,0,1,0,1,1,0,0,0,0,1,0,1,0,0,0,1,0,1,1,0,1,0,1,0,0,1
5,71.45,371.6,74.32000000000001,1,1,0,0,1,0,0,1,0,0,0,0,0,0,0,0,0,0,0,0,0,0,0,1,0,0,1,0,0
66,110.6,7210.85,109.25530303030304,0,1,1,1,1,0,1,1,0,0,1,0,1,0,0,0,1,0,1,0,1,1,0,1,1,0,0,0,1
32,93.5,2970.8,92.8375,1,1,1,0,1,0,1,1,0,0,0,0,1,0,1,0,0,0,0,0,1,0,0,1,0,1,0,1,0
52,63.25,3342.45,64.27788461538461,1,0,0,0,1,0,0,0,0,0,1,0,1,0,0,0,0,0,1,0,0,0,1,1,1,0,0,0,1
1,44.4,44.4,44.4,1,0,0,0,1,0,0,0,0,0,0,0,0,0,0,0,0,0,0,0,0,0,0,0,0,0,1,0,0
18,20.05,358.5,19.916666666666668,1,0,0,0,1,0,0,0,1,1,0,1,0,1,0,1,0,1,0,1,0,0,0,0,0,0,1,1,0
66,54.8,3465.7,52.51060606060606,1,0,0,0,1,0,0,0,0,0,1,0,1,0,0,0,0,0,0,0,0,1,0,1,0,0,1,0,1
38,79.45,3013.05,79.29078947368421,1,0,1,0,1,0,0,1,0,0,1,0,1,0,0,0,0,0,0,0,0,0,0,1,0,1,0,0,1
15,101.9,1667.25,111.15,1,0,1,1,1,0,0,1,0,0,1,0,0,0,0,0,1,0,1,0,1,1,0,0,0,1,0,1,0
46,99.65,4630.2,100.65652173913043,0,0,1,1,1,0,1,1,0,0,1,0,0,0,1,0,1,0,0,0,1,0,1,0,0,0,1,0,1
65,100.15,6643.5,102.20769230769231,0,0,1,0,1,0,1,1,0,0,1,0,1,0,0,0,1,0,1,0,0,1,0,1,0,0,0,0,1
68,25.8,1911.5,28.110294117647058,0,0,1,0,1,0,1,0,1,1,0,1,0,1,0,1,0,1,0,1,0,0,1,0,1,0,0,0,1
13,97.0,1334.45,102.65,1,0,1,1,1,0,0,1,0,0,0,0,0,0,1,0,0,0,1,0,1,0,0,0,0,1,0,1,0
10,98.5,1058.25,105.825,0,0,0,0,1,0,1,1,0,0,0,0,0,0,0,0,1,0,1,0,1,0,0,1,0,1,0,0,0
25,19.5,516.3,20.651999999999997,1,0,0,0,1,0,0,0,1,1,0,1,0,1,0,1,0,1,0,1,0,1,0,1,0,0,0,1,0
10,25.7,251.6,25.16,1,0,0,0,1,0,1,0,1,1,0,1,0,1,0,1,0,1,0,1,0,0,1,0,0,0,0,0,0
72,25.85,1872.2,26.00277777777778,1,0,1,0,1,0,1,0,1,1,0,1,0,1,0,1,0,1,0,1,0,0,1,0,1,0,0,0,1
3,50.25,152.3,50.76666666666667,1,0,0,0,1,0,0,0,0,0,0,0,0,0,0,0,1,0,0,0,0,0,0,1,0,0,1,0,0
2,54.4,114.1,57.05,1,0,0,0,1,0,1,0,0,0,0,0,1,0,0,0,0,0,0,0,0,0,0,1,0,0,1,0,0
38,81.0,3084.9,81.18157894736842,1,0,1,1,1,0,0,0,0,0,1,0,0,0,1,0,1,0,1,0,1,0,1,0,1,0,0,0,1
62,107.6,6912.7,111.49516129032257,1,0,1,0,1,0,1,1,0,0,0,0,0,0,1,0,1,0,1,0,1,0,1,1,0,0,0,0,1
11,75.2,775.3,70.48181818181818,1,1,1,1,1,0,1,1,0,0,0,0,0,0,0,0,0,0,0,0,0,0,0,1,1,0,0,0,0
3,80.1,217.55,72.51666666666667,0,0,0,0,1,0,0,1,0,0,0,0,0,0,1,0,1,0,0,0,0,0,0,0,1,0,0,0,0
49,51.8,2541.25,51.86224489795919,1,0,1,1,0,1,0,0,0,0,0,0,1,0,0,0,0,0,1,0,1,1,0,1,0,0,0,0,1
17,19.45,369.05,21.708823529411767,1,0,0,0,1,0,0,0,1,1,0,1,0,1,0,1,0,1,0,1,0,0,1,0,1,0,0,1,0
8,20.7,137.6,17.2,0,0,0,0,1,0,0,0,1,1,0,1,0,1,0,1,0,1,0,1,0,0,0,1,0,0,1,0,0
2,50.2,109.25,54.625,1,0,0,0,1,0,0,0,0,0,0,0,0,0,0,0,1,0,0,0,0,0,0,1,1,0,0,0,0
3,88.35,262.05,87.35000000000001,1,0,0,0,1,0,0,1,0,0,0,0,0,0,1,0,1,0,1,0,0,0,0,1,0,0,1,0,0
9,84.45,762.5,84.72222222222223,0,1,0,0,1,0,1,1,0,0,0,0,0,0,0,0,0,0,0,0,1,0,0,1,0,1,0,0,0
70,24.25,1724.15,24.630714285714287,1,0,1,0,1,0,1,0,1,1,0,1,0,1,0,1,0,1,0,1,0,0,1,0,0,0,0,0,1
32,94.8,3131.55,97.8609375,1,0,1,1,1,0,0,1,0,0,1,0,1,0,1,0,0,0,0,0,1,1,0,0,0,0,1,1,0
22,75.0,1573.95,71.54318181818182,1,0,1,1,1,0,0,1,0,0,1,0,0,0,0,0,0,0,0,0,0,0,0,0,0,0,0,1,0
14,19.5,272.0,19.428571428571427,0,0,1,1,1,0,0,0,1,1,0,1,0,1,0,1,0,1,0,1,0,1,0,1,0,0,1,1,0
2,90.0,190.05,95.025,1,0,1,1,1,0,0,1,0,0,0,0,0,0,1,0,1,0,0,0,1,0,0,0,1,0,0,0,0
68,25.25,1728.2,25.41470588235294,1,0,1,0,1,0,1,0,1,1,0,1,0,1,0,1,0,1,0,1,0,0,1,0,0,0,0,0,1
14,20.4,275.7,19.692857142857143,1,0,0,0,1,0,0,0,1,1,0,1,0,1,0,1,0,1,0,1,0,1,0,0,0,0,0,1,0
2,91.15,168.5,84.25,0,0,0,0,1,0,0,1,0,0,1,0,1,0,0,0,0,0,1,0,0,0,0,1,0,1,0,0,0
2,79.75,164.5,82.25,0,0,0,0,1,0,0,1,0,0,0,0,0,0,0,0,0,0,1,0,0,0,0,1,0,1,0,0,0
48,97.05,4692.95,97.76979166666666,0,0,1,0,1,0,0,1,0,0,0,0,1,0,1,0,0,0,1,0,1,1,0,1,0,1,0,0,1
6,49.15,270.8,45.13333333333333,0,0,1,0,1,0,0,0,0,0,0,0,0,0,0,0,1,0,0,0,0,0,0,1,0,1,0,0,0
43,103.0,4414.3,102.65813953488373,1,1,1,0,1,0,1,1,0,0,0,0,1,0,1,0,0,0,1,0,1,0,0,1,0,1,0,0,1
36,75.55,2680.15,74.44861111111112,0,0,0,0,1,0,0,0,0,0,1,0,1,0,1,0,1,0,0,0,1,1,0,1,0,0,1,1,0
66,99.5,6710.5,101.67424242424242,1,0,0,0,1,0,0,1,0,0,0,0,1,0,1,0,0,0,1,0,1,0,0,0,0,1,0,0,1
58,92.85,5305.05,91.46637931034483,1,0,1,1,1,0,0,1,0,0,0,0,1,0,0,0,0,0,1,0,1,0,0,1,0,1,0,0,1
23,90.05,2169.8,94.33913043478262,0,0,0,0,1,0,1,1,0,0,1,0,0,0,0,0,0,0,1,0,0,0,0,1,0,0,0,1,0
1,101.45,101.45,101.45,1,0,0,0,1,0,1,1,0,0,0,0,0,0,1,0,0,0,1,0,1,0,0,1,0,1,0,0,0
15,20.1,302.45,20.163333333333334,0,0,0,0,1,0,0,0,1,1,0,1,0,1,0,1,0,1,0,1,0,1,0,0,1,0,0,1,0
71,100.2,7209.0,101.53521126760563,1,0,1,1,1,0,0,1,0,0,1,0,1,0,1,0,1,0,1,0,0,0,1,0,1,0,0,0,1
12,89.15,1057.55,88.12916666666666,0,0,0,0,1,0,1,1,0,0,0,0,1,0,0,0,0,0,0,0,1,0,0,1,0,1,0,0,0
1,45.05,45.05,45.05,1,0,0,0,1,0,0,0,0,0,0,0,0,0,0,0,0,0,0,0,0,0,0,0,0,0,1,0,0
9,49.2,447.9,49.766666666666666,1,1,0,0,1,0,0,0,0,0,0,0,0,0,0,0,1,0,0,0,0,0,0,0,0,0,1,0,0
30,21.25,711.9,23.73,1,0,1,1,1,0,0,0,1,1,0,1,0,1,0,1,0,1,0,1,0,0,1,0,0,0,1,1,0
35,101.4,3496.3,99.89428571428572,1,1,0,0,1,0,1,1,0,0,0,0,0,0,1,0,0,0,1,0,1,0,0,1,0,1,0,1,0
49,52.15,2583.75,52.72959183673469,0,0,1,0,1,0,1,0,0,0,0,0,0,0,0,0,0,0,0,0,0,0,0,1,1,0,0,0,1
61,61.45,3751.15,61.49426229508197,0,0,1,1,0,1,0,0,0,0,0,0,1,0,1,0,1,0,1,0,1,0,1,1,0,0,0,0,1
70,64.55,4504.9,64.35571428571428,0,0,1,0,0,1,0,0,0,0,1,0,1,0,1,0,1,0,1,0,1,0,1,0,0,0,0,0,1
10,100.6,1060.2,106.02000000000001,0,0,0,0,1,0,1,1,0,0,0,0,0,0,1,0,0,0,1,0,1,0,0,1,0,1,0,0,0
72,26.1,1851.45,25.714583333333334,1,0,1,1,1,0,1,0,1,1,0,1,0,1,0,1,0,1,0,1,0,0,1,0,0,0,1,0,1
62,54.75,3425.35,55.247580645161285,0,0,1,1,1,0,0,0,0,0,1,0,0,0,1,0,0,0,0,0,0,1,0,0,1,0,0,0,1
8,45.45,411.75,51.46875,0,0,1,1,1,0,0,0,0,0,0,0,0,0,0,0,0,0,0,0,0,0,0,1,0,1,0,0,0
2,79.95,174.45,87.225,1,0,0,0,1,0,0,1,0,0,0,0,0,0,0,0,0,0,1,0,0,0,0,1,0,1,0,0,0
49,103.7,5036.3,102.78163265306122,1,0,0,0,1,0,1,1,0,0,0,0,1,0,1,0,0,0,1,0,1,0,0,1,0,0,0,0,1
1,19.45,19.45,19.45,1,0,0,0,1,0,0,0,1,1,0,1,0,1,0,1,0,1,0,1,0,0,0,0,0,0,1,0,0
25,95.7,2338.35,93.53399999999999,1,0,1,0,1,0,0,1,0,0,0,0,0,0,0,0,1,0,1,0,1,0,0,1,1,0,0,1,0
72,75.1,5336.35,74.11597222222223,1,0,0,0,1,0,0,0,0,0,1,0,1,0,1,0,1,0,1,0,0,0,1,1,0,0,0,0,1
39,50.65,1905.4,48.85641025641026,0,0,0,0,0,1,0,0,0,0,0,0,0,0,1,0,0,0,1,0,1,0,0,1,1,0,0,0,1
3,69.15,235.0,78.33333333333333,0,0,1,1,1,0,1,0,0,0,0,0,1,0,1,0,0,0,1,0,0,0,0,1,0,0,0,0,0
69,103.95,7446.9,107.92608695652173,0,0,1,1,1,0,1,1,0,0,0,0,1,0,1,0,0,0,1,0,1,0,0,1,0,1,0,0,1
16,19.75,294.9,18.43125,1,0,0,0,1,0,0,0,1,1,0,1,0,1,0,1,0,1,0,1,0,0,0,0,1,0,0,1,0
12,33.6,435.45,36.2875,0,0,0,0,0,1,0,0,0,0,1,0,0,0,0,0,1,0,0,0,0,1,0,1,0,0,1,0,0
71,66.85,4748.7,66.8830985915493,1,0,1,1,1,0,1,0,0,0,1,0,1,0,0,0,1,0,0,0,0,1,0,1,1,0,0,0,1
12,19.4,198.1,16.508333333333333,0,0,1,1,1,0,0,0,1,1,0,1,0,1,0,1,0,1,0,1,0,0,0,0,0,0,0,0,0
71,106.8,7623.2,107.36901408450704,1,1,0,0,1,0,1,1,0,0,0,0,1,0,0,0,1,0,1,0,1,0,1,1,0,1,0,0,1
46,56.9,2560.1,55.654347826086955,1,0,1,1,1,0,0,0,0,0,1,0,0,0,1,0,1,0,0,0,0,1,0,0,0,0,1,0,1
72,92.65,6733.0,93.51388888888889,0,0,1,1,1,0,1,0,0,0,1,0,1,0,1,0,1,0,1,0,1,0,1,0,0,0,0,0,1
22,76.0,1783.6,81.07272727272726,0,0,0,0,1,0,1,1,0,0,0,0,0,0,0,0,0,0,0,0,0,1,0,1,1,0,0,1,0
1,55.7,55.7,55.7,1,0,1,0,1,0,0,0,0,0,1,0,0,0,1,0,0,0,0,0,0,0,0,0,0,0,1,0,0
72,116.4,8543.25,118.65625,0,0,1,1,1,0,1,1,0,0,1,0,1,0,1,0,1,0,1,0,1,0,1,1,1,0,0,0,1
41,25.25,996.45,24.303658536585367,1,0,0,0,1,0,1,0,1,1,0,1,0,1,0,1,0,1,0,1,0,0,0,1,0,0,0,0,1
53,94.85,5000.2,94.3433962264151,0,0,1,0,1,0,0,1,0,0,0,0,0,0,1,0,0,0,1,0,1,1,0,1,0,0,0,0,1
62,101.15,6638.35,107.07016129032259,0,0,1,1,1,0,1,1,0,0,1,0,0,0,0,0,0,0,1,0,1,0,1,1,0,0,0,0,1
2,96.0,174.8,87.4,0,0,0,0,1,0,1,1,0,0,0,0,0,0,0,0,0,0,1,0,1,0,0,1,0,1,0,0,0
69,93.3,6398.05,92.72536231884058,0,0,1,1,1,0,1,1,0,0,0,0,1,0,0,0,1,0,0,0,1,0,1,1,0,0,0,0,1
4,45.3,196.95,49.2375,0,0,0,0,1,0,0,0,0,0,0,0,0,0,0,0,0,0,0,0,0,0,0,1,0,0,1,0,0
9,59.5,530.05,58.89444444444444,0,0,0,0,1,0,0,0,0,0,0,0,0,0,0,0,1,0,1,0,0,0,0,1,0,0,0,0,0
63,71.5,4576.3,72.63968253968254,1,0,0,0,1,0,1,0,0,0,1,0,1,0,1,0,1,0,0,0,0,1,0,0,0,1,0,0,1
5,47.15,223.15,44.63,1,0,0,0,1,0,1,0,0,0,0,0,0,0,0,0,0,0,0,0,0,0,0,0,0,1,0,0,0
41,20.65,835.15,20.36951219512195,0,0,0,0,1,0,0,0,1,1,0,1,0,1,0,1,0,1,0,1,0,0,1,0,0,0,1,0,1
5,93.9,486.85,97.37,0,0,0,0,1,0,1,1,0,0,0,0,0,0,0,0,0,0,1,0,1,0,0,1,0,0,1,0,0
2,95.5,181.65,90.825,1,1,1,0,1,0,0,1,0,0,0,0,0,0,1,0,0,0,1,0,1,0,0,1,1,0,0,0,0
33,61.05,2018.4,61.163636363636364,1,0,1,0,1,0,0,0,0,0,1,0,1,0,0,0,1,0,0,0,0,0,1,1,0,0,1,1,0
1,19.2,19.2,19.2,1,0,0,0,1,0,0,0,1,1,0,1,0,1,0,1,0,1,0,1,0,0,0,0,0,0,1,0,0
51,25.5,1281.25,25.122549019607842,0,0,1,0,1,0,1,0,1,1,0,1,0,1,0,1,0,1,0,1,0,0,1,0,0,0,1,0,1
8,101.35,780.5,97.5625,0,1,0,0,1,0,1,1,0,0,0,0,0,0,1,0,0,0,1,0,1,0,0,0,0,1,0,0,0
7,73.75,545.15,77.87857142857142,1,1,0,0,1,0,1,1,0,0,0,0,0,0,0,0,0,0,0,0,0,0,0,0,0,0,1,0,0
5,104.1,541.9,108.38,1,0,0,0,1,0,1,1,0,0,0,0,1,0,1,0,0,0,1,0,1,0,0,0,0,0,1,0,0
1,80.15,80.15,80.15,0,0,0,0,1,0,0,1,0,0,0,0,0,0,0,0,0,0,0,0,1,0,0,0,1,0,0,0,0
19,44.85,893.55,47.02894736842105,0,0,0,0,0,1,0,0,0,0,0,0,0,0,0,0,0,0,1,0,1,1,0,1,1,0,0,1,0
36,99.15,3615.6,100.43333333333334,0,0,0,0,1,0,1,1,0,0,0,0,1,0,0,0,0,0,1,0,1,0,0,1,0,1,0,1,0
68,54.45,3674.95,54.04338235294117,0,0,0,0,1,0,0,0,0,0,1,0,0,0,1,0,0,0,0,0,0,1,0,1,1,0,0,0,1
39,99.75,4036.0,103.48717948717949,0,1,0,0,1,0,1,1,0,0,0,0,0,0,1,0,0,0,1,0,1,0,0,1,0,1,0,0,1
15,80.2,1217.25,81.15,1,1,0,0,1,0,1,1,0,0,0,0,1,0,0,0,0,0,0,0,0,0,0,1,0,1,0,1,0
72,21.0,1493.75,20.74652777777778,1,0,1,1,1,0,0,0,1,1,0,1,0,1,0,1,0,1,0,1,0,0,1,0,0,0,0,0,1
7,34.2,256.6,36.65714285714286,1,0,1,0,0,1,0,0,0,0,1,0,1,0,0,0,0,0,0,0,0,0,0,0,0,0,1,0,0
71,24.45,1730.65,24.375352112676058,1,0,1,0,1,0,1,0,1,1,0,1,0,1,0,1,0,1,0,1,0,0,1,0,0,0,0,0,1
14,65.45,937.6,66.97142857142858,1,0,1,1,1,0,0,0,0,0,1,0,1,0,0,0,0,0,1,0,0,0,0,1,0,1,0,1,0
22,20.45,471.55,21.43409090909091,1,0,1,0,1,0,0,0,1,1,0,1,0,1,0,1,0,1,0,1,0,0,0,1,0,0,0,1,0
72,117.35,8436.25,117.17013888888889,0,1,0,0,1,0,1,1,0,0,1,0,1,0,1,0,1,0,1,0,1,0,1,1,1,0,0,0,1
52,91.6,4627.8,88.99615384615385,1,0,1,0,1,0,1,1,0,0,1,0,0,0,1,0,1,0,0,0,0,0,1,1,1,0,0,0,1
35,62.1,2096.1,59.888571428571424,0,0,0,0,1,0,0,0,0,0,0,0,0,0,1,0,0,0,0,0,1,0,0,1,0,1,0,1,0
50,20.15,930.9,18.618,0,0,1,1,1,0,0,0,1,1,0,1,0,1,0,1,0,1,0,1,0,0,1,0,0,0,0,0,1
57,99.65,5497.05,96.43947368421053,0,0,1,0,1,0,1,1,0,0,1,0,0,0,0,0,0,0,1,0,1,0,0,1,0,1,0,0,1
67,112.35,7388.45,110.27537313432836,0,0,1,1,1,0,1,1,0,0,0,0,1,0,1,0,1,0,1,0,1,1,0,1,1,0,0,0,1
11,79.5,795.65,72.33181818181818,1,0,0,0,1,0,0,1,0,0,1,0,0,0,1,0,0,0,0,0,0,0,0,1,0,0,0,0,0
35,69.0,2441.7,69.76285714285714,1,0,1,0,1,0,1,0,0,0,0,0,1,0,0,0,1,0,1,0,0,1,0,1,0,1,0,1,0
1,73.55,73.55,73.55,1,1,1,0,1,0,1,1,0,0,0,0,0,0,0,0,0,0,0,0,0,0,0,1,0,1,0,0,0
29,74.2,1993.25,68.73275862068965,0,0,0,0,1,0,1,1,0,0,0,0,0,0,0,0,0,0,0,0,0,0,0,1,0,1,0,1,0
32,20.55,654.55,20.4546875,0,0,0,0,1,0,0,0,1,1,0,1,0,1,0,1,0,1,0,1,0,1,0,0,0,0,0,1,0
20,51.8,1023.85,51.1925,1,0,0,0,1,0,0,0,0,0,0,0,1,0,0,0,0,0,0,0,0,0,0,1,0,0,1,1,0
22,19.05,454.05,20.638636363636365,0,0,1,1,1,0,0,0,1,1,0,1,0,1,0,1,0,1,0,1,0,0,0,0,0,0,0,1,0
26,74.95,1834.95,70.575,0,0,0,0,1,0,1,1,0,0,0,0,0,0,0,0,0,0,0,0,0,0,0,1,0,0,0,1,0
22,56.75,1304.85,59.31136363636363,1,0,0,0,0,1,0,0,0,0,0,0,0,0,1,0,1,0,1,0,1,0,1,0,0,0,0,1,0
70,25.15,1940.85,27.72642857142857,1,0,1,0,1,0,1,0,1,1,0,1,0,1,0,1,0,1,0,1,0,0,1,0,0,0,0,0,1
68,85.3,5560.0,81.76470588235294,0,0,1,1,1,0,1,0,0,0,0,0,1,0,1,0,1,0,1,0,1,0,1,0,0,0,0,0,1
17,90.95,1612.2,94.83529411764707,1,0,0,0,1,0,0,1,0,0,0,0,1,0,1,0,0,0,0,0,1,0,0,1,1,0,0,1,0
2,30.9,59.05,29.525,0,0,0,0,0,1,0,0,0,0,0,0,0,0,0,0,1,0,0,0,0,0,0,1,0,1,0,0,0
55,19.7,1140.05,20.728181818181817,0,0,1,0,1,0,0,0,1,1,0,1,0,1,0,1,0,1,0,1,0,1,0,0,0,1,0,0,1
38,104.85,3887.25,102.29605263157895,1,0,0,0,1,0,1,1,0,0,1,0,1,0,0,0,0,0,1,0,1,1,0,1,0,1,0,0,1
7,34.65,246.6,35.22857142857143,0,0,1,1,0,1,0,0,0,0,1,0,0,0,0,0,1,0,0,0,0,0,0,0,0,0,1,0,0
5,85.75,470.95,94.19,0,0,1,1,1,0,0,1,0,0,0,0,0,0,0,0,1,0,1,0,0,0,0,1,0,1,0,0,0
41,98.8,3959.15,96.56463414634146,0,0,0,0,1,0,0,1,0,0,0,0,1,0,0,0,1,0,1,0,1,0,1,1,0,0,0,0,1
11,64.9,716.1,65.10000000000001,0,0,0,0,1,0,0,0,0,0,0,0,0,0,0,0,0,0,1,0,1,0,0,1,0,1,0,0,0
71,83.3,5894.5,83.02112676056338,0,0,1,0,1,0,1,0,0,0,0,0,1,0,1,0,1,0,1,0,1,0,1,1,1,0,0,0,1
31,73.55,2094.65,67.56935483870969,0,1,0,0,1,0,0,1,0,0,1,0,0,0,0,0,0,0,0,0,0,0,0,1,1,0,0,1,0
68,90.8,6302.85,92.68897058823529,1,0,1,0,1,0,1,0,0,0,1,0,1,0,1,0,1,0,1,0,1,0,1,1,1,0,0,0,1
72,98.2,7015.9,97.44305555555555,0,0,1,0,1,0,1,1,0,0,1,0,0,0,1,0,1,0,1,0,0,0,1,1,0,0,0,0,1
24,64.35,1558.65,64.94375000000001,0,0,1,1,1,0,1,0,0,0,1,0,1,0,1,0,0,0,0,0,0,0,1,0,0,1,0,1,0
11,100.75,1129.75,102.70454545454545,0,0,0,0,1,0,1,1,0,0,0,0,0,0,1,0,0,0,1,0,1,0,0,1,0,1,0,0,0
2,62.15,113.1,56.55,0,0,1,0,1,0,0,0,0,0,1,0,0,0,0,0,0,0,0,0,1,0,0,1,0,0,1,0,0
72,108.4,7767.25,107.87847222222223,1,0,1,1,1,0,1,1,0,0,1,0,1,0,1,0,0,0,1,0,1,0,1,1,1,0,0,0,1
12,19.7,220.35,18.3625,0,0,0,0,1,0,0,0,1,1,0,1,0,1,0,1,0,1,0,1,0,0,0,0,0,0,1,0,0
32,83.7,2633.3,82.290625,1,0,0,1,1,0,1,0,0,0,0,0,1,0,1,0,1,0,1,0,1,1,0,0,1,0,0,1,0
1,73.0,73.0,73.0,0,1,0,0,1,0,0,1,0,0,0,0,1,0,0,0,0,0,0,0,0,0,0,1,0,1,0,0,0
12,21.15,306.05,25.504166666666666,1,0,1,1,1,0,0,0,1,1,0,1,0,1,0,1,0,1,0,1,0,0,0,1,0,1,0,0,0
43,101.4,4528.0,105.30232558139535,1,0,0,0,1,0,1,1,0,0,0,0,1,0,0,0,0,0,1,0,1,0,0,1,0,1,0,0,1
12,21.05,262.05,21.837500000000002,1,0,1,1,1,0,0,0,1,1,0,1,0,1,0,1,0,1,0,1,0,0,1,0,0,0,0,0,0
26,54.55,1362.85,52.41730769230769,1,0,0,0,0,1,0,0,0,0,1,0,0,0,0,0,1,0,1,0,1,1,0,0,1,0,0,1,0
1,70.25,70.25,70.25,0,0,0,0,1,0,0,1,0,0,0,0,0,0,0,0,0,0,0,0,0,0,0,1,0,1,0,0,0
11,23.15,245.2,22.29090909090909,1,0,0,0,1,0,1,0,1,1,0,1,0,1,0,1,0,1,0,1,0,0,0,0,1,0,0,0,0
28,30.1,810.85,28.958928571428572,1,0,0,0,0,1,0,0,0,0,0,0,0,0,0,0,1,0,0,0,0,0,0,1,1,0,0,1,0
66,80.55,5265.1,79.77424242424243,0,1,1,0,1,0,1,0,0,0,0,0,1,0,1,0,0,0,1,0,1,0,1,1,0,0,0,0,1
20,96.8,1826.7,91.33500000000001,1,0,1,1,1,0,1,1,0,0,0,0,1,0,0,0,1,0,1,0,0,0,0,0,0,0,1,1,0
62,104.3,6613.65,106.67177419354839,0,0,1,0,1,0,0,1,0,0,1,0,0,0,1,0,1,0,1,0,1,1,0,1,0,1,0,0,1
1,74.2,74.2,74.2,0,1,0,0,1,0,1,1,0,0,0,0,0,0,0,0,0,0,0,0,0,0,0,1,0,1,0,0,0
21,80.35,1747.2,83.2,1,0,0,1,1,0,1,1,0,0,1,0,0,0,0,0,0,0,0,0,0,0,0,0,0,1,0,1,0
1,24.45,24.45,24.45,1,0,0,0,0,1,0,0,0,0,0,0,0,0,0,0,0,0,0,0,0,0,0,1,0,0,1,0,0
38,94.9,3616.25,95.16447368421052,1,0,1,1,1,0,1,1,0,0,0,0,0,0,1,0,1,0,1,0,0,0,1,1,0,0,0,0,1
18,83.25,1611.15,89.50833333333334,1,0,1,1,1,0,0,0,0,0,1,0,0,0,1,0,1,0,1,0,1,0,0,0,0,1,0,1,0
60,20.5,1198.8,19.98,1,0,1,0,1,0,0,0,1,1,0,1,0,1,0,1,0,1,0,1,0,0,1,1,0,0,0,0,1
70,90.25,6385.95,91.22785714285715,0,0,0,0,1,0,1,1,0,0,0,0,1,0,1,0,1,0,0,0,0,1,0,1,0,0,0,0,1
67,69.9,4615.9,68.89402985074626,0,0,1,1,1,0,1,0,0,0,0,0,0,0,1,0,1,0,0,0,1,0,1,1,0,0,0,0,1
5,25.9,135.0,27.0,1,0,1,1,1,0,1,0,1,1,0,1,0,1,0,1,0,1,0,1,0,0,0,1,0,0,0,0,0
66,115.8,7942.15,120.33560606060605,1,0,1,0,1,0,1,1,0,0,1,0,1,0,1,0,1,0,1,0,1,1,0,0,0,0,0,0,1
72,25.4,1797.1,24.959722222222222,1,0,1,0,1,0,1,0,1,1,0,1,0,1,0,1,0,1,0,1,0,0,1,0,0,0,1,0,1
72,84.1,6129.65,85.13402777777777,0,1,1,0,1,0,1,0,0,0,1,0,1,0,1,0,0,0,1,0,1,0,1,1,1,0,0,0,1
3,20.05,75.45,25.150000000000002,1,0,0,1,1,0,0,0,1,1,0,1,0,1,0,1,0,1,0,1,0,0,0,1,0,0,1,0,0
48,20.05,1036.0,21.583333333333332,1,0,1,0,1,0,0,0,1,1,0,1,0,1,0,1,0,1,0,1,0,0,1,1,0,0,1,0,1
7,74.9,541.15,77.30714285714285,0,0,0,0,1,0,1,1,0,0,0,0,0,0,0,0,0,0,0,0,0,0,0,1,0,1,0,0,0
2,90.35,190.5,95.25,0,0,1,0,1,0,0,1,0,0,1,0,1,0,0,0,0,0,1,0,0,0,0,0,0,1,0,0,0
52,103.05,5364.8,103.16923076923078,1,0,0,0,1,0,1,1,0,0,0,0,1,0,1,0,0,0,1,0,1,0,0,1,0,1,0,0,1
38,20.2,746.05,19.632894736842104,0,0,1,1,1,0,0,0,1,1,0,1,0,1,0,1,0,1,0,1,0,0,1,1,0,0,1,0,1
72,20.35,1354.4,18.811111111111114,1,0,1,1,1,0,0,0,1,1,0,1,0,1,0,1,0,1,0,1,0,0,1,0,0,1,0,0,1
9,74.55,622.9,69.21111111111111,0,1,0,0,1,0,1,1,0,0,0,0,0,0,0,0,0,0,0,0,0,0,0,1,0,1,0,0,0
57,19.5,1167.6,20.48421052631579,0,0,1,1,1,0,0,0,1,1,0,1,0,1,0,1,0,1,0,1,0,0,1,0,0,0,0,0,1
13,44.0,659.35,50.71923076923077,1,0,0,1,1,0,0,0,0,0,0,0,0,0,0,0,0,0,0,0,0,0,0,0,0,0,1,1,0
40,106.0,4178.65,104.46624999999999,1,0,1,0,1,0,1,1,0,0,0,0,1,0,1,0,0,0,1,0,1,1,0,1,0,0,0,0,1
39,19.85,854.8,21.91794871794872,0,0,1,1,1,0,0,0,1,1,0,1,0,1,0,1,0,1,0,1,0,0,1,1,0,0,0,0,1
33,110.45,3655.45,110.77121212121212,0,1,0,0,1,0,1,1,0,0,0,0,1,0,1,0,1,0,1,0,1,0,0,1,0,1,0,1,0
48,24.0,1183.05,24.646874999999998,0,0,0,0,1,0,1,0,1,1,0,1,0,1,0,1,0,1,0,1,0,0,1,0,1,0,0,0,1
10,29.65,291.4,29.139999999999997,0,1,0,0,0,1,0,0,0,0,0,0,0,0,0,0,1,0,0,0,0,0,0,1,0,1,0,0,0
11,76.4,838.7,76.24545454545455,0,0,0,0,1,0,0,1,0,0,1,0,0,0,0,0,0,0,0,0,0,0,0,0,0,1,0,0,0
47,26.9,1250.85,26.613829787234042,0,0,1,0,1,0,1,0,1,1,0,1,0,1,0,1,0,1,0,1,0,1,0,0,0,1,0,0,1
1,78.95,78.95,78.95,1,0,0,0,1,0,0,1,0,0,0,0,0,0,0,0,0,0,1,0,0,0,0,1,0,1,0,0,0
52,89.25,4652.4,89.46923076923076,1,0,0,0,1,0,1,0,0,0,1,0,1,0,1,0,1,0,1,0,1,0,1,1,0,0,1,0,1
66,85.25,5538.35,83.91439393939395,1,0,1,0,1,0,1,0,0,0,1,0,1,0,0,0,1,0,1,0,1,0,1,0,0,1,0,0,1
11,78.1,864.85,78.62272727272727,0,1,1,1,1,0,1,1,0,0,0,0,0,0,1,0,0,0,0,0,0,0,0,1,1,0,0,0,0
46,80.0,3769.7,81.95,1,0,1,1,1,0,1,1,0,0,0,0,1,0,0,0,0,0,0,0,0,0,0,1,0,0,0,0,1
44,96.1,4364.1,99.18409090909091,0,0,1,0,1,0,1,1,0,0,0,0,0,0,0,0,0,0,1,0,1,0,0,1,0,1,0,0,1
71,105.1,7548.1,106.3112676056338,1,1,1,1,1,0,1,1,0,0,1,0,1,0,0,0,0,0,1,0,1,0,0,1,1,0,0,0,1
22,55.15,1206.05,54.820454545454545,0,0,1,1,1,0,0,0,0,0,0,0,1,0,0,0,1,0,0,0,0,0,0,0,0,1,0,1,0
23,77.15,1759.4,76.49565217391304,0,0,1,1,1,0,1,0,0,0,1,0,0,0,1,0,1,0,1,0,0,0,1,1,0,0,0,1,0
52,104.2,5568.35,107.08365384615385,1,1,1,0,1,0,1,1,0,0,1,0,0,0,1,0,0,0,1,0,1,0,0,1,0,1,0,0,1
72,19.4,1363.25,18.93402777777778,1,0,1,1,1,0,0,0,1,1,0,1,0,1,0,1,0,1,0,1,0,0,1,0,1,0,0,0,1
40,84.85,3303.05,82.57625,0,0,1,1,1,0,1,1,0,0,0,0,0,0,1,0,1,0,0,0,0,0,0,1,0,1,0,0,1
69,95.65,6744.2,97.74202898550725,0,0,1,0,1,0,0,1,0,0,0,0,1,0,0,0,0,0,1,0,1,1,0,1,1,0,0,0,1
29,98.65,2862.75,98.71551724137932,0,1,0,0,1,0,1,1,0,0,0,0,0,0,0,0,1,0,1,0,1,0,0,0,0,1,0,1,0
72,113.8,7845.8,108.96944444444445,1,1,0,0,1,0,1,1,0,0,1,0,1,0,1,0,1,0,1,0,1,0,1,0,0,0,0,0,1
43,94.5,4156.8,96.66976744186047,0,1,1,0,1,0,1,1,0,0,1,0,1,0,0,0,0,0,1,0,0,0,0,1,0,1,0,0,1
67,26.3,1688.9,25.207462686567165,1,0,1,1,1,0,1,0,1,1,0,1,0,1,0,1,0,1,0,1,0,0,1,0,0,0,1,0,1
55,21.0,1210.3,22.005454545454544,0,0,1,1,1,0,0,0,1,1,0,1,0,1,0,1,0,1,0,1,0,0,1,0,0,0,1,0,1
71,24.5,1816.2,25.580281690140847,1,0,1,0,1,0,1,0,1,1,0,1,0,1,0,1,0,1,0,1,0,0,1,1,0,1,0,0,1
25,20.05,471.7,18.868,0,0,0,1,1,0,0,0,1,1,0,1,0,1,0,1,0,1,0,1,0,0,0,0,1,0,0,1,0
1,20.95,20.95,20.95,0,0,0,0,1,0,0,0,1,1,0,1,0,1,0,1,0,1,0,1,0,0,0,0,0,0,1,0,0
72,109.2,7878.3,109.42083333333333,1,0,0,0,1,0,1,1,0,0,0,0,1,0,1,0,1,0,1,0,1,0,1,0,0,0,0,0,1
52,75.4,3865.45,74.33557692307691,1,0,1,0,1,0,0,0,0,0,1,0,1,0,0,0,0,0,1,0,1,1,0,1,0,0,1,0,1
22,19.25,412.55,18.75227272727273,0,0,0,0,1,0,0,0,1,1,0,1,0,1,0,1,0,1,0,1,0,1,0,1,0,0,1,1,0
68,76.75,5233.25,76.9595588235294,1,0,0,0,1,0,1,0,0,0,1,0,1,0,1,0,0,0,0,0,1,1,0,0,1,0,0,0,1
10,70.1,659.65,65.965,1,0,1,0,1,0,0,1,0,0,0,0,0,0,0,0,0,0,0,0,0,0,0,1,0,1,0,0,0
10,100.25,1064.65,106.465,0,0,1,1,1,0,1,1,0,0,1,0,0,0,0,0,0,0,1,0,1,0,0,1,0,1,0,0,0
55,103.7,5656.75,102.85,0,0,1,1,1,0,0,1,0,0,0,0,1,0,1,0,1,0,1,0,1,1,0,1,0,0,0,0,1
56,24.9,1334.0,23.821428571428573,1,0,0,0,1,0,1,0,1,1,0,1,0,1,0,1,0,1,0,1,0,1,0,0,0,1,0,0,1
46,110.2,4972.1,108.08913043478262,0,1,1,1,1,0,1,1,0,0,1,0,1,0,0,0,1,0,1,0,1,0,0,1,0,1,0,0,1
1,84.6,84.6,84.6,1,0,0,0,1,0,0,1,0,0,1,0,0,0,0,0,0,0,0,0,1,0,0,1,0,0,1,0,0
43,75.35,3161.4,73.52093023255814,1,0,0,0,1,0,1,1,0,0,0,0,0,0,0,0,0,0,0,0,0,0,0,1,1,0,0,0,1
39,105.65,4284.8,109.86666666666667,1,1,1,0,1,0,1,1,0,0,0,0,1,0,1,0,0,0,1,0,1,0,0,1,0,1,0,0,1
50,44.45,2188.45,43.769,1,0,1,0,0,1,0,0,0,0,1,0,0,0,0,0,1,0,1,0,0,1,0,1,0,0,0,0,1
6,19.7,129.55,21.59166666666667,0,0,0,0,1,0,0,0,1,1,0,1,0,1,0,1,0,1,0,1,0,0,0,0,1,0,0,0,0
45,24.45,1088.25,24.183333333333334,1,0,1,1,1,0,1,0,1,1,0,1,0,1,0,1,0,1,0,1,0,0,1,0,0,0,1,0,1
22,50.6,1073.3,48.78636363636363,0,0,0,0,0,1,0,0,0,0,0,0,0,0,1,0,0,0,1,0,1,0,0,1,0,1,0,1,0
72,25.1,1857.85,25.803472222222222,0,0,1,1,1,0,1,0,1,1,0,1,0,1,0,1,0,1,0,1,0,0,1,0,0,0,0,0,1
7,100.4,715.0,102.14285714285714,0,0,0,0,1,0,0,1,0,0,0,0,0,0,1,0,1,0,1,0,1,0,0,1,0,1,0,0,0
1,19.75,19.75,19.75,1,0,0,0,1,0,0,0,1,1,0,1,0,1,0,1,0,1,0,1,0,0,0,1,0,0,1,0,0
72,116.45,8013.55,111.29930555555556,0,0,0,0,1,0,1,1,0,0,1,0,1,0,1,0,1,0,1,0,1,0,1,1,0,0,0,0,1
10,92.5,934.1,93.41,1,1,1,0,1,0,0,1,0,0,0,0,1,0,1,0,1,0,1,0,0,0,0,1,0,0,1,0,0
1,40.2,40.2,40.2,1,1,1,0,0,1,0,0,0,0,0,0,1,0,0,0,0,0,1,0,0,0,0,0,0,1,0,0,0
48,69.55,3435.6,71.575,0,0,1,0,1,0,1,0,0,0,0,0,0,0,1,0,1,0,0,0,1,1,0,1,0,0,1,0,1
26,19.6,471.85,18.148076923076925,1,0,0,0,1,0,0,0,1,1,0,1,0,1,0,1,0,1,0,1,0,1,0,1,0,0,0,1,0
68,90.2,6297.65,92.6125,0,0,1,0,1,0,1,1,0,0,0,0,1,0,1,0,1,0,0,0,0,0,1,0,1,0,0,0,1
50,75.7,3876.2,77.524,0,0,1,0,1,0,1,0,0,0,0,0,0,0,1,0,0,0,1,0,1,1,0,0,0,0,0,0,1
72,115.55,8312.4,115.44999999999999,0,0,1,0,1,0,1,1,0,0,1,0,1,0,1,0,1,0,1,0,1,0,1,1,1,0,0,0,1
17,20.65,330.6,19.447058823529414,0,1,0,0,1,0,0,0,1,1,0,1,0,1,0,1,0,1,0,1,0,1,0,0,0,0,1,1,0
66,107.35,7051.95,106.84772727272727,1,1,1,0,1,0,1,1,0,0,0,0,1,0,1,0,1,0,1,0,1,1,0,1,0,0,0,0,1
17,90.2,1454.15,85.53823529411765,1,0,1,0,1,0,1,1,0,0,1,0,1,0,1,0,0,0,0,0,0,0,0,0,1,0,0,1,0
20,64.15,1274.45,63.722500000000004,1,0,1,0,1,0,0,0,0,0,1,0,0,0,0,0,1,0,0,0,1,1,0,1,0,0,1,1,0
28,103.3,2890.65,103.2375,0,1,0,0,1,0,1,1,0,0,0,0,0,0,1,0,1,0,1,0,1,0,0,1,0,1,0,1,0
45,50.9,2298.55,51.07888888888889,1,0,0,0,1,0,0,0,0,0,1,0,0,0,0,0,0,0,0,0,0,0,0,1,0,0,0,0,1
42,54.5,2301.15,54.78928571428572,1,0,1,1,1,0,0,0,0,0,1,0,1,0,0,0,0,0,0,0,0,0,0,0,0,0,1,0,1
1,45.3,45.3,45.3,0,0,0,0,1,0,0,0,0,0,0,0,0,0,0,0,0,0,0,0,0,0,0,1,0,1,0,0,0
24,75.4,1747.85,72.82708333333333,0,0,1,0,1,0,1,1,0,0,0,0,0,0,0,0,0,0,0,0,0,0,0,1,1,0,0,1,0
8,43.45,345.5,43.1875,1,0,1,1,1,0,0,0,0,0,0,0,0,0,0,0,0,0,0,0,0,1,0,1,0,0,1,0,0
12,33.15,444.75,37.0625,0,0,1,1,0,1,0,0,0,0,1,0,0,0,0,0,1,0,0,0,0,1,0,0,1,0,0,0,0
9,19.7,180.7,20.077777777777776,1,0,0,0,1,0,0,0,1,1,0,1,0,1,0,1,0,1,0,1,0,0,0,0,1,0,0,0,0
43,80.45,3398.9,79.04418604651163,0,0,1,0,1,0,1,1,0,0,0,0,1,0,0,0,0,0,0,0,0,0,0,0,0,1,0,0,1
52,20.4,1090.65,20.974038461538463,0,0,1,1,1,0,0,0,1,1,0,1,0,1,0,1,0,1,0,1,0,1,0,1,0,1,0,0,1
32,75.5,2324.7,72.646875,0,0,1,0,1,0,0,1,0,0,1,0,0,0,0,0,0,0,0,0,0,0,0,1,0,0,0,1,0
1,69.1,69.1,69.1,1,1,0,0,1,0,0,1,0,0,0,0,0,0,0,0,0,0,0,0,0,0,0,0,0,1,0,0,0
72,117.6,8308.9,115.40138888888889,0,0,1,1,1,0,1,1,0,0,1,0,1,0,1,0,1,0,1,0,1,0,1,1,0,0,0,0,1
6,85.35,489.45,81.575,1,0,0,0,1,0,0,1,0,0,0,0,1,0,0,0,0,0,1,0,0,0,0,1,0,1,0,0,0
62,48.7,3008.55,48.525000000000006,0,0,1,1,0,1,0,0,0,0,1,0,1,0,0,0,1,0,1,0,0,0,1,0,0,0,0,0,1
20,19.35,433.75,21.6875,0,0,0,0,1,0,0,0,1,1,0,1,0,1,0,1,0,1,0,1,0,1,0,1,1,0,0,1,0
34,90.05,3097.0,91.08823529411765,1,0,1,1,1,0,1,1,0,0,0,0,0,0,1,0,0,0,0,0,1,0,0,1,1,0,0,1,0
20,70.45,1470.95,73.5475,1,0,1,1,1,0,0,1,0,0,0,0,0,0,0,0,0,0,0,0,0,0,0,1,0,1,0,1,0
51,49.65,2553.35,50.0656862745098,0,0,1,0,0,1,0,0,0,0,0,0,1,0,0,0,0,0,1,0,1,0,0,1,0,1,0,0,1
72,20.25,1566.9,21.762500000000003,0,0,0,0,1,0,0,0,1,1,0,1,0,1,0,1,0,1,0,1,0,0,1,0,1,0,0,0,1
7,78.55,522.95,74.70714285714287,0,0,0,0,1,0,1,1,0,0,0,0,1,0,0,0,0,0,0,0,0,0,0,1,0,0,0,0,0
1,20.2,20.2,20.2,1,0,0,0,1,0,0,0,1,1,0,1,0,1,0,1,0,1,0,1,0,0,0,0,0,0,1,0,0
8,54.65,482.25,60.28125,0,0,1,1,1,0,0,0,0,0,1,0,1,0,0,0,0,0,0,0,0,0,0,0,0,0,1,0,0
3,49.15,169.05,56.35,1,0,0,0,1,0,0,0,0,0,0,0,0,0,1,0,0,0,0,0,0,0,0,1,0,1,0,0,0
31,80.45,2429.1,78.35806451612903,1,0,0,0,1,0,1,1,0,0,0,0,1,0,0,0,0,0,0,0,0,0,0,1,0,1,0,1,0
9,74.75,706.6,78.51111111111112,0,0,0,0,1,0,1,1,0,0,0,0,0,0,0,0,0,0,0,0,0,0,0,1,0,1,0,0,0
18,84.95,1443.65,80.20277777777778,0,1,0,0,1,0,0,1,0,0,0,0,0,0,1,0,0,0,0,0,1,0,0,1,0,1,0,1,0
52,85.35,4338.6,83.4346153846154,1,0,0,0,1,0,0,1,0,0,0,0,1,0,0,0,0,0,0,0,1,0,0,1,0,1,0,0,1
9,19.85,183.15,20.35,1,1,1,0,1,0,0,0,1,1,0,1,0,1,0,1,0,1,0,1,0,1,0,0,1,0,0,0,0
69,19.3,1447.9,20.984057971014494,1,0,0,0,1,0,0,0,1,1,0,1,0,1,0,1,0,1,0,1,0,0,1,1,0,0,0,0,1
1,50.15,50.15,50.15,0,0,0,0,1,0,0,0,0,0,1,0,0,0,0,0,0,0,0,0,0,0,0,0,0,1,0,0,0
33,24.5,740.3,22.433333333333334,0,0,1,1,1,0,1,0,1,1,0,1,0,1,0,1,0,1,0,1,0,0,1,1,0,0,1,1,0
16,20.6,330.25,20.640625,1,0,0,0,1,0,0,0,1,1,0,1,0,1,0,1,0,1,0,1,0,0,0,1,1,0,0,1,0
65,55.15,3673.15,56.51,0,0,1,0,1,0,0,0,0,0,1,0,0,0,1,0,0,0,0,0,0,0,0,1,0,0,1,0,1
2,20.2,34.75,17.375,1,0,1,1,1,0,0,0,1,1,0,1,0,1,0,1,0,1,0,1,0,1,0,0,0,0,1,0,0
13,96.85,1235.55,95.04230769230769,0,1,0,0,1,0,0,1,0,0,0,0,0,0,1,0,0,0,1,0,1,0,0,1,0,1,0,1,0
69,105.35,7240.65,104.93695652173912,0,0,1,0,1,0,1,1,0,0,0,0,0,0,1,0,1,0,1,0,1,0,1,0,0,0,0,0,1
9,79.9,741.7,82.41111111111111,1,0,1,0,1,0,0,1,0,0,0,0,1,0,1,0,0,0,0,0,0,0,0,1,0,1,0,0,0
37,72.1,2658.4,71.84864864864865,0,0,1,0,1,0,1,0,0,0,0,0,1,0,0,0,1,0,0,0,1,1,0,0,0,0,1,0,1
37,55.05,2030.75,54.88513513513514,1,0,1,0,1,0,1,0,0,0,1,0,0,0,0,0,0,0,0,0,0,0,0,1,0,0,1,0,1
54,79.95,4362.05,80.77870370370371,1,0,1,1,1,0,0,1,0,0,0,0,1,0,0,0,1,0,0,0,0,0,1,1,0,0,0,0,1
35,50.15,1655.35,47.29571428571428,0,0,0,1,1,0,1,0,0,0,0,0,0,0,0,0,0,0,0,0,0,0,0,0,0,0,1,1,0
8,19.65,169.75,21.21875,1,0,1,1,1,0,0,0,1,1,0,1,0,1,0,1,0,1,0,1,0,0,0,0,1,0,0,0,0
54,20.5,1035.7,19.17962962962963,0,0,0,0,1,0,0,0,1,1,0,1,0,1,0,1,0,1,0,1,0,0,1,1,0,0,1,0,1
16,74.45,1261.35,78.834375,1,1,0,0,1,0,1,1,0,0,0,0,0,0,0,0,0,0,0,0,0,0,0,1,0,0,0,1,0
11,64.9,697.25,63.38636363636363,0,0,0,0,1,0,0,0,0,0,0,0,0,0,1,0,1,0,0,0,1,1,0,0,1,0,0,0,0
34,30.4,938.65,27.60735294117647,1,0,1,1,0,1,0,0,0,0,1,0,0,0,0,0,0,0,0,0,0,1,0,0,0,0,0,1,0
9,44.95,431.0,47.888888888888886,1,0,0,0,1,0,0,0,0,0,0,0,0,0,0,0,0,0,0,0,0,0,0,0,0,0,1,0,0
72,25.0,1849.2,25.683333333333334,0,0,1,0,1,0,1,0,1,1,0,1,0,1,0,1,0,1,0,1,0,0,1,0,1,0,0,0,1
17,51.5,900.5,52.970588235294116,1,0,0,0,1,0,0,0,0,0,0,0,0,0,0,0,1,0,0,0,0,0,0,0,0,0,1,1,0
2,44.9,111.05,55.525,1,0,0,0,1,0,0,0,0,0,0,0,0,0,0,0,0,0,0,0,0,0,0,0,0,0,0,0,0
41,89.2,3645.75,88.92073170731707,1,0,0,0,1,0,1,1,0,0,0,0,1,0,0,0,0,0,1,0,0,0,0,1,0,1,0,0,1
37,64.75,2345.2,63.38378378378378,0,0,0,0,1,0,0,0,0,0,0,0,0,0,0,0,0,0,1,0,1,0,0,1,0,1,0,0,1
49,89.85,4287.2,87.4938775510204,0,1,0,0,1,0,0,1,0,0,0,0,1,0,1,0,0,0,0,0,1,1,0,1,0,0,0,0,1
53,74.1,3833.95,72.33867924528302,0,0,1,0,1,0,1,0,0,0,1,0,1,0,1,0,0,0,0,0,1,1,0,0,0,0,0,0,1
2,29.05,44.75,22.375,0,0,1,1,0,1,0,0,0,0,0,0,0,0,0,0,1,0,0,0,0,0,0,0,0,0,0,0,0
54,79.5,4370.25,80.93055555555556,0,1,0,0,1,0,1,1,0,0,0,0,1,0,0,0,0,0,0,0,0,0,0,1,0,1,0,0,1
1,49.9,49.9,49.9,0,0,0,1,1,0,0,0,0,0,1,0,0,0,0,0,0,0,0,0,0,0,0,0,0,0,1,0,0
27,20.05,552.9,20.477777777777778,1,0,0,1,1,0,0,0,1,1,0,1,0,1,0,1,0,1,0,1,0,1,0,0,1,0,0,1,0
12,20.4,266.6,22.21666666666667,0,0,0,0,1,0,0,0,1,1,0,1,0,1,0,1,0,1,0,1,0,0,0,0,0,0,1,0,0
11,70.2,834.7,75.88181818181819,1,1,1,0,1,0,0,1,0,0,0,0,0,0,0,0,0,0,0,0,0,0,0,1,0,1,0,0,0
25,35.05,844.45,33.778,0,0,0,1,0,1,0,0,0,0,1,0,0,0,0,0,1,0,0,0,0,0,1,0,0,0,0,1,0
3,19.45,69.25,23.083333333333332,1,0,0,0,1,0,0,0,1,1,0,1,0,1,0,1,0,1,0,1,0,1,0,1,0,0,1,0,0
2,80.2,181.1,90.55,1,0,0,0,1,0,0,1,0,0,0,0,0,0,0,0,0,0,0,0,1,0,0,1,0,1,0,0,0
13,19.55,265.3,20.407692307692308,0,0,1,1,1,0,0,0,1,1,0,1,0,1,0,1,0,1,0,1,0,0,1,0,0,0,1,1,0
25,98.5,2514.5,100.58,0,1,1,0,1,0,0,1,0,0,0,0,1,0,1,0,0,0,1,0,1,0,0,1,0,1,0,1,0
10,80.7,788.8,78.88,1,0,0,0,1,0,1,1,0,0,0,0,1,0,0,0,0,0,0,0,0,0,0,1,0,0,0,0,0
67,109.9,7332.4,109.43880597014925,1,0,1,0,1,0,1,1,0,0,1,0,1,0,1,0,0,0,1,0,1,1,0,0,1,0,0,0,1
72,90.95,6652.45,92.39513888888888,0,0,1,1,1,0,1,0,0,0,1,0,1,0,1,0,1,0,1,0,1,0,1,0,1,0,0,0,1
9,20.15,238.15,26.461111111111112,0,0,0,0,1,0,0,0,1,1,0,1,0,1,0,1,0,1,0,1,0,0,0,0,0,0,0,0,0
50,70.35,3454.6,69.092,1,1,0,0,1,0,1,0,0,0,1,0,1,0,0,0,0,0,1,0,0,0,0,1,0,0,0,0,1
16,100.0,1534.75,95.921875,0,0,1,0,1,0,1,1,0,0,0,0,1,0,0,0,0,0,1,0,1,0,0,1,0,1,0,1,0
12,85.15,979.05,81.58749999999999,0,0,0,0,1,0,0,1,0,0,1,0,0,0,0,0,0,0,1,0,0,1,0,1,1,0,0,0,0
9,75.2,633.85,70.42777777777778,0,0,0,0,1,0,1,1,0,0,0,0,0,0,0,0,0,0,0,0,0,0,0,1,1,0,0,0,0
35,19.25,677.9,19.36857142857143,1,0,0,0,1,0,0,0,1,1,0,1,0,1,0,1,0,1,0,1,0,0,1,0,0,0,1,1,0
20,76.0,1588.75,79.4375,0,0,1,1,1,0,1,0,0,0,1,0,0,0,0,0,0,0,1,0,1,1,0,0,0,0,0,1,0
13,54.45,706.85,54.37307692307692,1,0,1,0,0,1,0,0,0,0,1,0,0,0,0,0,1,0,1,0,1,0,0,1,0,1,0,1,0
9,103.1,970.45,107.82777777777778,1,0,1,1,1,0,0,1,0,0,0,0,0,0,1,0,1,0,1,0,1,0,0,0,0,1,0,0,0
65,19.9,1292.6,19.886153846153846,1,0,1,1,1,0,0,0,1,1,0,1,0,1,0,1,0,1,0,1,0,0,1,0,0,0,1,0,1
41,24.85,962.25,23.46951219512195,0,0,0,0,1,0,1,0,1,1,0,1,0,1,0,1,0,1,0,1,0,1,0,1,0,0,1,0,1
58,102.1,5885.4,101.47241379310344,0,0,1,0,1,0,1,1,0,0,0,0,0,0,1,0,1,0,1,0,1,0,0,1,1,0,0,0,1
12,74.75,827.05,68.92083333333333,1,0,0,0,1,0,1,0,0,0,0,0,0,0,1,0,0,0,1,0,1,0,0,0,0,0,0,0,0
21,44.95,926.25,44.107142857142854,0,0,1,1,1,0,0,0,0,0,0,0,0,0,0,0,0,0,0,0,0,0,0,1,0,1,0,1,0
1,80.2,80.2,80.2,0,0,0,0,1,0,1,1,0,0,0,0,1,0,0,0,0,0,0,0,0,0,0,1,0,0,1,0,0
1,20.05,20.05,20.05,1,0,0,0,1,0,0,0,1,1,0,1,0,1,0,1,0,1,0,1,0,0,0,1,0,0,1,0,0
13,20.0,268.45,20.65,1,0,0,0,1,0,0,0,1,1,0,1,0,1,0,1,0,1,0,1,0,0,1,0,1,0,0,1,0
1,44.05,44.05,44.05,1,0,0,0,1,0,0,0,0,0,0,0,0,0,0,0,0,0,0,0,0,0,0,1,0,0,0,0,0
11,65.15,723.35,65.75909090909092,1,0,1,1,1,0,1,0,0,0,1,0,0,0,0,0,0,0,1,0,0,0,0,1,0,0,0,0,0
66,103.15,7031.3,106.53484848484848,1,0,1,1,1,0,0,1,0,0,1,0,1,0,1,0,0,0,1,0,1,1,0,1,0,0,0,0,1
58,110.65,6526.65,112.52844827586206,0,0,1,0,1,0,1,1,0,0,1,0,1,0,1,0,0,0,1,0,1,1,0,1,1,0,0,0,1
1,90.85,90.85,90.85,1,0,0,1,1,0,0,1,0,0,0,0,0,0,0,0,0,0,1,0,1,0,0,1,0,1,0,0,0
31,21.0,697.7,22.506451612903227,0,0,1,1,1,0,0,0,1,1,0,1,0,1,0,1,0,1,0,1,0,0,1,0,0,0,1,1,0
1,19.9,19.9,19.9,0,0,0,0,1,0,0,0,1,1,0,1,0,1,0,1,0,1,0,1,0,0,0,0,0,0,1,0,0
15,20.05,284.3,18.953333333333333,0,0,1,1,1,0,0,0,1,1,0,1,0,1,0,1,0,1,0,1,0,0,0,0,0,0,1,1,0
6,48.8,297.35,49.55833333333334,0,0,1,1,1,0,0,0,0,0,0,0,0,0,0,0,1,0,0,0,0,0,0,1,0,0,1,0,0
63,25.25,1559.3,24.75079365079365,1,0,0,0,1,0,1,0,1,1,0,1,0,1,0,1,0,1,0,1,0,0,1,0,0,0,1,0,1
71,69.2,4982.5,70.17605633802818,0,1,1,1,1,0,1,0,0,0,1,0,1,0,0,0,0,0,1,0,0,1,0,0,0,1,0,0,1
1,45.05,45.05,45.05,1,0,0,0,1,0,0,0,0,0,0,0,0,0,0,0,0,0,0,0,0,0,0,1,0,0,1,0,0
17,70.4,1214.05,71.41470588235293,1,0,1,0,1,0,0,1,0,0,0,0,0,0,0,0,0,0,0,0,0,0,0,1,0,0,0,1,0
3,45.45,141.7,47.23333333333333,1,0,0,0,1,0,0,0,0,0,0,0,0,0,0,0,0,0,0,0,0,0,0,0,0,0,1,0,0
1,20.25,20.25,20.25,1,0,0,0,1,0,0,0,1,1,0,1,0,1,0,1,0,1,0,1,0,0,0,1,0,0,1,0,0
62,24.4,1413.0,22.79032258064516,1,0,0,1,1,0,1,0,1,1,0,1,0,1,0,1,0,1,0,1,0,0,1,1,0,0,1,0,1
53,99.5,5424.25,102.34433962264151,0,0,0,0,1,0,0,1,0,0,1,0,1,0,1,0,1,0,0,0,1,0,1,0,0,0,1,0,1
16,73.25,1195.75,74.734375,0,0,1,1,1,0,0,1,0,0,0,0,1,0,0,0,0,0,0,0,0,0,0,0,0,0,0,1,0
72,64.95,4546.0,63.138888888888886,1,1,1,0,0,1,0,0,0,0,1,0,1,0,1,0,1,0,1,0,1,0,1,1,1,0,0,0,1
10,36.25,374.0,37.4,0,0,0,0,0,1,0,0,0,0,0,0,1,0,0,0,1,0,0,0,0,0,0,0,0,1,0,0,0
19,20.2,387.4,20.389473684210525,1,0,1,1,1,0,0,0,1,1,0,1,0,1,0,1,0,1,0,1,0,0,1,0,0,0,1,1,0
35,19.85,739.35,21.124285714285715,0,0,1,1,1,0,0,0,1,1,0,1,0,1,0,1,0,1,0,1,0,0,1,1,0,0,1,1,0
13,95.05,1290.0,99.23076923076923,0,1,0,0,1,0,1,1,0,0,0,0,0,0,0,0,0,0,1,0,1,0,0,1,0,1,0,1,0
2,24.35,41.85,20.925,0,1,0,0,0,1,0,0,0,0,0,0,0,0,0,0,0,0,0,0,0,0,0,0,0,1,0,0,0
15,89.0,1288.3,85.88666666666667,0,1,0,0,1,0,1,1,0,0,0,0,1,0,0,0,0,0,1,0,0,0,0,0,1,0,0,1,0
10,20.55,252.75,25.275,0,0,1,0,1,0,0,0,1,1,0,1,0,1,0,1,0,1,0,1,0,0,0,1,0,0,1,0,0
12,45.9,505.95,42.1625,0,0,1,0,1,0,0,0,0,0,0,0,0,0,0,0,0,0,0,0,0,0,0,0,0,0,0,0,0
31,90.7,2835.5,91.46774193548387,0,1,1,0,1,0,1,1,0,0,0,0,0,0,1,0,0,0,1,0,0,1,0,1,0,1,0,1,0
44,88.4,3912.9,88.92954545454546,1,1,1,0,1,0,1,1,0,0,0,0,1,0,0,0,0,0,0,0,1,1,0,0,0,0,1,0,1
18,85.2,1553.9,86.32777777777778,0,0,0,0,1,0,1,1,0,0,0,0,0,0,0,0,0,0,1,0,0,0,0,1,0,1,0,1,0
43,75.2,3254.35,75.68255813953488,0,0,1,1,1,0,0,0,0,0,1,0,0,0,1,0,0,0,1,0,1,0,1,0,0,0,0,0,1
15,101.25,1457.25,97.15,0,0,0,0,1,0,0,1,0,0,0,0,1,0,1,0,0,0,1,0,1,0,0,1,0,1,0,1,0
15,75.35,1114.55,74.30333333333333,0,0,1,0,1,0,0,1,0,0,0,0,1,0,0,0,0,0,0,0,0,0,0,0,0,0,0,1,0
1,24.8,24.8,24.8,0,1,1,0,0,1,0,0,0,0,0,0,0,0,0,0,0,0,0,0,0,0,0,1,0,1,0,0,0
45,25.9,1216.6,27.035555555555554,0,0,1,1,1,0,1,0,1,1,0,1,0,1,0,1,0,1,0,1,0,1,0,1,1,0,0,0,1
47,19.65,973.1,20.70425531914894,1,0,1,0,1,0,0,0,1,1,0,1,0,1,0,1,0,1,0,1,0,0,1,0,0,0,1,0,1
29,58.75,1696.2,58.4896551724138,1,0,0,0,1,0,0,0,0,0,1,0,1,0,0,0,1,0,0,0,0,1,0,1,0,1,0,1,0
48,79.65,3870.3,80.63125000000001,0,0,1,1,1,0,1,0,0,0,0,0,1,0,0,0,1,0,1,0,1,0,1,0,0,1,0,0,1
8,20.0,141.6,17.7,0,0,0,0,1,0,0,0,1,1,0,1,0,1,0,1,0,1,0,1,0,0,1,0,0,0,1,0,0
62,105.5,6487.2,104.63225806451612,1,0,1,1,1,0,1,1,0,0,1,0,1,0,0,0,0,0,1,0,1,0,0,1,0,1,0,0,1
66,25.3,1673.8,25.36060606060606,1,0,0,1,1,0,1,0,1,1,0,1,0,1,0,1,0,1,0,1,0,0,1,1,1,0,0,0,1
3,20.0,63.6,21.2,0,0,0,0,1,0,0,0,1,1,0,1,0,1,0,1,0,1,0,1,0,0,0,0,0,0,1,0,0
32,109.55,3608.0,112.75,0,0,0,0,1,0,1,1,0,0,1,0,0,0,1,0,1,0,1,0,1,1,0,1,0,0,0,1,0
16,39.0,679.85,42.490625,1,1,0,0,0,1,0,0,0,0,0,0,1,0,0,0,0,0,1,0,0,0,0,1,0,0,1,1,0
40,105.95,4335.2,108.38,0,0,0,0,1,0,1,1,0,0,0,0,0,0,1,0,1,0,1,0,1,1,0,1,1,0,0,0,1
8,20.25,174.65,21.83125,0,0,0,0,1,0,0,0,1,1,0,1,0,1,0,1,0,1,0,1,0,0,1,0,0,0,1,0,0
4,58.5,224.85,56.2125,0,0,1,1,1,0,1,0,0,0,0,0,1,0,0,0,1,0,0,0,0,0,0,1,0,0,1,0,0
70,79.25,5731.85,81.88357142857143,1,0,1,1,1,0,1,0,0,0,1,0,1,0,1,0,1,0,1,0,0,0,1,1,0,0,0,0,1
1,25.3,25.3,25.3,1,0,0,1,0,1,0,0,0,0,0,0,0,0,0,0,0,0,0,0,0,0,0,1,0,1,0,0,0
68,107.7,7320.9,107.66029411764706,1,0,1,0,1,0,1,1,0,0,1,0,1,0,0,0,1,0,1,0,1,0,0,1,0,1,0,0,1
44,54.3,2317.1,52.66136363636363,1,0,1,1,0,1,0,0,0,0,0,0,0,0,1,0,1,0,1,0,1,1,0,1,0,1,0,0,1
7,62.8,418.3,59.75714285714286,0,0,0,0,1,0,0,0,0,0,0,0,0,0,1,0,1,0,0,0,1,0,0,0,0,0,0,0,0
71,89.85,6293.45,88.64014084507042,0,1,0,0,1,0,1,0,0,0,1,0,1,0,1,0,1,0,1,0,1,0,1,0,0,0,1,0,1
43,77.85,3365.85,78.27558139534884,1,0,0,0,1,0,1,1,0,0,0,0,1,0,0,0,0,0,0,0,0,0,0,1,0,1,0,0,1
13,104.15,1299.1,99.93076923076923,0,0,0,1,1,0,1,1,0,0,0,0,1,0,1,0,0,0,1,0,1,1,0,1,1,0,0,1,0
67,24.65,1620.45,24.18582089552239,1,0,1,1,1,0,1,0,1,1,0,1,0,1,0,1,0,1,0,1,0,0,1,0,0,0,0,0,1
1,19.75,19.75,19.75,1,0,0,1,1,0,0,0,1,1,0,1,0,1,0,1,0,1,0,1,0,0,0,0,0,0,1,0,0
46,20.2,845.6,18.382608695652173,1,0,1,1,1,0,0,0,1,1,0,1,0,1,0,1,0,1,0,1,0,1,0,1,0,0,0,0,1
66,102.45,6615.15,100.22954545454544,0,0,1,1,1,0,1,1,0,0,0,0,1,0,1,0,0,0,1,0,1,1,0,1,1,0,0,0,1
40,74.55,3015.75,75.39375,1,0,1,1,1,0,1,0,0,0,0,0,0,0,1,0,0,0,1,0,1,0,0,1,0,1,0,0,1
67,94.35,6341.45,94.64850746268657,0,0,1,1,1,0,1,1,0,0,1,0,0,0,0,0,1,0,0,0,1,1,0,1,1,0,0,0,1
35,25.75,882.55,25.215714285714284,0,0,1,1,1,0,1,0,1,1,0,1,0,1,0,1,0,1,0,1,0,0,0,1,0,1,0,1,0
39,80.0,3182.95,81.61410256410257,1,0,1,1,1,0,0,0,0,0,1,0,0,0,1,0,1,0,1,0,1,1,0,0,1,0,0,0,1
1,70.4,70.4,70.4,1,0,0,0,1,0,0,1,0,0,0,0,0,0,0,0,0,0,0,0,0,0,0,0,0,1,0,0,0
63,19.15,1177.05,18.683333333333334,1,0,1,1,1,0,0,0,1,1,0,1,0,1,0,1,0,1,0,1,0,0,1,1,0,0,1,0,1
1,48.95,48.95,48.95,1,0,0,1,1,0,0,0,0,0,0,0,0,0,1,0,0,0,0,0,0,0,0,0,0,1,0,0,0
1,85.0,85.0,85.0,0,0,0,0,1,0,1,1,0,0,0,0,0,0,0,0,0,0,0,0,1,0,0,1,0,1,0,0,0
10,20.0,185.4,18.54,1,0,0,0,1,0,0,0,1,1,0,1,0,1,0,1,0,1,0,1,0,0,0,0,0,1,0,0,0
1,74.95,74.95,74.95,1,0,0,0,1,0,1,1,0,0,0,0,0,0,0,0,0,0,0,0,0,0,0,1,0,1,0,0,0
64,92.85,5980.75,93.44921875,0,0,1,1,1,0,1,1,0,0,0,0,1,0,1,0,0,0,0,0,1,1,0,1,0,1,0,0,1
16,20.1,318.6,19.9125,0,0,0,0,1,0,0,0,1,1,0,1,0,1,0,1,0,1,0,1,0,1,0,0,0,0,0,1,0
71,80.45,5662.25,79.75,0,0,1,0,1,0,1,0,0,0,0,0,0,0,1,0,1,0,1,0,1,0,1,1,0,0,0,0,1
10,95.2,930.4,93.03999999999999,1,0,0,1,1,0,1,1,0,0,0,0,0,0,0,0,0,0,1,0,1,0,0,0,0,1,0,0,0
23,104.45,2184.85,94.99347826086957,1,1,1,0,1,0,1,1,0,0,0,0,1,0,1,0,0,0,1,0,1,0,0,1,0,1,0,1,0
1,85.45,85.45,85.45,0,0,0,0,1,0,1,1,0,0,0,0,0,0,0,0,0,0,0,0,1,0,0,1,0,0,1,0,0
26,51.55,1295.4,49.823076923076925,1,0,0,0,1,0,1,0,0,0,0,0,0,0,0,0,0,0,0,0,0,1,0,1,1,0,0,1,0
54,84.4,4484.05,83.03796296296296,1,0,0,0,1,0,0,1,0,0,1,0,0,0,1,0,1,0,0,0,0,1,0,0,0,1,0,0,1
7,79.65,604.7,86.38571428571429,0,0,0,0,1,0,1,1,0,0,1,0,0,0,0,0,0,0,0,0,0,0,0,1,0,0,1,0,0
5,19.25,86.05,17.21,1,0,0,0,1,0,0,0,1,1,0,1,0,1,0,1,0,1,0,1,0,0,0,1,0,0,1,0,0
36,97.35,3457.9,96.05277777777778,0,0,1,1,1,0,1,1,0,0,0,0,1,0,1,0,0,0,1,0,0,0,0,1,0,0,0,1,0
10,86.45,830.85,83.08500000000001,0,0,0,0,1,0,1,1,0,0,0,0,0,0,0,0,0,0,0,0,1,0,0,0,0,1,0,0,0
3,23.6,89.05,29.683333333333334,1,0,1,0,1,0,1,0,1,1,0,1,0,1,0,1,0,1,0,1,0,0,0,1,0,0,1,0,0
5,67.95,350.3,70.06,0,0,1,0,1,0,1,0,0,0,0,0,0,0,1,0,1,0,1,0,0,0,0,0,0,0,0,0,0
51,93.8,4750.95,93.15588235294118,1,1,1,0,1,0,1,1,0,0,1,0,0,0,1,0,0,0,1,0,0,0,0,1,0,0,0,0,1
12,19.45,246.25,20.520833333333332,0,0,0,0,1,0,0,0,1,1,0,1,0,1,0,1,0,1,0,1,0,0,0,0,0,0,1,0,0
33,79.95,2684.85,81.35909090909091,0,0,0,0,1,0,0,1,0,0,0,0,1,0,0,0,1,0,0,0,0,1,0,1,0,0,0,1,0
30,48.8,1536.75,51.225,0,0,0,0,1,0,0,0,0,0,1,0,0,0,0,0,0,0,0,0,0,0,0,1,0,0,1,1,0
71,115.15,8078.1,113.77605633802817,0,0,1,0,1,0,1,1,0,0,1,0,1,0,1,0,1,0,1,0,1,0,1,1,1,0,0,0,1
1,69.25,69.25,69.25,0,1,0,0,1,0,0,1,0,0,0,0,0,0,0,0,0,0,0,0,0,0,0,1,0,1,0,0,0
2,70.4,147.15,73.575,0,0,1,1,1,0,0,1,0,0,0,0,0,0,0,0,0,0,0,0,0,0,0,0,0,1,0,0,0
13,19.95,243.65,18.742307692307694,1,0,0,0,1,0,0,0,1,1,0,1,0,1,0,1,0,1,0,1,0,0,1,0,0,0,1,1,0
18,85.6,1601.5,88.97222222222223,1,0,1,1,1,0,0,1,0,0,0,0,0,0,0,0,1,0,0,0,1,0,0,1,0,1,0,1,0
66,45.55,3027.25,45.86742424242424,0,1,1,0,0,1,0,0,0,0,0,0,1,0,1,0,0,0,1,0,0,1,0,0,0,0,0,0,1
67,25.25,1733.15,25.867910447761194,0,0,1,0,1,0,1,0,1,1,0,1,0,1,0,1,0,1,0,1,0,0,1,1,1,0,0,0,1
8,25.25,186.3,23.2875,1,0,0,0,0,1,0,0,0,0,0,0,0,0,0,0,0,0,0,0,0,0,0,1,1,0,0,0,0
3,80.3,250.05,83.35000000000001,0,0,1,1,1,0,0,1,0,0,0,0,0,0,0,0,0,0,0,0,1,0,0,1,0,1,0,0,0
37,24.1,861.85,23.293243243243243,0,0,1,1,1,0,1,0,1,1,0,1,0,1,0,1,0,1,0,1,0,0,1,1,0,0,0,0,1
69,109.95,7634.25,110.6413043478261,1,1,1,0,1,0,1,1,0,0,0,0,1,0,1,0,1,0,1,0,1,0,1,1,0,1,0,0,1
51,23.95,1216.35,23.849999999999998,1,0,1,1,1,0,1,0,1,1,0,1,0,1,0,1,0,1,0,1,0,1,0,1,0,0,1,0,1
6,18.95,110.15,18.358333333333334,1,0,0,0,1,0,0,0,1,1,0,1,0,1,0,1,0,1,0,1,0,0,0,0,0,0,1,0,0
30,20.7,587.1,19.57,1,0,1,0,1,0,0,0,1,1,0,1,0,1,0,1,0,1,0,1,0,1,0,0,1,0,0,1,0
70,24.05,1764.75,25.210714285714285,0,0,1,1,1,0,1,0,1,1,0,1,0,1,0,1,0,1,0,1,0,0,1,0,0,0,1,0,1
59,86.75,5186.0,87.89830508474576,1,0,1,1,1,0,0,0,0,0,1,0,1,0,1,0,1,0,1,0,1,0,1,1,0,1,0,0,1
42,79.35,3344.1,79.62142857142857,1,1,0,0,1,0,1,1,0,0,0,0,1,0,0,0,0,0,0,0,0,0,0,1,0,0,0,0,1
1,19.65,19.65,19.65,0,0,0,0,1,0,0,0,1,1,0,1,0,1,0,1,0,1,0,1,0,0,0,0,0,0,1,0,0
3,18.8,56.0,18.666666666666668,0,0,0,0,1,0,0,0,1,1,0,1,0,1,0,1,0,1,0,1,0,0,0,0,0,0,1,0,0
2,95.65,167.3,83.65,1,0,0,0,1,0,0,1,0,0,0,0,1,0,0,0,0,0,1,0,1,0,0,0,0,1,0,0,0
13,19.75,246.7,18.976923076923075,0,0,1,1,1,0,0,0,1,1,0,1,0,1,0,1,0,1,0,1,0,0,1,1,0,0,0,1,0
22,49.8,1049.05,47.684090909090905,0,0,0,0,1,0,0,0,0,0,1,0,0,0,0,0,0,0,0,0,0,0,0,1,0,1,0,1,0
53,111.8,5809.75,109.61792452830188,0,0,1,0,1,0,1,1,0,0,0,0,1,0,1,0,1,0,1,0,1,1,0,1,0,0,0,0,1
44,94.4,4295.35,97.62159090909091,0,0,1,1,1,0,1,1,0,0,0,0,1,0,1,0,0,0,0,0,1,1,0,0,0,1,0,0,1
72,115.8,8424.9,117.01249999999999,1,0,1,0,1,0,1,1,0,0,1,0,1,0,1,0,1,0,1,0,1,0,1,1,0,0,0,0,1
70,114.3,8244.3,117.77571428571427,1,0,1,0,1,0,1,1,0,0,1,0,1,0,1,0,1,0,1,0,1,0,1,0,1,0,0,0,1
1,19.75,19.75,19.75,1,0,0,0,1,0,0,0,1,1,0,1,0,1,0,1,0,1,0,1,0,0,0,0,0,0,0,0,0
7,61.4,438.9,62.699999999999996,0,0,0,0,1,0,0,0,0,0,1,0,1,0,1,0,0,0,0,0,0,0,0,0,0,1,0,0,0
72,112.4,8046.85,111.76180555555555,0,1,1,0,1,0,1,1,0,0,1,0,1,0,1,0,0,0,1,0,1,0,1,1,0,1,0,0,1
4,78.9,299.75,74.9375,0,0,1,1,1,0,0,1,0,0,0,0,0,0,0,0,0,0,1,0,0,0,0,1,0,0,1,0,0
11,99.55,1131.2,102.83636363636364,0,1,1,0,1,0,1,1,0,0,0,0,0,0,1,0,0,0,1,0,1,0,0,1,0,1,0,0,0
22,83.3,1845.9,83.90454545454546,0,0,1,1,1,0,0,1,0,0,0,0,1,0,0,0,0,0,0,0,1,0,0,0,0,1,0,1,0
60,100.5,6029.0,100.48333333333333,0,1,1,0,1,0,1,1,0,0,0,0,0,0,1,0,0,0,1,0,1,1,0,1,1,0,0,0,1
26,87.15,2274.1,87.46538461538461,0,0,0,0,1,0,0,1,0,0,1,0,0,0,1,0,1,0,0,0,0,1,0,1,1,0,0,1,0
37,98.8,3475.55,93.9337837837838,1,0,0,0,1,0,1,1,0,0,0,0,0,0,0,0,1,0,1,0,1,0,0,0,0,0,0,0,1
6,109.9,669.45,111.575,0,0,0,0,1,0,1,1,0,0,0,0,1,0,1,0,1,0,1,0,1,0,0,1,1,0,0,0,0
36,84.75,3050.15,84.72638888888889,1,0,0,0,1,0,1,1,0,0,0,0,0,0,0,0,0,0,0,0,1,0,0,1,0,1,0,1,0
72,69.65,4908.25,68.17013888888889,1,0,0,0,1,0,1,0,0,0,1,0,1,0,1,0,1,0,0,0,0,0,1,0,0,0,0,0,1
63,110.1,6705.7,106.43968253968254,1,0,1,0,1,0,0,1,0,0,1,0,1,0,1,0,1,0,1,0,1,0,1,1,1,0,0,0,1
27,19.7,509.3,18.862962962962964,1,0,0,1,1,0,0,0,1,1,0,1,0,1,0,1,0,1,0,1,0,0,1,0,1,0,0,1,0
2,55.05,102.75,51.375,0,0,0,0,1,0,0,0,0,0,0,0,1,0,0,0,1,0,0,0,0,0,0,1,1,0,0,0,0
35,33.45,1175.85,33.59571428571428,0,0,0,0,0,1,0,0,0,0,0,0,0,0,1,0,1,0,0,0,0,0,0,1,0,0,1,1,0
15,19.65,270.6,18.040000000000003,0,0,0,1,1,0,0,0,1,1,0,1,0,1,0,1,0,1,0,1,0,1,0,0,0,0,1,1,0
13,74.3,940.35,72.33461538461539,0,1,0,0,1,0,0,1,0,0,0,0,0,0,1,0,0,0,0,0,0,0,0,1,0,1,0,1,0
65,94.4,6126.15,94.24846153846153,0,1,1,0,1,0,0,1,0,0,1,0,1,0,1,0,0,0,0,0,1,0,0,0,0,1,0,0,1
9,74.65,703.55,78.17222222222222,0,0,0,0,1,0,0,0,0,0,1,0,1,0,0,0,0,0,1,0,1,0,0,1,0,1,0,0,0
2,100.2,198.5,99.25,1,0,0,0,1,0,0,1,0,0,1,0,1,0,0,0,0,0,1,0,1,0,0,0,0,1,0,0,0
10,81.0,818.05,81.80499999999999,0,0,0,0,1,0,1,1,0,0,0,0,1,0,0,0,0,0,0,0,0,0,0,1,1,0,0,0,0
11,19.65,225.75,20.522727272727273,1,0,1,1,1,0,0,0,1,1,0,1,0,1,0,1,0,1,0,1,0,0,1,0,0,0,1,0,0
36,19.25,679.8,18.883333333333333,0,0,0,0,1,0,0,0,1,1,0,1,0,1,0,1,0,1,0,1,0,1,0,1,0,0,0,1,0
27,83.85,2310.2,85.56296296296296,0,1,1,0,1,0,1,0,0,0,0,0,1,0,1,0,1,0,1,0,1,0,0,0,0,1,0,1,0
72,83.6,5959.3,82.76805555555556,0,0,1,1,1,0,1,0,0,0,1,0,1,0,1,0,0,0,1,0,1,0,1,1,1,0,0,0,1
61,69.9,4226.7,69.29016393442623,1,0,1,0,1,0,1,0,0,0,1,0,0,0,1,0,0,0,0,0,1,0,1,1,0,0,1,0,1
58,105.5,6205.5,106.99137931034483,0,1,1,0,1,0,0,1,0,0,1,0,1,0,0,0,1,0,1,0,1,1,0,1,1,0,0,0,1
22,87.0,1850.65,84.12045454545455,1,0,1,0,1,0,0,1,0,0,0,0,0,0,1,0,0,0,1,0,0,0,0,1,0,0,0,1,0
5,90.8,455.5,91.1,0,0,0,0,1,0,1,1,0,0,0,0,1,0,0,0,0,0,1,0,0,0,0,1,0,1,0,0,0
26,95.0,2497.2,96.04615384615384,0,1,0,0,1,0,1,1,0,0,1,0,1,0,0,0,0,0,0,0,1,0,0,1,0,1,0,1,0
61,99.0,5969.3,97.85737704918033,1,1,1,1,1,0,1,1,0,0,0,0,1,0,0,0,0,0,1,0,1,1,0,0,0,1,0,0,1
40,101.85,4086.3,102.1575,1,1,1,0,1,0,1,1,0,0,1,0,0,0,0,0,0,0,1,0,1,0,0,0,0,1,0,0,1
65,99.1,6496.15,99.94076923076922,1,1,0,0,1,0,0,1,0,0,0,0,1,0,1,0,0,0,1,0,1,0,0,1,0,0,0,0,1
3,107.95,318.6,106.2,1,0,0,0,1,0,0,1,0,0,0,0,1,0,1,0,1,0,1,0,1,0,0,1,0,1,0,0,0
27,48.7,1421.75,52.657407407407405,1,0,1,0,1,0,0,0,0,0,1,0,0,0,0,0,0,0,0,0,0,1,0,0,1,0,0,1,0
69,79.45,5502.55,79.74710144927536,1,0,0,1,1,0,1,0,0,0,1,0,1,0,1,0,1,0,1,0,0,0,1,1,1,0,0,0,1
54,59.8,3246.45,60.11944444444444,0,0,1,1,1,0,1,0,0,0,0,0,1,0,1,0,0,0,0,0,0,0,1,1,0,0,0,0,1
29,67.45,1801.1,62.106896551724134,0,0,0,0,1,0,1,0,0,0,1,0,1,0,0,0,1,0,0,0,0,0,0,0,0,0,1,1,0
6,89.35,567.8,94.63333333333333,0,1,0,0,1,0,0,1,0,0,0,0,0,0,0,0,0,0,1,0,1,0,0,1,0,1,0,0,0
18,19.25,331.35,18.408333333333335,1,0,0,0,1,0,0,0,1,1,0,1,0,1,0,1,0,1,0,1,0,0,0,0,0,0,1,1,0
2,69.8,134.7,67.35,1,0,0,0,1,0,0,1,0,0,0,0,0,0,0,0,0,0,0,0,0,0,0,1,1,0,0,0,0
22,20.05,470.2,21.37272727272727,0,0,0,0,1,0,0,0,1,1,0,1,0,1,0,1,0,1,0,1,0,0,0,1,0,0,1,1,0
26,19.65,494.9,19.034615384615385,0,0,1,1,1,0,0,0,1,1,0,1,0,1,0,1,0,1,0,1,0,0,1,0,1,0,0,1,0
11,86.2,893.2,81.2,1,0,0,1,1,0,1,1,0,0,0,0,0,0,0,0,0,0,0,0,1,0,0,0,0,1,0,0,0
57,74.3,4018.35,70.49736842105263,1,0,1,1,1,0,1,1,0,0,0,0,0,0,0,0,0,0,0,0,0,0,0,1,0,1,0,0,1
4,19.65,67.55,16.8875,1,0,0,0,1,0,0,0,1,1,0,1,0,1,0,1,0,1,0,1,0,0,0,1,0,0,1,0,0
36,84.9,3067.2,85.19999999999999,1,0,0,0,1,0,1,1,0,0,0,0,0,0,0,0,0,0,0,0,1,0,0,1,0,1,0,1,0
67,19.45,1195.95,17.85,1,0,0,0,1,0,0,0,1,1,0,1,0,1,0,1,0,1,0,1,0,1,0,1,0,0,1,0,1
55,50.55,2832.75,51.50454545454546,0,0,0,0,1,0,0,0,0,0,1,0,0,0,0,0,0,0,0,0,0,0,0,1,1,0,0,0,1
27,95.0,2462.55,91.20555555555556,0,0,1,0,1,0,1,1,0,0,0,0,0,0,0,0,0,0,1,0,1,0,0,0,1,0,0,1,0
1,45.7,45.7,45.7,1,0,0,0,1,0,0,0,0,0,0,0,0,0,0,0,0,0,0,0,0,0,0,1,0,0,1,0,0
50,20.15,970.85,19.417,0,0,0,1,1,0,0,0,1,1,0,1,0,1,0,1,0,1,0,1,0,0,1,0,1,0,0,0,1
72,93.25,6688.95,92.90208333333334,0,0,1,1,1,0,1,0,0,0,1,0,1,0,1,0,1,0,1,0,1,0,1,1,0,0,0,0,1
3,55.3,196.15,65.38333333333334,0,0,0,0,1,0,0,0,0,0,0,0,0,0,0,0,0,0,0,0,1,0,0,1,0,1,0,0,0
70,58.35,4214.25,60.20357142857143,0,0,0,0,0,1,0,0,0,0,1,0,0,0,1,0,1,0,1,0,1,0,1,1,0,0,0,0,1
71,111.25,7984.15,112.45281690140844,0,0,0,0,1,0,1,1,0,0,0,0,1,0,1,0,1,0,1,0,1,0,1,1,0,1,0,0,1
4,20.35,76.35,19.0875,0,0,1,1,1,0,0,0,1,1,0,1,0,1,0,1,0,1,0,1,0,0,0,0,0,0,1,0,0
8,74.6,548.9,68.6125,0,0,0,0,1,0,1,1,0,0,0,0,0,0,0,0,0,0,0,0,0,0,0,1,1,0,0,0,0
32,19.9,601.55,18.7984375,0,0,0,0,1,0,0,0,1,1,0,1,0,1,0,1,0,1,0,1,0,0,0,0,0,0,0,1,0
12,75.85,854.45,71.20416666666667,0,0,0,0,1,0,1,0,0,0,0,0,0,0,0,0,1,0,1,0,1,1,0,1,0,0,1,0,0
10,85.95,858.6,85.86,0,0,1,1,1,0,1,1,0,0,0,0,0,0,0,0,0,0,0,0,1,0,0,0,0,1,0,0,0
48,82.05,4029.95,83.95729166666666,0,0,1,1,1,0,1,1,0,0,0,0,0,0,0,0,0,0,0,0,1,1,0,1,0,0,1,0,1
57,95.25,5464.65,95.87105263157895,0,0,0,0,1,0,0,1,0,0,0,0,0,0,1,0,0,0,1,0,1,0,1,1,0,1,0,0,1
9,80.55,653.9,72.65555555555555,0,0,0,0,1,0,0,1,0,0,0,0,1,0,1,0,0,0,0,0,0,0,0,0,0,1,0,0,0
12,83.8,1029.75,85.8125,1,1,0,0,1,0,0,1,0,0,0,0,1,0,1,0,1,0,0,0,0,0,0,1,0,0,1,0,0
1,45.85,45.85,45.85,1,0,1,1,1,0,0,0,0,0,0,0,0,0,0,0,0,0,0,0,0,0,0,1,0,0,1,0,0
23,83.2,2032.3,88.36086956521739,0,0,0,0,1,0,0,1,0,0,0,0,1,0,1,0,1,0,0,0,0,0,0,0,0,0,0,1,0
72,84.7,5893.9,81.85972222222222,0,0,1,1,1,0,1,0,0,0,1,0,0,0,1,0,1,0,1,0,1,0,1,0,1,0,0,0,1
1,45.65,45.65,45.65,0,0,0,0,1,0,0,0,0,0,0,0,0,0,0,0,0,0,0,0,0,0,0,1,0,1,0,0,0
8,20.35,178.7,22.3375,1,0,0,1,1,0,0,0,1,1,0,1,0,1,0,1,0,1,0,1,0,0,0,0,0,0,1,0,0
3,19.85,57.2,19.066666666666666,0,0,0,0,1,0,0,0,1,1,0,1,0,1,0,1,0,1,0,1,0,0,0,0,0,0,1,0,0
18,19.65,411.25,22.84722222222222,1,0,0,0,1,0,0,0,1,1,0,1,0,1,0,1,0,1,0,1,0,1,0,0,0,0,1,1,0
22,100.75,2095.0,95.22727272727273,1,0,0,0,1,0,1,1,0,0,1,0,0,0,0,0,0,0,1,0,1,0,0,1,0,1,0,1,0
27,19.9,550.1,20.374074074074073,0,0,1,1,1,0,0,0,1,1,0,1,0,1,0,1,0,1,0,1,0,0,1,0,0,0,1,1,0
38,99.55,3734.25,98.26973684210526,0,1,0,0,1,0,1,1,0,0,0,0,0,0,0,0,1,0,1,0,1,0,0,1,0,1,0,0,1
72,110.3,7966.9,110.65138888888889,1,0,1,1,1,0,1,1,0,0,1,0,1,0,1,0,0,0,1,0,1,0,1,1,0,0,0,0,1
69,59.75,4069.9,58.984057971014494,1,0,1,1,1,0,0,0,0,0,1,0,1,0,1,0,0,0,0,0,0,0,1,1,0,0,0,0,1
11,79.0,929.3,84.48181818181818,0,0,0,0,1,0,1,1,0,0,1,0,0,0,0,0,0,0,0,0,0,0,0,1,0,0,0,0,0
14,19.95,268.4,19.17142857142857,1,0,0,1,1,0,0,0,1,1,0,1,0,1,0,1,0,1,0,1,0,0,0,0,0,0,1,1,0
57,84.5,4845.4,85.00701754385965,0,0,1,1,1,0,1,0,0,0,1,0,0,0,1,0,1,0,1,0,1,0,1,1,0,1,0,0,1
35,20.1,644.5,18.414285714285715,0,0,0,1,1,0,0,0,1,1,0,1,0,1,0,1,0,1,0,1,0,1,0,1,1,0,0,1,0
2,60.95,134.6,67.3,1,0,0,1,1,0,1,0,0,0,1,0,1,0,0,0,0,0,0,0,0,0,0,0,0,0,0,0,0
23,106.4,2483.5,107.97826086956522,1,1,0,0,1,0,1,1,0,0,0,0,1,0,1,0,0,0,1,0,1,0,0,1,0,1,0,1,0
46,20.05,902.0,19.608695652173914,1,0,0,0,1,0,0,0,1,1,0,1,0,1,0,1,0,1,0,1,0,0,1,0,0,0,0,0,1
12,19.45,227.45,18.954166666666666,0,0,0,0,1,0,0,0,1,1,0,1,0,1,0,1,0,1,0,1,0,0,0,0,0,0,0,0,0
7,51.3,419.35,59.90714285714286,0,1,0,0,1,0,0,0,0,0,0,0,1,0,0,0,0,0,0,0,0,0,0,1,0,0,1,0,0
6,25.4,153.3,25.55,1,0,1,1,1,0,1,0,1,1,0,1,0,1,0,1,0,1,0,1,0,0,1,0,0,0,1,0,0
1,75.05,75.05,75.05,0,0,0,0,1,0,1,1,0,0,0,0,0,0,0,0,0,0,0,0,0,0,0,1,0,0,1,0,0
63,109.25,6841.4,108.59365079365078,0,0,1,0,1,0,1,1,0,0,0,0,1,0,1,0,1,0,1,0,1,0,1,1,0,0,0,0,1
61,59.8,3641.5,59.69672131147541,0,0,1,1,1,0,1,0,0,0,1,0,1,0,0,0,0,0,0,0,0,0,0,0,0,1,0,0,1
31,87.6,2724.25,87.87903225806451,0,0,0,0,1,0,0,1,0,0,1,0,0,0,1,0,1,0,0,0,0,0,0,0,0,1,0,1,0
26,80.5,2088.8,80.33846153846154,1,0,0,0,1,0,1,1,0,0,0,0,0,0,0,0,1,0,0,0,0,0,0,1,0,1,0,1,0
33,54.65,1665.2,50.46060606060606,1,0,0,0,1,0,1,0,0,0,0,0,1,0,0,0,0,0,0,0,0,0,0,1,0,0,0,1,0
72,65.65,4664.5,64.78472222222223,1,0,1,1,0,1,0,0,0,0,1,0,1,0,1,0,1,0,1,0,1,0,1,1,0,0,0,0,1
41,74.7,3187.65,77.74756097560976,0,0,1,1,1,0,0,0,0,0,1,0,0,0,0,0,1,0,1,0,1,1,0,1,1,0,0,0,1
61,84.9,5264.5,86.30327868852459,1,0,1,1,1,0,0,0,0,0,1,0,1,0,1,0,1,0,1,0,1,1,0,0,0,0,0,0,1
15,18.8,294.95,19.663333333333334,1,0,1,0,1,0,0,0,1,1,0,1,0,1,0,1,0,1,0,1,0,1,0,0,0,0,1,1,0
55,50.05,2743.45,49.880909090909086,1,1,0,0,0,1,0,0,0,0,0,0,0,0,1,0,0,0,1,0,1,1,0,1,0,0,0,0,1
47,107.35,5118.95,108.91382978723404,1,0,1,1,1,0,1,1,0,0,0,0,0,0,1,0,1,0,1,0,1,0,0,1,0,0,0,0,1
54,101.5,5373.1,99.50185185185185,0,1,1,0,1,0,1,1,0,0,0,0,1,0,0,0,0,0,1,0,1,1,0,1,1,0,0,0,1
1,20.3,20.3,20.3,1,0,0,0,1,0,0,0,1,1,0,1,0,1,0,1,0,1,0,1,0,0,0,0,0,0,1,0,0
47,106.35,4849.1,103.17234042553193,0,0,0,0,1,0,1,1,0,0,0,0,1,0,1,0,0,0,1,0,1,0,0,1,0,1,0,0,1
62,115.05,7133.45,115.05564516129031,0,0,0,0,1,0,1,1,0,0,1,0,1,0,1,0,1,0,1,0,1,1,0,1,1,0,0,0,1
67,20.85,1327.4,19.811940298507466,0,0,1,0,1,0,0,0,1,1,0,1,0,1,0,1,0,1,0,1,0,1,0,1,0,0,0,0,1
37,65.6,2313.8,62.53513513513514,1,0,0,0,1,0,0,0,0,0,1,0,1,0,1,0,1,0,0,0,0,0,1,0,0,0,0,0,1
53,73.8,4003.85,75.5443396226415,0,1,0,0,1,0,0,1,0,0,0,0,1,0,0,0,0,0,0,0,0,0,0,1,1,0,0,0,1
62,81.0,4985.9,80.41774193548386,0,0,1,0,1,0,0,0,0,0,1,0,0,0,1,0,1,0,1,0,1,0,1,0,0,0,1,0,1
14,20.05,299.3,21.37857142857143,1,0,0,0,1,0,0,0,1,1,0,1,0,1,0,1,0,1,0,1,0,0,0,1,0,1,0,1,0
6,19.7,111.65,18.608333333333334,1,0,0,1,1,0,0,0,1,1,0,1,0,1,0,1,0,1,0,1,0,0,0,0,0,0,1,0,0
27,101.9,2681.15,99.30185185185185,0,0,1,0,1,0,0,1,0,0,1,0,0,0,0,0,1,0,1,0,1,1,0,1,1,0,0,1,0
58,20.3,1131.5,19.50862068965517,1,0,0,0,1,0,0,0,1,1,0,1,0,1,0,1,0,1,0,1,0,0,1,0,1,0,0,0,1
49,99.05,4853.75,99.0561224489796,1,0,1,0,1,0,1,1,0,0,0,0,1,0,0,0,0,0,1,0,1,0,0,1,0,0,0,0,1
69,73.7,4885.85,70.80942028985508,0,0,1,1,1,0,1,0,0,0,1,0,1,0,0,0,1,0,1,0,0,1,0,0,1,0,0,0,1
70,80.4,5717.85,81.68357142857144,0,0,1,1,1,0,0,0,0,0,0,0,1,0,1,0,1,0,1,0,1,0,1,1,0,0,0,0,1
1,20.9,20.9,20.9,0,0,0,0,1,0,0,0,1,1,0,1,0,1,0,1,0,1,0,1,0,0,0,0,0,0,1,0,0
13,55.15,742.9,57.146153846153844,0,0,0,0,1,0,0,0,0,0,1,0,0,0,0,0,1,0,0,0,0,1,0,0,0,0,1,1,0
1,24.9,24.9,24.9,0,0,0,0,0,1,0,0,0,0,0,0,0,0,0,0,0,0,0,0,0,0,0,1,0,0,1,0,0
9,75.5,637.4,70.82222222222222,0,1,0,0,1,0,0,1,0,0,0,0,0,0,1,0,0,0,0,0,0,0,0,0,1,0,0,0,0
64,84.3,5289.05,82.64140625,1,0,0,0,1,0,1,1,0,0,1,0,1,0,0,0,0,0,0,0,0,1,0,1,1,0,0,0,1
3,65.25,209.9,69.96666666666667,1,0,0,0,1,0,1,0,0,0,0,0,0,0,0,0,1,0,1,0,0,0,0,1,0,0,1,0,0
11,54.55,601.25,54.65909090909091,1,1,0,1,1,0,0,0,0,0,0,0,1,0,0,0,1,0,0,0,0,0,0,1,0,1,0,0,0
51,44.45,2181.55,42.77549019607844,1,0,0,0,0,1,0,0,0,0,1,0,0,0,0,0,1,0,0,0,1,0,0,1,1,0,0,0,1
64,66.15,4392.5,68.6328125,1,0,1,0,1,0,1,0,0,0,1,0,0,0,0,0,0,0,1,0,0,1,0,1,1,0,0,0,1
13,20.3,275.4,21.184615384615384,0,0,0,0,1,0,0,0,1,1,0,1,0,1,0,1,0,1,0,1,0,0,0,1,0,0,1,1,0
17,70.0,1144.5,67.32352941176471,0,0,0,0,1,0,0,1,0,0,0,0,0,0,0,0,0,0,0,0,0,0,0,1,0,1,0,1,0
17,70.35,1201.65,70.68529411764706,1,0,1,1,1,0,1,0,0,0,1,0,0,0,1,0,0,0,1,0,0,1,0,1,0,0,0,1,0
32,30.15,927.65,28.9890625,0,0,0,0,0,1,0,0,0,0,1,0,0,0,0,0,0,0,0,0,0,1,0,0,0,0,1,1,0
70,67.95,4664.15,66.63071428571428,1,0,1,0,1,0,0,0,0,0,1,0,1,0,0,0,1,0,0,0,1,0,1,0,0,0,1,0,1
1,79.55,79.55,79.55,1,0,0,0,1,0,0,1,0,0,0,0,0,0,0,0,0,0,1,0,0,0,0,1,0,1,0,0,0
45,95.0,4368.85,97.08555555555556,1,0,1,1,1,0,1,1,0,0,0,0,1,0,1,0,0,0,0,0,1,1,0,1,1,0,0,0,1
44,84.8,3862.55,87.78522727272728,0,0,0,0,1,0,1,1,0,0,0,0,1,0,1,0,0,0,0,0,0,0,0,1,0,0,0,0,1
12,25.25,274.7,22.891666666666666,0,0,1,1,1,0,1,0,1,1,0,1,0,1,0,1,0,1,0,1,0,0,1,0,1,0,0,0,0
71,19.85,1379.6,19.430985915492958,0,0,1,0,1,0,0,0,1,1,0,1,0,1,0,1,0,1,0,1,0,0,1,0,1,0,0,0,1
2,76.4,151.8,75.9,1,0,1,0,1,0,0,1,0,0,0,0,0,0,1,0,0,0,0,0,0,0,0,0,0,1,0,0,0
9,65.0,663.05,73.67222222222222,0,0,1,1,1,0,0,0,0,0,1,0,1,0,1,0,1,0,0,0,0,0,0,0,0,0,1,0,0
7,25.05,189.95,27.135714285714283,0,0,0,0,0,1,0,0,0,0,0,0,0,0,0,0,0,0,0,0,0,0,0,0,0,0,0,0,0
18,75.9,1373.05,76.28055555555555,1,0,0,0,1,0,0,1,0,0,0,0,0,0,0,0,1,0,0,0,0,0,0,1,0,0,0,1,0
4,72.2,305.55,76.3875,1,0,0,0,1,0,1,1,0,0,0,0,0,0,0,0,0,0,0,0,0,0,0,1,0,0,0,0,0
15,19.6,299.4,19.959999999999997,0,0,0,0,1,0,0,0,1,1,0,1,0,1,0,1,0,1,0,1,0,0,0,0,0,0,1,1,0
69,99.15,6875.35,99.64275362318841,0,0,1,0,1,0,1,1,0,0,1,0,0,0,0,0,0,0,1,0,1,0,1,0,0,0,0,0,1
1,44.45,44.45,44.45,0,0,0,0,1,0,0,0,0,0,0,0,0,0,0,0,0,0,0,0,0,0,0,1,0,0,1,0,0
1,84.65,84.65,84.65,1,0,0,0,1,0,1,1,0,0,0,0,0,0,0,0,0,0,1,0,0,0,0,1,0,0,1,0,0
7,24.35,150.85,21.55,1,0,0,0,0,1,0,0,0,0,0,0,0,0,0,0,0,0,0,0,0,1,0,1,1,0,0,0,0
58,59.75,3624.35,62.48879310344827,0,0,1,1,0,1,0,0,0,0,1,0,0,0,1,0,1,0,1,0,1,0,1,0,0,0,1,0,1
45,115.65,5125.5,113.9,0,0,0,0,1,0,1,1,0,0,1,0,1,0,1,0,1,0,1,0,1,0,0,1,0,1,0,0,1
36,76.35,2606.35,72.39861111111111,0,0,0,0,1,0,0,0,0,0,1,0,1,0,1,0,1,0,1,0,0,1,0,1,0,0,1,1,0
27,84.8,2309.55,85.53888888888889,1,1,1,0,1,0,1,0,0,0,0,0,1,0,1,0,1,0,1,0,1,0,0,1,0,0,0,1,0
65,104.35,6578.55,101.20846153846153,1,1,1,0,1,0,1,1,0,0,0,0,1,0,1,0,0,0,1,0,1,0,0,1,0,1,0,0,1
72,116.05,8404.9,116.73472222222222,1,1,1,0,1,0,1,1,0,0,1,0,1,0,1,0,1,0,1,0,1,0,1,1,0,0,0,0,1
15,25.2,387.9,25.86,0,0,1,0,1,0,1,0,1,1,0,1,0,1,0,1,0,1,0,1,0,0,1,0,0,0,1,1,0
2,70.3,132.4,66.2,1,0,0,0,1,0,0,0,0,0,0,0,0,0,0,0,1,0,1,0,1,0,0,0,0,1,0,0,0
64,100.05,6254.2,97.721875,0,0,0,0,1,0,1,1,0,0,0,0,0,0,1,0,0,0,1,0,1,1,0,1,1,0,0,0,1
13,100.35,1358.85,104.52692307692307,0,0,0,0,1,0,1,1,0,0,1,0,0,0,0,0,0,0,1,0,1,0,0,1,0,1,0,1,0
70,80.15,5600.15,80.00214285714286,1,0,1,1,1,0,0,0,0,0,1,0,1,0,1,0,0,0,1,0,1,0,1,1,1,0,0,0,1
1,54.35,54.35,54.35,1,0,0,0,1,0,1,0,0,0,0,0,0,0,1,0,0,0,0,0,0,0,0,0,0,1,0,0,0
20,90.7,1781.35,89.0675,1,0,0,0,1,0,1,1,0,0,0,0,0,0,1,0,0,0,1,0,0,0,0,1,1,0,0,1,0
59,24.45,1493.1,25.306779661016947,0,0,0,0,1,0,1,0,1,1,0,1,0,1,0,1,0,1,0,1,0,0,1,0,0,1,0,0,1
31,89.45,2807.65,90.56935483870969,1,1,1,0,1,0,1,1,0,0,1,0,0,0,0,0,0,0,1,0,0,0,0,0,0,1,0,1,0
36,65.4,2498.4,69.4,1,0,0,0,1,0,0,0,0,0,0,0,1,0,0,0,1,0,0,0,1,1,0,1,0,0,1,1,0
1,89.1,89.1,89.1,1,0,0,0,1,0,0,1,0,0,0,0,0,0,0,0,0,0,1,0,1,0,0,1,0,1,0,0,0
1,20.1,20.1,20.1,1,0,0,0,1,0,0,0,1,1,0,1,0,1,0,1,0,1,0,1,0,0,0,0,0,0,1,0,0
9,19.05,157.65,17.516666666666666,0,0,0,0,1,0,0,0,1,1,0,1,0,1,0,1,0,1,0,1,0,0,0,0,0,0,1,0,0
54,24.75,1342.15,24.85462962962963,0,0,1,1,1,0,1,0,1,1,0,1,0,1,0,1,0,1,0,1,0,1,0,1,0,0,0,0,1
61,19.4,1182.55,19.38606557377049,0,0,1,1,1,0,0,0,1,1,0,1,0,1,0,1,0,1,0,1,0,0,0,1,0,0,1,0,1
5,75.9,357.75,71.55,1,0,0,0,1,0,1,1,0,0,0,0,0,0,0,0,0,0,0,0,0,0,0,1,0,0,0,0,0
41,74.55,3023.55,73.74512195121952,1,0,1,1,1,0,1,0,0,0,1,0,1,0,1,0,0,0,1,0,0,0,0,1,1,0,0,0,1
72,84.45,6033.1,83.79305555555555,1,0,1,0,1,0,0,0,0,0,1,0,1,0,1,0,1,0,1,0,1,0,1,0,0,0,1,0,1
27,69.05,1793.25,66.41666666666667,1,0,0,0,1,0,0,1,0,0,0,0,0,0,0,0,0,0,0,0,0,0,0,1,0,0,1,1,0
35,55.0,2010.55,57.44428571428571,1,0,0,0,1,0,0,0,0,0,0,0,0,0,0,0,0,0,1,0,0,0,0,0,0,0,1,1,0
16,96.15,1529.2,95.575,0,1,0,0,1,0,1,1,0,0,0,0,0,0,0,0,0,0,1,0,1,0,0,1,0,1,0,1,0
17,19.95,310.6,18.27058823529412,1,0,0,0,1,0,0,0,1,1,0,1,0,1,0,1,0,1,0,1,0,1,0,0,0,0,1,1,0
62,24.8,1476.25,23.81048387096774,1,0,1,1,1,0,1,0,1,1,0,1,0,1,0,1,0,1,0,1,0,1,0,0,0,0,0,0,1
1,72.1,72.1,72.1,0,1,0,0,1,0,1,1,0,0,0,0,0,0,0,0,0,0,0,0,0,0,0,1,0,1,0,0,0
13,74.65,966.25,74.32692307692308,0,0,0,0,1,0,0,1,0,0,0,0,1,0,0,0,0,0,0,0,0,1,0,1,0,0,1,1,0
10,74.75,799.65,79.965,0,0,0,0,1,0,1,1,0,0,0,0,0,0,0,0,0,0,0,0,0,0,0,1,0,1,0,0,0
4,50.85,239.55,59.8875,0,0,1,1,1,0,1,0,0,0,0,0,0,0,0,0,0,0,0,0,0,0,0,0,0,0,1,0,0
10,20.35,176.3,17.630000000000003,1,0,0,0,1,0,0,0,1,1,0,1,0,1,0,1,0,1,0,1,0,1,0,0,0,0,1,0,0
42,94.2,4186.3,99.67380952380952,0,0,1,1,1,0,1,1,0,0,0,0,0,0,0,0,0,0,1,0,1,0,0,1,0,1,0,0,1
1,19.95,19.95,19.95,0,0,0,0,1,0,0,0,1,1,0,1,0,1,0,1,0,1,0,1,0,0,0,0,1,0,0,0,0
67,87.4,5918.8,88.34029850746269,1,0,1,1,1,0,1,1,0,0,0,0,1,0,1,0,0,0,0,0,0,1,0,0,0,1,0,0,1
62,20.05,1263.9,20.385483870967743,1,0,1,1,1,0,0,0,1,1,0,1,0,1,0,1,0,1,0,1,0,0,1,0,1,0,0,0,1
18,93.9,1743.9,96.88333333333334,1,1,0,0,1,0,1,1,0,0,0,0,0,0,1,0,1,0,1,0,0,0,0,0,0,0,0,1,0
12,84.6,1017.35,84.77916666666667,0,0,0,0,1,0,0,1,0,0,0,0,1,0,0,0,0,0,0,0,1,0,0,1,0,1,0,0,0
9,50.1,484.05,53.78333333333333,1,0,0,1,1,0,0,0,0,0,0,0,1,0,0,0,0,0,0,0,0,0,0,1,0,1,0,0,0
72,25.75,1864.2,25.891666666666666,1,0,1,0,1,0,1,0,1,1,0,1,0,1,0,1,0,1,0,1,0,0,1,0,1,0,0,0,1
59,20.2,1192.3,20.208474576271186,1,0,0,0,1,0,0,0,1,1,0,1,0,1,0,1,0,1,0,1,0,0,1,1,0,0,0,0,1
30,79.3,2427.1,80.90333333333334,0,0,0,0,1,0,1,0,0,0,1,0,0,0,1,0,0,0,1,0,1,1,0,1,1,0,0,1,0
70,98.9,6838.6,97.69428571428573,0,0,0,0,1,0,1,1,0,0,0,0,1,0,0,0,0,0,1,0,1,1,0,0,0,1,0,0,1
69,20.15,1337.5,19.384057971014492,0,0,1,1,1,0,0,0,1,1,0,1,0,1,0,1,0,1,0,1,0,0,1,0,0,0,0,0,1
47,20.05,1016.7,21.631914893617022,0,0,1,1,1,0,0,0,1,1,0,1,0,1,0,1,0,1,0,1,0,0,1,0,1,0,0,0,1
12,59.8,727.8,60.65,1,0,0,0,1,0,0,0,0,0,0,0,0,0,0,0,1,0,1,0,0,1,0,1,0,1,0,0,0
42,84.3,3588.4,85.43809523809524,0,0,1,0,1,0,1,1,0,0,0,0,0,0,1,0,1,0,0,0,0,0,0,1,0,1,0,0,1
59,99.5,5961.1,101.035593220339,1,0,1,0,1,0,1,1,0,0,0,0,0,0,1,0,0,0,1,0,1,1,0,1,0,0,0,0,1
45,102.15,4735.35,105.23,0,1,0,0,1,0,1,1,0,0,0,0,0,0,1,0,0,0,1,0,1,1,0,1,0,0,0,0,1
10,70.3,738.2,73.82000000000001,1,0,1,0,1,0,0,1,0,0,0,0,0,0,0,0,0,0,0,0,0,0,0,1,0,1,0,0,0
49,78.0,3824.2,78.04489795918367,0,0,1,1,1,0,0,0,0,0,0,0,1,0,1,0,0,0,1,0,1,1,0,0,1,0,0,0,1
58,25.15,1509.9,26.032758620689656,0,0,1,1,1,0,1,0,1,1,0,1,0,1,0,1,0,1,0,1,0,0,1,0,1,0,0,0,1
21,60.05,1236.15,58.86428571428572,1,1,0,0,1,0,0,0,0,0,0,0,0,0,1,0,0,0,1,0,0,0,0,1,0,0,0,1,0
7,75.35,564.65,80.66428571428571,0,0,0,0,1,0,1,1,0,0,0,0,0,0,0,0,0,0,0,0,0,0,0,1,0,1,0,0,0
28,54.4,1516.6,54.16428571428571,1,0,0,1,1,0,0,0,0,0,0,0,1,0,0,0,1,0,0,0,0,1,0,1,1,0,0,1,0
32,104.9,3351.55,104.7359375,1,1,1,0,1,0,1,1,0,0,0,0,0,0,1,0,1,0,1,0,1,0,0,1,0,1,0,1,0
46,101.1,4674.4,101.61739130434782,0,0,0,0,1,0,1,1,0,0,0,0,0,0,1,0,0,0,1,0,1,1,0,1,0,1,0,0,1
12,96.05,1148.1,95.675,1,0,0,0,1,0,1,1,0,0,0,0,0,0,0,0,0,0,1,0,1,0,0,1,0,1,0,0,0
9,89.45,853.1,94.78888888888889,0,0,1,0,1,0,0,1,0,0,0,0,0,0,0,0,0,0,1,0,1,0,0,0,0,1,0,0,0
11,73.85,926.25,84.20454545454545,1,0,0,0,1,0,0,1,0,0,0,0,0,0,0,0,1,0,0,0,0,0,0,1,0,1,0,0,0
2,20.35,33.2,16.6,1,0,0,0,1,0,0,0,1,1,0,1,0,1,0,1,0,1,0,1,0,0,0,0,0,0,1,0,0
2,85.85,167.3,83.65,1,0,0,0,1,0,0,1,0,0,0,0,0,0,1,0,0,0,0,0,1,0,0,1,0,1,0,0,0
54,110.35,5893.15,109.1324074074074,0,0,1,0,1,0,1,1,0,0,0,0,1,0,1,0,1,0,1,0,1,1,0,0,0,1,0,0,1
24,94.6,2283.15,95.13125000000001,0,0,0,0,1,0,0,1,0,0,1,0,0,0,0,0,0,0,1,0,1,0,0,1,0,1,0,1,0
3,69.85,199.85,66.61666666666666,0,0,0,0,1,0,0,1,0,0,0,0,0,0,0,0,0,0,0,0,0,0,0,1,0,1,0,0,0
1,45.75,45.75,45.75,1,0,0,0,1,0,0,0,0,0,0,0,0,0,0,0,0,0,0,0,0,0,0,0,0,1,0,0,0
41,68.5,2839.95,69.2670731707317,1,0,1,1,1,0,1,0,0,0,0,0,1,0,1,0,0,0,1,0,0,1,0,0,0,0,0,0,1
39,55.9,2184.35,56.008974358974356,0,0,1,0,0,1,0,0,0,0,1,0,0,0,1,0,0,0,1,0,1,0,0,0,0,1,0,0,1
6,19.45,113.5,18.916666666666668,1,0,1,1,1,0,0,0,1,1,0,1,0,1,0,1,0,1,0,1,0,1,0,0,0,0,1,0,0
42,22.95,1014.25,24.148809523809526,0,0,1,1,1,0,1,0,1,1,0,1,0,1,0,1,0,1,0,1,0,0,1,0,0,1,0,0,1
32,100.4,3217.65,100.5515625,0,1,1,1,1,0,1,1,0,0,0,0,1,0,0,0,0,0,1,0,1,0,0,1,0,1,0,1,0
2,51.55,106.2,53.1,0,0,0,1,1,0,0,0,0,0,0,0,1,0,0,0,0,0,0,0,0,0,0,0,0,0,1,0,0
59,64.05,3886.85,65.87881355932203,1,1,1,0,0,1,0,0,0,0,1,0,0,0,1,0,1,0,1,0,1,0,1,1,1,0,0,0,1
1,80.8,80.8,80.8,1,0,0,0,1,0,0,1,0,0,0,0,0,0,0,0,0,0,0,0,1,0,0,1,0,1,0,0,0
15,19.8,272.95,18.196666666666665,0,0,1,1,1,0,0,0,1,1,0,1,0,1,0,1,0,1,0,1,0,0,0,0,0,0,1,1,0
10,21.2,222.65,22.265,0,0,0,0,1,0,0,0,1,1,0,1,0,1,0,1,0,1,0,1,0,0,0,1,0,1,0,0,0
7,69.85,515.45,73.63571428571429,0,0,0,0,1,0,0,1,0,0,0,0,0,0,0,0,0,0,0,0,0,0,0,1,0,0,0,0,0
23,79.35,1835.3,79.79565217391304,0,1,0,0,1,0,1,1,0,0,0,0,0,0,1,0,0,0,0,0,0,0,0,1,0,0,1,1,0
69,19.95,1399.35,20.280434782608694,1,0,0,0,1,0,0,0,1,1,0,1,0,1,0,1,0,1,0,1,0,0,1,0,1,0,0,0,1
23,75.4,1643.55,71.45869565217392,0,1,0,0,1,0,0,1,0,0,1,0,0,0,0,0,0,0,0,0,0,0,0,1,0,0,0,1,0
40,80.75,3208.65,80.21625,0,0,0,0,1,0,1,0,0,0,0,0,0,0,1,0,1,0,1,0,1,1,0,1,0,0,1,0,1
6,80.25,493.4,82.23333333333333,1,0,0,0,1,0,0,0,0,0,1,0,0,0,1,0,1,0,1,0,1,0,1,1,0,0,1,0,0
46,93.7,4154.8,90.32173913043479,1,0,0,0,1,0,1,1,0,0,1,0,1,0,0,0,0,0,0,0,1,0,0,1,0,1,0,0,1
68,19.35,1292.65,19.009558823529414,0,0,1,1,1,0,0,0,1,1,0,1,0,1,0,1,0,1,0,1,0,0,1,1,0,0,0,0,1
41,109.1,4454.25,108.64024390243902,0,0,1,1,1,0,1,1,0,0,0,0,1,0,1,0,1,0,1,0,1,1,0,1,0,0,0,0,1
39,41.15,1700.9,43.61282051282051,0,0,0,0,0,1,0,0,0,0,1,0,1,0,0,0,1,0,0,0,0,1,0,0,0,0,0,0,1
21,54.6,1125.2,53.58095238095238,1,0,1,0,1,0,0,0,0,0,0,0,0,0,0,0,0,0,1,0,0,0,0,0,0,0,0,1,0
37,70.35,2552.9,68.9972972972973,1,0,0,0,1,0,0,1,0,0,0,0,0,0,0,0,0,0,0,0,0,0,0,1,0,0,1,0,1
60,99.65,5941.05,99.0175,0,0,0,0,1,0,0,1,0,0,0,0,1,0,1,0,0,0,1,0,1,0,1,1,0,1,0,0,1
36,92.9,3379.25,93.86805555555556,0,0,1,1,1,0,1,0,0,0,1,0,1,0,1,0,1,0,1,0,1,0,1,1,1,0,0,1,0
35,106.9,3756.45,107.32714285714285,0,0,1,1,1,0,0,1,0,0,1,0,0,0,1,0,1,0,1,0,1,0,0,1,0,1,0,1,0
72,99.9,7251.7,100.71805555555555,0,0,1,1,1,0,1,1,0,0,1,0,1,0,0,0,1,0,1,0,0,0,1,0,0,0,0,0,1
72,89.05,6254.45,86.86736111111111,1,0,1,0,1,0,1,0,0,0,1,0,1,0,1,0,1,0,1,0,1,0,1,1,0,0,0,0,1
7,69.35,451.1,64.44285714285715,1,0,1,0,1,0,0,1,0,0,0,0,0,0,0,0,0,0,0,0,0,0,0,1,0,1,0,0,0
1,70.6,70.6,70.6,0,1,0,0,1,0,0,1,0,0,0,0,0,0,0,0,0,0,0,0,0,0,0,1,0,0,1,0,0
66,19.7,1253.8,18.996969696969696,1,0,0,0,1,0,0,0,1,1,0,1,0,1,0,1,0,1,0,1,0,0,1,0,0,0,0,0,1
31,99.45,3109.9,100.31935483870969,1,0,0,0,1,0,0,1,0,0,0,0,0,0,1,0,1,0,1,0,1,0,1,0,0,0,0,1,0
7,93.85,635.6,90.8,1,0,0,0,1,0,1,1,0,0,0,0,0,0,0,0,0,0,1,0,1,0,0,1,0,1,0,0,0
2,70.2,115.95,57.975,0,1,0,0,1,0,0,1,0,0,0,0,0,0,0,0,0,0,0,0,0,0,0,1,0,0,0,0,0
54,94.75,5121.75,94.84722222222223,0,0,0,0,1,0,1,1,0,0,0,0,1,0,1,0,0,0,1,0,0,1,0,1,0,0,0,0,1
1,24.05,24.05,24.05,1,0,0,0,1,0,1,0,1,1,0,1,0,1,0,1,0,1,0,1,0,0,0,1,0,0,1,0,0
71,73.35,5154.5,72.59859154929578,1,0,1,1,1,0,0,0,0,0,0,0,1,0,0,0,1,0,1,0,1,0,1,1,1,0,0,0,1
4,20.7,73.05,18.2625,1,0,0,0,1,0,0,0,1,1,0,1,0,1,0,1,0,1,0,1,0,0,0,0,0,0,1,0,0
3,79.4,244.65,81.55,0,0,0,0,1,0,0,1,0,0,0,0,0,0,0,0,0,0,1,0,0,0,0,1,0,1,0,0,0
17,64.7,1093.1,64.3,0,0,0,1,1,0,0,0,0,0,0,0,0,0,0,0,0,0,1,0,1,0,0,1,0,0,1,1,0
52,79.75,4217.8,81.11153846153846,1,0,0,0,1,0,1,0,0,0,1,0,0,0,0,0,1,0,1,0,1,0,1,1,1,0,0,0,1
2,20.3,31.9,15.95,0,0,1,1,1,0,0,0,1,1,0,1,0,1,0,1,0,1,0,1,0,1,0,0,0,0,1,0,0
14,105.95,1348.9,96.35000000000001,0,0,1,0,1,0,0,1,0,0,1,0,1,0,0,0,1,0,1,0,1,1,0,0,0,0,1,1,0
10,70.3,676.15,67.615,0,0,1,1,1,0,1,0,0,0,1,0,1,0,0,0,0,0,1,0,0,1,0,0,0,1,0,0,0
2,20.25,36.8,18.4,1,0,0,0,1,0,0,0,1,1,0,1,0,1,0,1,0,1,0,1,0,0,0,0,0,0,1,0,0
57,59.6,3509.4,61.56842105263158,1,0,1,1,1,0,0,0,0,0,1,0,1,0,0,0,1,0,0,0,0,1,0,0,0,0,1,0,1
13,70.45,849.1,65.31538461538462,1,1,1,0,1,0,0,1,0,0,0,0,0,0,0,0,0,0,0,0,0,0,0,0,0,0,0,1,0
64,102.1,6688.1,104.5015625,1,1,0,0,1,0,1,1,0,0,0,0,0,0,1,0,1,0,1,0,1,1,0,0,0,1,0,0,1
57,41.1,2258.25,39.61842105263158,0,0,0,0,0,1,0,0,0,0,1,0,0,0,1,0,1,0,0,0,0,1,0,1,1,0,0,0,1
71,76.05,5436.45,76.56971830985916,0,0,1,1,1,0,0,1,0,0,0,0,0,0,1,0,0,0,0,0,0,0,1,0,0,1,0,0,1
1,70.6,70.6,70.6,1,0,0,0,1,0,0,1,0,0,0,0,0,0,0,0,0,0,0,0,0,0,0,1,0,0,1,0,0
1,75.1,75.1,75.1,0,0,0,0,1,0,1,1,0,0,0,0,0,0,0,0,0,0,0,0,0,0,0,1,0,1,0,0,0
1,44.6,44.6,44.6,1,0,0,0,1,0,0,0,0,0,0,0,0,0,0,0,0,0,0,0,0,0,0,0,0,0,1,0,0
53,95.85,5016.25,94.64622641509433,0,1,1,0,1,0,1,1,0,0,0,0,0,0,0,0,0,0,1,0,1,1,0,1,1,0,0,0,1
1,60.15,60.15,60.15,0,0,0,0,1,0,1,0,0,0,0,0,0,0,0,0,0,0,0,0,1,0,0,1,0,1,0,0,0
60,97.95,5867.0,97.78333333333333,1,1,1,0,1,0,0,1,0,0,0,0,1,0,1,0,0,0,1,0,1,1,0,1,0,1,0,0,1
1,45.0,45.0,45.0,0,0,1,0,1,0,0,0,0,0,0,0,0,0,0,0,0,0,0,0,0,0,0,1,0,1,0,0,0
16,81.0,1312.15,82.009375,0,0,0,1,1,0,0,1,0,0,0,0,0,0,0,0,0,0,1,0,0,0,0,1,0,1,0,1,0
70,19.7,1341.5,19.164285714285715,0,0,0,0,1,0,0,0,1,1,0,1,0,1,0,1,0,1,0,1,0,1,0,0,0,0,0,0,1
66,89.0,5898.6,89.37272727272727,0,0,1,0,1,0,1,1,0,0,1,0,1,0,0,0,1,0,0,0,0,1,0,0,0,1,0,0,1
25,79.85,2015.35,80.61399999999999,0,0,0,0,1,0,0,1,0,0,1,0,1,0,0,0,0,0,0,0,0,0,0,1,0,0,0,1,0
1,19.15,19.15,19.15,0,0,0,0,1,0,0,0,1,1,0,1,0,1,0,1,0,1,0,1,0,0,0,0,0,0,1,0,0
37,67.45,2443.3,66.03513513513514,1,0,0,0,1,0,1,0,0,0,1,0,1,0,1,0,1,0,0,0,0,1,0,0,0,1,0,0,1
1,19.45,19.45,19.45,1,0,0,1,1,0,0,0,1,1,0,1,0,1,0,1,0,1,0,1,0,0,0,1,0,0,1,0,0
4,79.15,317.25,79.3125,0,0,0,0,1,0,0,1,0,0,0,0,0,0,0,0,0,0,0,0,1,0,0,1,0,1,0,0,0
3,44.6,122.7,40.9,0,0,0,0,1,0,0,0,0,0,0,0,0,0,0,0,0,0,0,0,0,0,0,0,0,1,0,0,0
29,66.1,1912.15,65.93620689655172,0,0,0,0,1,0,1,0,0,0,1,0,0,0,0,0,0,0,0,0,1,0,0,1,0,1,0,1,0
61,75.35,4729.3,77.52950819672131,1,0,1,0,1,0,1,0,0,0,1,0,0,0,1,0,1,0,0,0,1,0,1,0,1,0,0,0,1
72,116.75,8277.05,114.95902777777776,0,1,1,0,1,0,1,1,0,0,1,0,1,0,1,0,1,0,1,0,1,0,1,1,1,0,0,0,1
68,103.25,7074.4,104.03529411764706,1,0,1,1,1,0,0,1,0,0,1,0,1,0,1,0,0,0,1,0,1,0,1,1,1,0,0,0,1
1,20.15,20.15,20.15,1,0,0,0,1,0,0,0,1,1,0,1,0,1,0,1,0,1,0,1,0,0,0,0,0,0,1,0,0
51,19.55,1086.75,21.308823529411764,1,0,1,1,1,0,0,0,1,1,0,1,0,1,0,1,0,1,0,1,0,0,1,0,1,0,0,0,1
8,103.35,847.3,105.9125,0,0,0,0,1,0,1,1,0,0,1,0,0,0,0,0,1,0,1,0,1,0,0,1,0,0,0,0,0
69,110.05,7430.75,107.69202898550725,1,0,0,0,1,0,1,1,0,0,1,0,1,0,1,0,0,0,1,0,1,0,1,1,1,0,0,0,1
14,19.35,324.8,23.2,1,0,0,0,1,0,0,0,1,1,0,1,0,1,0,1,0,1,0,1,0,1,0,0,0,0,1,1,0
62,101.35,6164.7,99.43064516129031,0,0,1,0,1,0,1,1,0,0,0,0,0,0,1,0,0,0,1,0,1,0,0,1,0,1,0,0,1
50,83.4,4113.7,82.274,0,1,0,0,1,0,1,1,0,0,1,0,1,0,0,0,0,0,0,0,0,0,0,1,0,1,0,0,1
71,84.8,6046.1,85.15633802816902,0,0,1,0,1,0,0,0,0,0,1,0,1,0,1,0,1,0,1,0,1,1,0,1,0,0,0,0,1
38,62.3,2354.8,61.968421052631584,1,0,0,0,1,0,0,0,0,0,0,0,0,0,1,0,1,0,0,0,1,1,0,1,0,0,1,0,1
58,98.7,5812.6,100.21724137931035,1,1,1,0,1,0,1,1,0,0,0,0,0,0,1,0,0,0,1,0,1,0,0,1,0,1,0,0,1
48,24.35,1133.7,23.618750000000002,0,0,0,0,1,0,1,0,1,1,0,1,0,1,0,1,0,1,0,1,0,1,0,0,0,0,0,0,1
2,40.4,77.15,38.575,1,0,0,0,0,1,0,0,0,0,0,0,1,0,1,0,1,0,0,0,0,0,0,1,1,0,0,0,0
29,60.2,1834.15,63.24655172413794,1,0,1,1,1,0,0,0,0,0,1,0,0,0,0,0,0,0,0,0,1,0,0,1,0,0,1,1,0
66,58.2,3810.8,57.73939393939394,0,0,1,1,1,0,0,0,0,0,1,0,1,0,0,0,1,0,0,0,0,0,1,1,1,0,0,0,1
66,104.05,6890.0,104.39393939393939,1,0,1,0,1,0,1,1,0,0,0,0,1,0,0,0,1,0,1,0,1,1,0,1,0,1,0,0,1
54,46.0,2424.05,44.88981481481482,1,0,1,1,0,1,0,0,0,0,0,0,0,0,1,0,1,0,0,0,1,0,1,0,1,0,0,0,1
66,59.75,3996.8,60.55757575757576,0,0,1,1,1,0,0,0,0,0,1,0,0,0,0,0,0,0,1,0,0,0,1,1,0,1,0,0,1
18,20.1,401.85,22.325000000000003,1,0,0,0,1,0,0,0,1,1,0,1,0,1,0,1,0,1,0,1,0,1,0,0,0,0,1,1,0
2,34.7,62.25,31.125,0,0,0,0,0,1,0,0,0,0,0,0,0,0,0,0,0,0,0,0,1,0,0,1,0,1,0,0,0
3,19.6,61.35,20.45,1,0,0,0,1,0,0,0,1,1,0,1,0,1,0,1,0,1,0,1,0,1,0,0,0,0,1,0,0
1,25.1,25.1,25.1,1,1,0,0,0,1,0,0,0,0,0,0,0,0,0,0,0,0,0,0,0,0,0,1,0,1,0,0,0
1,19.0,19.0,19.0,0,0,1,1,1,0,0,0,1,1,0,1,0,1,0,1,0,1,0,1,0,0,0,1,0,0,1,0,0
49,85.3,4297.95,87.71326530612245,1,0,1,0,1,0,0,1,0,0,0,0,1,0,0,0,0,0,1,0,0,0,0,1,1,0,0,0,1
72,85.9,6110.75,84.87152777777777,0,0,1,1,1,0,1,0,0,0,1,0,0,0,1,0,1,0,1,0,1,0,1,1,1,0,0,0,1
2,44.5,90.05,45.025,1,0,1,1,1,0,0,0,0,0,0,0,0,0,0,0,0,0,0,0,0,0,0,1,0,1,0,0,0
11,20.55,184.95,16.813636363636363,1,0,1,0,1,0,0,0,1,1,0,1,0,1,0,1,0,1,0,1,0,1,0,1,0,0,1,0,0
3,19.3,54.7,18.233333333333334,0,0,1,1,1,0,0,0,1,1,0,1,0,1,0,1,0,1,0,1,0,0,0,0,0,0,1,0,0
33,88.6,2888.7,87.53636363636363,0,0,1,1,1,0,1,1,0,0,0,0,1,0,1,0,1,0,0,0,0,0,0,0,1,0,0,1,0
8,25.5,215.2,26.9,1,0,0,1,0,1,0,0,0,0,0,0,0,0,0,0,0,0,0,0,0,0,0,0,0,0,1,0,0
63,98.0,6218.45,98.70555555555555,0,0,0,0,1,0,1,1,0,0,1,0,1,0,1,0,0,0,1,0,0,0,1,0,1,0,0,0,1
11,20.1,221.35,20.12272727272727,0,0,0,1,1,0,0,0,1,1,0,1,0,1,0,1,0,1,0,1,0,0,0,0,1,0,0,0,0
36,40.65,1547.35,42.981944444444444,0,0,1,1,0,1,0,0,0,0,1,0,0,0,1,0,1,0,0,0,0,0,1,0,1,0,0,1,0
8,94.75,759.55,94.94375,1,0,1,1,1,0,0,1,0,0,0,0,0,0,1,0,0,0,1,0,1,0,0,1,0,1,0,0,0
10,34.7,329.8,32.980000000000004,0,1,0,0,0,1,0,0,0,0,0,0,0,0,0,0,0,0,0,0,1,0,0,1,0,1,0,0,0
3,75.1,270.7,90.23333333333333,0,0,0,0,1,0,1,1,0,0,0,0,0,0,0,0,0,0,0,0,0,0,0,1,1,0,0,0,0
29,68.85,1970.5,67.94827586206897,0,0,0,0,1,0,0,0,0,0,1,0,1,0,1,0,0,0,0,0,1,0,0,1,0,0,0,1,0
64,53.85,3399.85,53.12265625,0,0,1,1,1,0,1,0,0,0,0,0,1,0,0,0,0,0,0,0,0,1,0,1,0,0,0,0,1
50,108.25,5431.4,108.62799999999999,1,0,1,1,1,0,1,1,0,0,1,0,1,0,1,0,0,0,1,0,1,1,0,1,0,1,0,0,1
1,69.75,69.75,69.75,1,1,0,0,1,0,0,1,0,0,0,0,0,0,0,0,0,0,0,0,0,0,0,1,0,1,0,0,0
7,75.15,496.9,70.98571428571428,0,0,1,0,1,0,0,1,0,0,0,0,0,0,1,0,0,0,0,0,0,0,0,1,0,0,0,0,0
14,51.45,727.85,51.989285714285714,0,0,0,0,1,0,0,0,0,0,0,0,1,0,0,0,0,0,0,0,0,1,0,0,1,0,0,1,0
1,70.6,70.6,70.6,1,0,0,0,1,0,0,1,0,0,0,0,0,0,0,0,0,0,0,0,0,0,0,0,0,0,1,0,0
3,70.3,235.5,78.5,0,1,0,0,1,0,0,1,0,0,0,0,0,0,0,0,0,0,0,0,0,0,0,1,0,1,0,0,0
3,64.6,174.2,58.06666666666666,0,0,0,0,1,0,1,0,0,0,0,0,0,0,0,0,1,0,1,0,0,0,0,0,0,1,0,0,0
2,75.9,143.35,71.675,0,0,0,0,1,0,1,1,0,0,0,0,0,0,0,0,0,0,0,0,0,0,0,1,0,1,0,0,0
36,35.35,1317.95,36.609722222222224,1,0,1,0,0,1,0,0,0,0,1,0,0,0,1,0,0,0,0,0,0,1,0,0,0,0,1,1,0
68,103.75,7039.45,103.52132352941176,0,0,1,1,1,0,1,1,0,0,0,0,1,0,0,0,1,0,1,0,1,0,1,1,1,0,0,0,1
33,83.85,2716.3,82.31212121212121,1,1,0,0,1,0,1,1,0,0,0,0,1,0,1,0,0,0,0,0,0,0,0,1,1,0,0,1,0
9,98.3,923.5,102.61111111111111,0,0,0,0,1,0,1,1,0,0,0,0,0,0,1,0,0,0,1,0,1,0,0,0,1,0,0,0,0
32,85.0,2642.05,82.5640625,1,1,1,0,1,0,1,1,0,0,0,0,0,0,0,0,0,0,0,0,1,0,0,1,0,1,0,1,0
22,54.2,1152.7,52.39545454545455,1,0,1,0,1,0,0,0,0,0,1,0,0,0,0,0,1,0,0,0,0,0,0,1,0,1,0,1,0
19,89.1,1620.8,85.30526315789473,0,0,1,0,1,0,1,1,0,0,0,0,1,0,0,0,0,0,0,0,1,0,0,1,0,1,0,1,0
67,60.4,3953.7,59.01044776119403,1,0,1,1,1,0,0,0,0,0,1,0,0,0,1,0,1,0,0,0,0,0,1,1,0,0,0,0,1
41,19.7,804.25,19.615853658536587,0,0,1,1,1,0,0,0,1,1,0,1,0,1,0,1,0,1,0,1,0,0,1,0,0,0,0,0,1
3,85.8,272.2,90.73333333333333,0,0,0,0,1,0,0,1,0,0,0,0,0,0,0,0,1,0,0,0,1,0,0,0,0,1,0,0,0
52,19.65,1025.05,19.7125,1,0,0,0,1,0,0,0,1,1,0,1,0,1,0,1,0,1,0,1,0,0,1,0,0,0,1,0,1
1,81.95,81.95,81.95,0,0,0,0,1,0,0,1,0,0,0,0,0,0,0,0,0,0,0,0,1,0,0,1,0,1,0,0,0
2,65.7,134.35,67.175,0,0,1,1,1,0,0,0,0,0,0,0,0,0,0,0,0,0,1,0,1,0,0,0,0,0,1,0,0
2,87.15,183.75,91.875,0,0,0,0,1,0,0,1,0,0,0,0,1,0,0,0,0,0,1,0,0,0,0,1,0,0,0,0,0
8,19.35,152.6,19.075,1,0,1,1,1,0,0,0,1,1,0,1,0,1,0,1,0,1,0,1,0,0,0,1,0,0,1,0,0
42,95.55,3930.6,93.58571428571429,0,1,1,0,1,0,1,1,0,0,0,0,1,0,1,0,0,0,1,0,0,0,0,1,0,1,0,0,1
13,70.15,916.75,70.51923076923077,0,1,1,0,1,0,0,1,0,0,0,0,0,0,0,0,0,0,0,0,0,0,0,1,0,1,0,1,0
8,71.15,563.65,70.45625,0,0,0,0,1,0,1,0,0,0,1,0,0,0,0,0,1,0,0,0,1,0,0,0,0,1,0,0,0
53,19.05,990.45,18.687735849056605,0,0,1,0,1,0,0,0,1,1,0,1,0,1,0,1,0,1,0,1,0,1,0,0,1,0,0,0,1
15,83.2,1130.0,75.33333333333333,0,0,0,0,1,0,0,1,0,0,0,0,1,0,0,0,0,0,1,0,0,0,0,1,0,0,0,1,0
39,50.75,2011.4,51.57435897435898,0,0,0,0,0,1,0,0,0,0,0,0,0,0,1,0,0,0,1,0,1,0,0,1,0,1,0,0,1
27,36.5,1032.0,38.22222222222222,1,1,1,0,0,1,0,0,0,0,0,0,0,0,0,0,0,0,0,0,1,0,0,0,0,0,0,1,0
1,100.25,100.25,100.25,0,0,0,0,1,0,1,1,0,0,0,0,1,0,0,0,0,0,1,0,1,0,0,1,1,0,0,0,0
46,21.1,937.1,20.371739130434783,0,0,0,0,1,0,0,0,1,1,0,1,0,1,0,1,0,1,0,1,0,0,1,1,0,1,0,0,1
17,80.5,1336.9,78.64117647058823,1,0,1,0,1,0,1,1,0,0,0,0,1,0,0,0,0,0,0,0,0,0,0,1,0,0,0,1,0
51,19.4,997.75,19.563725490196077,1,0,1,1,1,0,0,0,1,1,0,1,0,1,0,1,0,1,0,1,0,1,0,0,0,0,1,0,1
9,85.3,781.4,86.82222222222222,0,0,0,0,1,0,0,1,0,0,0,0,0,0,1,0,0,0,0,0,1,0,0,1,1,0,0,0,0
45,100.15,4459.8,99.10666666666667,0,1,0,0,1,0,1,1,0,0,0,0,0,0,1,0,0,0,1,0,1,1,0,1,0,0,0,0,1
69,105.0,7297.75,105.76449275362319,1,0,1,1,1,0,1,1,0,0,0,0,1,0,1,0,0,0,1,0,1,0,1,1,0,1,0,0,1
57,19.75,1272.05,22.316666666666666,0,0,1,1,1,0,0,0,1,1,0,1,0,1,0,1,0,1,0,1,0,0,1,0,0,0,0,0,1
22,49.45,1031.4,46.88181818181818,0,0,0,1,0,1,0,0,0,0,0,0,0,0,1,0,0,0,1,0,1,1,0,1,1,0,0,1,0
1,80.55,80.55,80.55,1,0,0,0,1,0,0,1,0,0,0,0,0,0,0,0,0,0,1,0,0,0,0,1,0,1,0,0,0
10,51.65,524.5,52.45,1,0,0,0,1,0,0,0,0,0,1,0,0,0,0,0,0,0,0,0,0,0,0,1,0,0,1,0,0
32,20.05,614.45,19.2015625,1,0,0,0,1,0,0,0,1,1,0,1,0,1,0,1,0,1,0,1,0,0,1,1,0,0,0,1,0
16,79.95,1267.95,79.246875,0,0,1,1,1,0,1,1,0,0,0,0,1,0,0,0,0,0,0,0,0,0,0,1,1,0,0,1,0
57,95.0,5535.8,97.11929824561403,0,0,1,1,1,0,0,1,0,0,0,0,1,0,0,0,0,0,1,0,1,1,0,1,0,1,0,0,1
18,19.65,391.7,21.76111111111111,0,0,0,0,1,0,0,0,1,1,0,1,0,1,0,1,0,1,0,1,0,0,0,0,0,0,1,1,0
41,66.5,2728.6,66.55121951219512,0,0,1,1,1,0,0,0,0,0,0,0,1,0,0,0,1,0,0,0,1,1,0,1,0,0,0,0,1
14,76.45,1117.55,79.825,1,0,0,0,1,0,0,1,0,0,0,0,0,0,1,0,0,0,0,0,0,0,0,0,0,1,0,1,0
9,94.75,889.9,98.87777777777778,0,0,0,0,1,0,1,1,0,0,0,0,0,0,0,0,0,0,1,0,1,0,0,1,0,1,0,0,0
13,100.8,1308.1,100.62307692307692,0,1,0,0,1,0,1,1,0,0,1,0,0,0,0,0,0,0,1,0,1,0,0,1,0,1,0,1,0
1,75.1,75.1,75.1,1,0,0,0,1,0,1,1,0,0,0,0,0,0,0,0,0,0,0,0,0,0,0,1,0,1,0,0,0
68,100.3,6754.35,99.32867647058823,1,0,1,0,1,0,0,1,0,0,0,0,1,0,0,0,1,0,1,0,1,1,0,1,0,1,0,0,1
48,20.2,1027.25,21.401041666666668,0,0,1,1,1,0,0,0,1,1,0,1,0,1,0,1,0,1,0,1,0,0,1,0,0,0,0,0,1
13,106.9,1364.3,104.94615384615385,1,1,0,0,1,0,1,1,0,0,0,0,1,0,1,0,0,0,1,0,1,0,0,1,0,1,0,1,0
2,55.1,113.35,56.675,1,0,0,0,1,0,0,0,0,0,1,0,0,0,1,0,0,0,0,0,0,0,0,1,0,0,1,0,0
32,74.75,2282.95,71.3421875,0,0,0,0,1,0,1,0,0,0,1,0,0,0,0,0,0,0,1,0,1,1,0,0,0,0,1,1,0
51,60.5,3145.15,61.66960784313726,0,0,1,0,1,0,0,0,0,0,1,0,1,0,0,0,1,0,0,0,0,1,0,1,0,0,0,0,1
1,69.55,69.55,69.55,0,0,0,0,1,0,0,1,0,0,0,0,0,0,0,0,0,0,0,0,0,0,0,0,0,0,1,0,0
25,19.9,527.5,21.1,0,0,0,0,1,0,0,0,1,1,0,1,0,1,0,1,0,1,0,1,0,1,0,0,1,0,0,1,0
14,18.8,255.55,18.25357142857143,0,0,1,1,1,0,0,0,1,1,0,1,0,1,0,1,0,1,0,1,0,0,1,0,0,0,1,1,0
30,70.25,2198.9,73.29666666666667,0,0,1,0,1,0,0,0,0,0,0,0,1,0,1,0,1,0,0,0,1,1,0,0,0,0,0,1,0
72,117.5,8670.1,120.41805555555555,0,0,1,1,1,0,1,1,0,0,1,0,1,0,1,0,1,0,1,0,1,0,1,0,1,0,0,0,1
56,85.6,4902.8,87.55,0,0,1,0,1,0,1,1,0,0,0,0,0,0,0,0,0,0,1,0,0,0,0,1,0,0,0,0,1
72,97.95,7114.25,98.80902777777777,1,0,1,0,1,0,1,1,0,0,1,0,1,0,1,0,0,0,1,0,0,0,1,1,1,0,0,0,1
53,19.4,1110.35,20.95,1,0,1,1,1,0,0,0,1,1,0,1,0,1,0,1,0,1,0,1,0,0,1,1,0,0,1,0,1
3,55.9,157.55,52.51666666666667,1,0,0,1,1,0,0,0,0,0,1,0,0,0,1,0,0,0,0,0,0,0,0,0,0,0,1,0,0
39,75.25,3017.65,77.37564102564103,1,0,0,0,1,0,1,1,0,0,0,0,0,0,0,0,0,0,0,0,0,0,0,0,0,1,0,0,1
40,101.3,4113.1,102.82750000000001,1,0,1,0,1,0,1,1,0,0,0,0,1,0,0,0,0,0,1,0,1,0,0,1,0,1,0,0,1
60,19.95,1189.9,19.831666666666667,1,0,0,1,1,0,0,0,1,1,0,1,0,1,0,1,0,1,0,1,0,0,1,0,0,0,1,0,1
68,80.65,5330.2,78.38529411764705,0,0,0,0,1,0,1,0,0,0,0,0,1,0,1,0,0,0,1,0,1,0,1,1,0,1,0,0,1
52,79.2,4016.3,77.23653846153846,1,0,1,1,1,0,0,0,0,0,1,0,1,0,1,0,0,0,1,0,1,0,1,0,0,1,0,0,1
23,40.65,947.4,41.19130434782608,1,0,0,1,0,1,0,0,0,0,1,0,1,0,0,0,1,0,0,0,0,1,0,0,0,0,0,1,0
61,81.05,4747.65,77.83032786885245,1,0,1,0,1,0,0,0,0,0,1,0,1,0,0,0,1,0,1,0,1,0,1,1,0,0,1,0,1
67,19.25,1372.9,20.491044776119406,0,0,1,1,1,0,0,0,1,1,0,1,0,1,0,1,0,1,0,1,0,0,1,1,0,0,0,0,1
66,85.9,5595.3,84.77727272727273,1,0,1,0,1,0,0,0,0,0,1,0,1,0,1,0,1,0,1,0,1,0,1,1,0,0,0,0,1
8,24.4,203.95,25.49375,1,0,1,1,1,0,1,0,1,1,0,1,0,1,0,1,0,1,0,1,0,1,0,0,0,0,1,0,0
35,59.45,2136.9,61.05428571428572,0,0,1,1,1,0,1,0,0,0,1,0,1,0,0,0,0,0,0,0,0,0,0,1,1,0,0,1,0
62,38.6,2345.55,37.83145161290323,1,0,1,0,0,1,0,0,0,0,1,0,1,0,0,0,1,0,0,0,0,0,1,1,1,0,0,0,1
1,83.4,83.4,83.4,0,0,0,0,1,0,0,1,0,0,1,0,1,0,0,0,1,0,0,0,0,0,0,1,0,0,1,0,0
1,20.45,20.45,20.45,1,0,0,0,1,0,0,0,1,1,0,1,0,1,0,1,0,1,0,1,0,0,0,1,0,0,1,0,0
41,19.3,772.4,18.839024390243903,0,0,1,1,1,0,0,0,1,1,0,1,0,1,0,1,0,1,0,1,0,0,1,0,0,0,0,0,1
72,98.35,6929.4,96.24166666666666,1,1,1,0,1,0,1,1,0,0,0,0,1,0,0,0,0,0,1,0,1,0,1,0,0,0,0,0,1
5,92.5,452.7,90.53999999999999,1,0,0,0,1,0,1,1,0,0,0,0,0,0,1,0,0,0,1,0,0,0,0,1,0,1,0,0,0
71,114.6,8100.25,114.08802816901408,0,0,1,1,1,0,1,1,0,0,1,0,1,0,1,0,1,0,1,0,1,0,1,0,0,0,0,0,1
1,73.65,73.65,73.65,1,1,0,0,1,0,1,1,0,0,0,0,0,0,0,0,0,0,0,0,0,0,0,1,0,1,0,0,0
1,43.85,43.85,43.85,1,0,0,0,1,0,0,0,0,0,0,0,0,0,0,0,0,0,0,0,0,0,0,1,0,0,0,0,0
62,26.0,1638.7,26.43064516129032,0,0,0,1,1,0,1,0,1,1,0,1,0,1,0,1,0,1,0,1,0,0,1,0,0,0,0,0,1
47,21.3,1041.8,22.16595744680851,0,0,1,1,1,0,0,0,1,1,0,1,0,1,0,1,0,1,0,1,0,0,1,1,0,0,0,0,1
16,94.45,1511.2,94.45,0,1,0,0,1,0,0,1,0,0,0,0,0,0,0,0,1,0,1,0,1,0,0,1,0,1,0,1,0
61,101.15,6383.9,104.65409836065574,0,0,1,0,1,0,1,1,0,0,0,0,0,0,0,0,1,0,1,0,1,1,0,0,0,0,0,0,1
23,19.3,486.2,21.139130434782608,1,0,1,0,1,0,0,0,1,1,0,1,0,1,0,1,0,1,0,1,0,1,0,0,1,0,0,1,0
12,89.4,1095.65,91.30416666666667,0,0,0,0,1,0,0,1,0,0,0,0,0,0,1,0,1,0,0,0,1,0,0,1,0,1,0,0,0
27,80.85,2204.35,81.64259259259259,1,0,1,0,1,0,1,0,0,0,1,0,0,0,0,0,1,0,1,0,1,1,0,0,0,0,1,1,0
38,20.25,814.75,21.44078947368421,0,0,1,0,1,0,0,0,1,1,0,1,0,1,0,1,0,1,0,1,0,1,0,1,1,0,0,0,1
29,20.0,599.3,20.66551724137931,0,0,0,0,1,0,0,0,1,1,0,1,0,1,0,1,0,1,0,1,0,1,0,0,0,0,1,1,0
64,25.55,1714.95,26.79609375,0,0,1,0,1,0,1,0,1,1,0,1,0,1,0,1,0,1,0,1,0,0,1,0,0,0,1,0,1
51,20.65,1020.75,20.014705882352942,0,0,0,0,1,0,0,0,1,1,0,1,0,1,0,1,0,1,0,1,0,0,1,0,0,0,0,0,1
51,59.9,3043.6,59.67843137254902,1,0,0,0,1,0,1,0,0,0,1,0,0,0,0,0,1,0,0,0,0,1,0,0,1,0,0,0,1
27,49.0,1291.35,47.827777777777776,1,0,0,0,1,0,1,0,0,0,0,0,0,0,0,0,0,0,0,0,0,0,0,0,0,0,1,1,0
5,63.95,318.1,63.620000000000005,1,0,0,0,1,0,0,0,0,0,0,0,0,0,1,0,1,0,1,0,0,0,0,1,1,0,0,0,0
72,95.1,6843.15,95.04374999999999,0,0,1,1,1,0,1,1,0,0,1,0,1,0,0,0,0,0,1,0,0,0,1,1,0,1,0,0,1
51,78.65,3950.85,77.46764705882353,0,0,1,0,1,0,1,0,0,0,0,0,1,0,0,0,1,0,1,0,1,1,0,1,1,0,0,0,1
14,89.8,1129.1,80.64999999999999,0,0,0,0,1,0,0,1,0,0,0,0,0,0,0,0,0,0,1,0,1,0,0,1,0,0,1,1,0
22,55.1,1253.15,56.96136363636364,1,0,0,0,1,0,0,0,0,0,1,0,0,0,0,0,1,0,0,0,0,0,0,0,0,0,1,1,0
41,102.6,4213.35,102.76463414634148,1,0,1,1,1,0,1,1,0,0,0,0,0,0,1,0,1,0,1,0,1,1,0,1,0,1,0,0,1
42,20.75,844.45,20.10595238095238,0,0,0,0,1,0,0,0,1,1,0,1,0,1,0,1,0,1,0,1,0,0,1,1,0,0,0,0,1
4,70.15,268.35,67.0875,0,0,0,0,1,0,0,1,0,0,0,0,0,0,0,0,0,0,0,0,0,0,0,1,0,1,0,0,0
72,90.35,6563.4,91.15833333333333,0,0,1,1,1,0,1,1,0,0,1,0,1,0,0,0,1,0,0,0,0,0,1,1,0,0,0,0,1
4,20.05,85.5,21.375,0,0,0,1,1,0,0,0,1,1,0,1,0,1,0,1,0,1,0,1,0,0,0,1,0,0,0,0,0
20,60.0,1259.35,62.967499999999994,0,1,1,0,1,0,0,0,0,0,0,0,1,0,0,0,0,0,0,0,1,0,0,1,0,1,0,1,0
22,65.25,1441.8,65.53636363636363,0,0,0,0,1,0,0,0,0,0,0,0,1,0,1,0,0,0,1,0,0,1,0,0,0,0,0,1,0
37,104.5,3778.0,102.10810810810811,1,0,0,0,1,0,1,1,0,0,0,0,1,0,0,0,1,0,1,0,1,1,0,1,1,0,0,0,1
1,49.55,49.55,49.55,0,0,0,0,1,0,0,0,0,0,1,0,0,0,0,0,0,0,0,0,0,0,0,0,0,0,0,0,0
20,98.55,1842.8,92.14,1,1,0,0,1,0,1,1,0,0,0,0,0,0,1,0,0,0,1,0,1,0,0,1,0,1,0,1,0
25,74.6,1797.75,71.91,0,0,1,0,1,0,0,1,0,0,0,0,0,0,1,0,0,0,0,0,0,0,0,1,0,1,0,1,0
4,78.45,330.05,82.5125,1,0,0,0,1,0,1,1,0,0,0,0,1,0,0,0,0,0,0,0,0,0,0,0,0,1,0,0,0
72,25.55,1867.7,25.94027777777778,1,0,1,1,1,0,1,0,1,1,0,1,0,1,0,1,0,1,0,1,0,0,1,0,1,0,0,0,1
32,19.4,641.15,20.0359375,0,0,1,0,1,0,0,0,1,1,0,1,0,1,0,1,0,1,0,1,0,0,0,0,0,0,0,1,0
59,19.5,1222.65,20.722881355932206,0,0,1,1,1,0,0,0,1,1,0,1,0,1,0,1,0,1,0,1,0,0,1,0,1,0,0,0,1
35,19.25,617.65,17.647142857142857,0,0,0,0,1,0,0,0,1,1,0,1,0,1,0,1,0,1,0,1,0,0,0,0,0,0,0,1,0
53,62.85,3419.5,64.51886792452831,1,0,0,1,1,0,0,0,0,0,1,0,1,0,0,0,1,0,0,0,0,1,0,0,1,0,0,0,1
71,79.05,5552.5,78.20422535211267,1,0,0,0,1,0,1,1,0,0,0,0,1,0,0,0,0,0,0,0,0,1,0,1,1,0,0,0,1
11,97.85,1105.4,100.4909090909091,0,0,0,0,1,0,1,1,0,0,0,0,0,0,1,0,0,0,1,0,1,0,0,1,0,0,0,0,0
52,19.85,1070.5,20.58653846153846,0,0,1,1,1,0,0,0,1,1,0,1,0,1,0,1,0,1,0,1,0,0,1,0,0,0,1,0,1
43,35.2,1463.7,34.03953488372093,1,0,0,0,0,1,0,0,0,0,1,0,0,0,1,0,0,0,0,0,0,1,0,1,1,0,0,0,1
23,25.6,514.75,22.380434782608695,0,0,1,1,1,0,1,0,1,1,0,1,0,1,0,1,0,1,0,1,0,0,1,1,1,0,0,1,0
11,50.55,565.35,51.39545454545455,0,0,1,1,0,1,0,0,0,0,1,0,0,0,0,0,0,0,1,0,1,0,0,0,0,1,0,0,0
28,105.7,2979.5,106.41071428571429,1,0,0,0,1,0,1,1,0,0,0,0,1,0,1,0,0,0,1,0,1,0,0,1,0,1,0,1,0
63,99.65,6311.2,100.17777777777778,0,0,1,1,1,0,1,1,0,0,1,0,0,0,0,0,0,0,1,0,1,1,0,1,1,0,0,0,1
13,59.9,788.35,60.642307692307696,1,1,0,0,1,0,0,0,0,0,0,0,1,0,0,0,0,0,1,0,0,0,0,1,0,1,0,1,0
17,94.4,1617.5,95.1470588235294,0,0,0,0,1,0,1,1,0,0,1,0,1,0,0,0,0,0,1,0,0,0,0,1,0,1,0,1,0
3,86.05,244.85,81.61666666666666,1,0,0,0,1,0,0,1,0,0,1,0,0,0,0,0,0,0,0,0,1,0,0,1,0,0,1,0,0
4,45.65,191.05,47.7625,0,0,0,0,1,0,0,0,0,0,0,0,0,0,0,0,0,0,0,0,0,0,0,0,0,0,1,0,0
47,87.2,4017.45,85.47765957446808,1,0,1,1,1,0,1,1,0,0,0,0,1,0,0,0,0,0,1,0,0,0,0,0,0,1,0,0,1
69,59.1,4134.7,59.9231884057971,0,0,1,1,1,0,0,0,0,0,0,0,1,0,1,0,1,0,0,0,0,1,0,0,0,0,0,0,1
3,79.1,246.5,82.16666666666667,0,0,0,0,1,0,0,1,0,0,1,0,1,0,0,0,0,0,0,0,0,0,0,1,0,1,0,0,0
11,25.0,300.7,27.336363636363636,0,0,1,1,1,0,1,0,1,1,0,1,0,1,0,1,0,1,0,1,0,0,1,0,0,0,1,0,0
8,94.45,742.95,92.86875,0,1,0,0,1,0,0,1,0,0,0,0,0,0,1,0,0,0,1,0,1,0,0,1,1,0,0,0,0
4,19.0,78.9,19.725,1,0,0,0,1,0,0,0,1,1,0,1,0,1,0,1,0,1,0,1,0,0,0,0,0,0,1,0,0
53,53.6,2879.2,54.32452830188679,0,0,0,0,0,1,0,0,0,0,1,0,1,0,1,0,1,0,1,0,0,1,0,1,0,1,0,0,1
20,20.0,417.65,20.8825,0,0,1,1,1,0,0,0,1,1,0,1,0,1,0,1,0,1,0,1,0,0,0,0,0,1,0,1,0
5,45.4,214.75,42.95,1,1,0,0,0,1,0,0,0,0,0,0,0,0,1,0,1,0,1,0,0,0,0,0,1,0,0,0,0
4,70.05,266.9,66.725,0,0,0,0,1,0,0,1,0,0,0,0,0,0,0,0,0,0,0,0,0,0,0,1,1,0,0,0,0
62,65.1,3846.75,62.04435483870968,0,0,0,0,1,0,0,0,0,0,1,0,0,0,0,0,1,0,0,0,1,0,1,1,0,0,1,0,1
44,89.15,3990.75,90.69886363636364,0,1,0,0,1,0,0,1,0,0,0,0,1,0,1,0,0,0,0,0,1,1,0,0,1,0,0,0,1
3,19.8,58.15,19.383333333333333,1,0,0,0,1,0,0,0,1,1,0,1,0,1,0,1,0,1,0,1,0,0,0,1,0,0,1,0,0
72,84.2,5986.55,83.14652777777778,0,0,1,1,1,0,1,0,0,0,1,0,0,0,1,0,1,0,1,0,1,0,1,1,0,0,0,0,1
12,19.7,258.35,21.52916666666667,1,0,1,1,1,0,0,0,1,1,0,1,0,1,0,1,0,1,0,1,0,0,1,0,0,0,1,0,0
2,97.1,184.15,92.075,1,0,1,1,1,0,0,1,0,0,1,0,0,0,0,0,0,0,1,0,1,0,0,0,0,1,0,0,0
48,19.25,855.1,17.814583333333335,1,0,1,0,1,0,0,0,1,1,0,1,0,1,0,1,0,1,0,1,0,0,1,0,0,0,1,0,1
4,56.4,234.85,58.7125,1,0,0,0,1,0,0,0,0,0,0,0,0,0,0,0,0,0,1,0,0,0,0,1,0,1,0,0,0
34,85.35,2896.6,85.19411764705882,0,0,0,0,1,0,1,1,0,0,0,0,0,0,0,0,0,0,1,0,0,0,0,0,0,1,0,1,0
62,74.3,4698.05,75.775,1,0,0,0,1,0,0,0,0,0,1,0,1,0,0,0,0,0,1,0,1,1,0,1,1,0,0,0,1
1,80.85,80.85,80.85,1,0,0,0,1,0,0,1,0,0,0,0,0,0,0,0,0,0,0,0,1,0,0,1,0,0,1,0,0
53,77.4,4155.95,78.41415094339622,1,0,1,0,1,0,1,0,0,0,1,0,0,0,1,0,1,0,1,0,0,1,0,0,0,0,0,0,1
22,89.75,1938.9,88.13181818181819,1,1,1,0,1,0,0,1,0,0,0,0,0,0,0,0,0,0,1,0,1,0,0,1,0,0,0,1,0
72,73.0,5265.2,73.12777777777778,0,0,0,0,1,0,0,0,0,0,1,0,1,0,1,0,1,0,0,0,1,0,1,1,1,0,0,0,1
3,95.4,293.15,97.71666666666665,0,0,0,0,1,0,0,1,0,0,0,0,1,0,0,0,0,0,1,0,1,0,0,0,0,1,0,0,0
1,19.85,19.85,19.85,1,0,1,1,1,0,0,0,1,1,0,1,0,1,0,1,0,1,0,1,0,1,0,0,1,0,0,0,0
67,104.0,7039.05,105.06044776119403,0,0,0,1,1,0,1,1,0,0,0,0,1,0,0,0,1,0,1,0,1,0,1,1,0,1,0,0,1
4,64.4,253.0,63.25,0,0,0,0,1,0,1,0,0,0,0,0,0,0,0,0,1,0,1,0,0,0,0,1,0,0,1,0,0
26,20.05,505.9,19.457692307692305,1,0,1,1,1,0,0,0,1,1,0,1,0,1,0,1,0,1,0,1,0,1,0,1,0,0,0,1,0
2,86.0,165.45,82.725,1,0,0,0,1,0,1,1,0,0,0,0,0,0,0,0,0,0,0,0,1,0,0,1,0,1,0,0,0
2,19.95,38.15,19.075,0,0,0,0,1,0,0,0,1,1,0,1,0,1,0,1,0,1,0,1,0,0,0,0,0,0,1,0,0
27,104.65,2964.0,109.77777777777777,1,1,0,0,1,0,1,1,0,0,0,0,1,0,0,0,1,0,1,0,1,1,0,1,0,0,0,1,0
64,54.6,3423.5,53.4921875,0,0,1,1,0,1,0,0,0,0,0,0,1,0,0,0,1,0,1,0,1,0,1,1,0,1,0,0,1
18,39.05,669.85,37.21388888888889,0,0,1,0,0,1,0,0,0,0,0,0,0,0,1,0,0,0,1,0,0,0,0,1,0,1,0,1,0
67,79.7,5293.4,79.00597014925373,1,0,1,1,1,0,1,0,0,0,1,0,0,0,1,0,0,0,1,0,1,0,1,1,0,1,0,0,1
50,75.5,4025.6,80.512,1,0,1,1,1,0,0,0,0,0,1,0,0,0,0,0,1,0,1,0,1,1,0,0,0,1,0,0,1
39,104.7,4134.85,106.02179487179488,0,0,1,0,1,0,0,1,0,0,1,0,0,0,1,0,1,0,1,0,1,1,0,1,1,0,0,0,1
4,88.45,370.65,92.6625,1,0,0,0,1,0,0,1,0,0,0,0,0,0,0,0,0,0,1,0,1,0,0,1,0,1,0,0,0
11,104.05,1133.65,103.05909090909091,0,1,1,0,1,0,1,1,0,0,0,0,0,0,1,0,1,0,1,0,1,0,0,1,0,0,0,0,0
2,81.5,162.55,81.275,0,1,0,0,1,0,0,1,0,0,0,0,0,0,0,0,0,0,1,0,0,0,0,0,0,0,1,0,0
16,19.3,360.35,22.521875,0,0,0,1,1,0,0,0,1,1,0,1,0,1,0,1,0,1,0,1,0,1,0,1,0,0,0,1,0
38,84.25,3264.5,85.90789473684211,0,0,0,0,1,0,0,1,0,0,0,0,1,0,1,0,1,0,0,0,0,0,0,1,1,0,0,0,1
72,94.45,6921.7,96.13472222222222,0,0,1,0,1,0,1,1,0,0,1,0,1,0,0,0,0,0,0,0,1,0,1,1,1,0,0,0,1
19,39.7,710.05,37.37105263157895,0,0,0,0,0,1,0,0,0,0,0,0,1,0,0,0,0,0,0,0,1,0,0,1,0,1,0,1,0
1,20.05,20.05,20.05,1,0,0,0,1,0,0,0,1,1,0,1,0,1,0,1,0,1,0,1,0,0,0,0,0,0,1,0,0
42,73.15,3088.25,73.5297619047619,1,0,1,1,1,0,0,0,0,0,0,0,0,0,1,0,1,0,1,0,1,1,0,0,0,1,0,0,1
8,44.55,343.45,42.93125,1,0,0,1,0,1,0,0,0,0,1,0,0,0,0,0,1,0,0,0,1,0,1,1,0,0,1,0,0
56,19.8,1119.9,19.998214285714287,0,0,1,1,1,0,0,0,1,1,0,1,0,1,0,1,0,1,0,1,0,0,1,1,1,0,0,0,1
62,71.4,4487.3,72.3758064516129,1,0,1,1,1,0,0,0,0,0,1,0,0,0,1,0,1,0,0,0,1,1,0,0,1,0,0,0,1
2,53.45,119.5,59.75,1,0,0,0,1,0,0,0,0,0,1,0,0,0,1,0,0,0,0,0,0,0,0,0,0,1,0,0,0
35,75.2,2576.2,73.60571428571428,1,0,1,0,1,0,1,1,0,0,0,0,0,0,0,0,0,0,0,0,0,0,0,1,0,1,0,1,0
30,19.8,576.65,19.221666666666668,1,0,1,0,1,0,0,0,1,1,0,1,0,1,0,1,0,1,0,1,0,1,0,0,1,0,0,1,0
59,90.3,5194.05,88.03474576271186,0,0,1,1,1,0,1,0,0,0,1,0,1,0,1,0,1,0,1,0,1,0,1,0,1,0,0,0,1
65,108.05,7118.9,109.52153846153846,0,0,1,0,1,0,1,1,0,0,0,0,1,0,1,0,1,0,1,0,1,1,0,1,1,0,0,0,1
62,100.15,6413.65,103.44596774193548,0,0,0,1,1,0,1,1,0,0,0,0,0,0,1,0,0,0,1,0,1,1,0,1,0,1,0,0,1
40,61.9,2647.1,66.1775,1,0,0,0,1,0,0,0,0,0,1,0,1,0,0,0,1,0,0,0,0,0,0,1,0,0,1,0,1
24,99.65,2404.85,100.20208333333333,1,0,0,0,1,0,1,1,0,0,0,0,1,0,0,0,0,0,1,0,1,0,0,1,0,0,0,1,0
15,88.15,1390.6,92.70666666666666,0,0,1,0,1,0,0,1,0,0,0,0,0,0,0,0,0,0,1,0,1,0,0,0,0,1,0,1,0
35,61.0,2130.45,60.87,1,0,1,0,1,0,0,0,0,0,1,0,1,0,1,0,0,0,0,0,0,0,0,0,0,0,1,1,0
51,85.5,4421.95,86.70490196078431,0,0,1,1,1,0,0,0,0,0,1,0,1,0,1,0,1,0,1,0,1,0,1,0,1,0,0,0,1
21,36.0,780.15,37.15,1,0,0,0,0,1,0,0,0,0,0,0,1,0,0,0,1,0,0,0,0,0,0,1,0,0,1,1,0
66,90.05,5965.95,90.39318181818182,0,0,0,0,1,0,1,0,0,0,1,0,1,0,1,0,1,0,1,0,1,0,1,1,1,0,0,0,1
71,82.0,5999.85,84.5049295774648,0,0,1,1,1,0,0,0,0,0,1,0,0,0,1,0,1,0,1,0,1,0,1,1,1,0,0,0,1
57,100.6,5611.7,98.45087719298245,0,0,1,1,1,0,1,1,0,0,0,0,1,0,0,0,0,0,1,0,1,0,0,1,0,1,0,0,1
2,49.25,91.1,45.55,1,1,0,0,1,0,0,0,0,0,1,0,0,0,0,0,0,0,0,0,0,0,0,1,0,1,0,0,0
6,80.8,457.1,76.18333333333334,1,1,1,0,1,0,1,1,0,0,0,0,0,0,1,0,0,0,0,0,0,0,0,1,0,1,0,0,0
46,19.4,967.85,21.04021739130435,0,0,1,1,1,0,0,0,1,1,0,1,0,1,0,1,0,1,0,1,0,0,1,0,0,0,1,0,1
25,75.5,1901.05,76.042,1,0,1,1,1,0,0,1,0,0,0,0,1,0,0,0,0,0,0,0,0,0,0,1,0,1,0,1,0
2,20.05,33.7,16.85,1,0,0,0,1,0,0,0,1,1,0,1,0,1,0,1,0,1,0,1,0,0,0,0,0,0,1,0,0
25,89.1,2368.4,94.736,0,0,1,1,1,0,1,1,0,0,0,0,0,0,1,0,0,0,0,0,1,0,0,1,0,1,0,1,0
37,28.6,973.55,26.31216216216216,0,0,0,0,0,1,0,0,0,0,0,0,0,0,0,0,1,0,0,0,0,0,0,0,1,0,0,0,1
33,104.4,3409.6,103.32121212121211,0,0,1,0,1,0,1,1,0,0,0,0,1,0,1,0,0,0,1,0,1,0,0,1,0,1,0,1,0
16,19.75,284.35,17.771875,1,0,0,0,1,0,0,0,1,1,0,1,0,1,0,1,0,1,0,1,0,0,1,0,0,0,1,1,0
9,95.9,827.45,91.9388888888889,1,0,0,0,1,0,0,1,0,0,0,0,0,0,0,0,1,0,1,0,1,0,0,1,0,0,0,0,0
1,45.3,45.3,45.3,1,0,0,0,1,0,0,0,0,0,0,0,0,0,0,0,0,0,0,0,0,0,0,0,0,1,0,0,0
4,20.4,94.5,23.625,0,0,0,1,1,0,0,0,1,1,0,1,0,1,0,1,0,1,0,1,0,0,0,0,1,0,0,0,0
35,91.5,3236.35,92.46714285714286,1,0,1,0,1,0,1,1,0,0,0,0,0,0,0,0,1,0,1,0,0,0,0,1,1,0,0,1,0
37,19.8,695.05,18.785135135135135,0,0,0,0,1,0,0,0,1,1,0,1,0,1,0,1,0,1,0,1,0,1,0,1,0,1,0,0,1
56,110.5,6139.5,109.63392857142857,0,1,0,0,1,0,1,1,0,0,1,0,1,0,1,0,0,0,1,0,1,1,0,0,0,1,0,0,1
27,19.4,460.25,17.046296296296298,1,0,0,0,1,0,0,0,1,1,0,1,0,1,0,1,0,1,0,1,0,0,0,1,1,0,0,1,0
38,20.4,743.5,19.56578947368421,1,0,1,0,1,0,0,0,1,1,0,1,0,1,0,1,0,1,0,1,0,0,1,0,0,0,0,0,1
16,35.5,552.7,34.54375,0,0,1,1,0,1,0,0,0,0,0,0,0,0,0,0,0,0,0,0,1,0,0,1,1,0,0,1,0
65,105.5,6985.65,107.47153846153846,0,0,1,1,1,0,1,1,0,0,0,0,1,0,1,0,0,0,1,0,1,0,0,1,0,1,0,0,1
14,59.1,772.85,55.20357142857143,0,0,0,0,1,0,0,0,0,0,0,0,0,0,0,0,1,0,0,0,1,1,0,0,1,0,0,1,0
5,89.5,477.7,95.53999999999999,1,1,0,0,1,0,0,1,0,0,0,0,0,0,0,0,0,0,1,0,1,0,0,1,0,1,0,0,0
72,106.3,7565.35,105.07430555555555,1,0,1,0,1,0,1,1,0,0,0,0,1,0,1,0,0,0,1,0,1,0,1,1,0,0,0,0,1
4,50.7,214.55,53.6375,0,0,0,0,1,0,1,0,0,0,0,0,0,0,0,0,0,0,0,0,0,0,0,0,0,1,0,0,0
20,54.0,1055.9,52.795,1,1,0,0,1,0,0,0,0,0,1,0,0,0,0,0,1,0,0,0,0,1,0,0,0,0,1,1,0
57,20.1,1087.7,19.082456140350878,0,0,1,1,1,0,0,0,1,1,0,1,0,1,0,1,0,1,0,1,0,0,1,1,0,0,0,0,1
65,94.55,6078.75,93.51923076923077,1,0,1,1,1,0,1,1,0,0,1,0,1,0,1,0,1,0,0,0,0,0,1,0,1,0,0,0,1
4,85.65,321.65,80.4125,0,0,0,0,1,0,1,1,0,0,0,0,0,0,0,0,0,0,1,0,0,0,0,1,0,1,0,0,0
32,19.75,624.15,19.5046875,0,0,0,0,1,0,0,0,1,1,0,1,0,1,0,1,0,1,0,1,0,1,0,0,0,0,0,1,0
45,19.2,903.7,20.082222222222224,1,0,1,1,1,0,0,0,1,1,0,1,0,1,0,1,0,1,0,1,0,0,1,0,0,1,0,0,1
22,83.05,1799.3,81.78636363636363,1,0,0,0,1,0,1,1,0,0,0,0,0,0,0,0,0,0,0,0,1,0,0,0,0,1,0,1,0
34,88.85,3000.25,88.24264705882354,1,0,1,0,1,0,1,1,0,0,0,0,1,0,0,0,0,0,0,0,1,0,0,0,0,0,1,1,0
47,86.95,4138.9,88.06170212765957,1,0,0,0,1,0,0,0,0,0,1,0,1,0,1,0,1,0,1,0,1,1,0,1,0,0,0,0,1
18,20.05,388.6,21.58888888888889,1,0,0,0,1,0,0,0,1,1,0,1,0,1,0,1,0,1,0,1,0,0,1,0,1,0,0,1,0
1,79.6,79.6,79.6,0,0,0,1,1,0,0,1,0,0,0,0,0,0,0,0,0,0,0,0,1,0,0,1,0,1,0,0,0
6,44.7,276.5,46.083333333333336,1,1,0,0,1,0,0,0,0,0,0,0,0,0,0,0,0,0,0,0,0,0,0,0,1,0,0,0,0
36,34.85,1267.2,35.2,0,0,0,0,0,1,0,0,0,0,0,0,1,0,0,0,1,0,0,0,0,0,0,1,0,0,0,1,0
35,73.45,2661.1,76.03142857142856,1,0,1,1,1,0,1,0,0,0,0,0,0,0,0,0,1,0,1,0,1,1,0,1,0,0,0,1,0
25,88.95,2291.2,91.648,1,1,0,0,1,0,1,1,0,0,0,0,1,0,0,0,0,0,1,0,0,0,0,1,0,1,0,1,0
5,51.35,262.3,52.46,1,0,0,0,1,0,0,0,0,0,0,0,1,0,0,0,0,0,0,0,0,0,0,1,0,1,0,0,0
4,48.25,202.25,50.5625,0,0,0,0,0,1,0,0,0,0,1,0,0,0,1,0,1,0,0,0,1,0,0,0,0,0,1,0,0
47,58.9,2813.05,59.85212765957447,0,0,0,0,1,0,0,0,0,0,1,0,1,0,0,0,1,0,0,0,0,1,0,1,0,0,1,0,1
52,39.9,2020.9,38.86346153846154,1,0,1,0,0,1,0,0,0,0,1,0,0,0,0,0,0,0,0,0,1,0,0,1,0,1,0,0,1
4,20.85,62.9,15.725,0,0,1,1,1,0,0,0,1,1,0,1,0,1,0,1,0,1,0,1,0,0,0,0,0,0,1,0,0
68,53.0,3656.25,53.768382352941174,0,1,1,1,0,1,0,0,0,0,0,0,1,0,1,0,0,0,1,0,1,0,1,1,0,1,0,0,1
21,20.5,429.55,20.454761904761906,1,1,0,0,1,0,0,0,1,1,0,1,0,1,0,1,0,1,0,1,0,1,0,0,0,0,0,1,0
64,104.4,6721.6,105.025,0,0,1,1,1,0,1,1,0,0,1,0,0,0,0,0,1,0,1,0,1,1,0,1,0,0,0,0,1
1,80.25,80.25,80.25,0,0,0,0,1,0,0,1,0,0,0,0,0,0,0,0,0,0,1,0,0,0,0,1,0,1,0,0,0
2,66.4,94.55,47.275,1,1,0,0,1,0,0,0,0,0,1,0,0,0,1,0,0,0,1,0,0,0,0,0,0,0,0,0,0
55,85.1,4600.95,83.65363636363637,0,0,1,1,1,0,1,1,0,0,1,0,1,0,0,0,0,0,0,0,0,0,0,1,0,1,0,0,1
72,105.25,7609.75,105.69097222222223,1,0,1,1,1,0,1,1,0,0,1,0,0,0,1,0,0,0,1,0,1,0,1,0,0,0,0,0,1
1,24.4,24.4,24.4,0,0,0,0,0,1,0,0,0,0,0,0,0,0,0,0,0,0,0,0,0,0,0,0,0,0,1,0,0
12,100.15,1164.3,97.02499999999999,0,0,0,0,1,0,1,1,0,0,0,0,0,0,1,0,0,0,1,0,1,0,0,1,0,0,0,0,0
59,101.1,6039.9,102.37118644067796,0,0,1,0,1,0,1,1,0,0,0,0,1,0,0,0,0,0,1,0,1,0,0,0,0,1,0,0,1
63,103.4,6603.0,104.80952380952381,1,0,1,0,1,0,1,1,0,0,0,0,1,0,1,0,0,0,1,0,1,0,0,1,0,1,0,0,1
10,24.4,253.9,25.39,1,0,1,1,1,0,1,0,1,1,0,1,0,1,0,1,0,1,0,1,0,0,0,1,0,0,1,0,0
24,24.7,571.75,23.822916666666668,0,0,1,1,1,0,1,0,1,1,0,1,0,1,0,1,0,1,0,1,0,0,1,0,0,0,1,1,0
65,104.1,6700.05,103.07769230769232,1,0,1,1,1,0,1,1,0,0,0,0,0,0,1,0,1,0,1,0,1,0,1,1,0,0,0,0,1
20,68.9,1370.35,68.5175,0,0,0,0,1,0,1,0,0,0,0,0,1,0,0,0,1,0,0,0,1,0,0,1,1,0,0,1,0
48,60.6,2985.25,62.192708333333336,0,0,1,0,1,0,1,0,0,0,1,0,0,0,0,0,1,0,0,0,0,1,0,1,0,0,0,0,1
62,80.4,4981.15,80.34112903225805,1,0,0,0,1,0,0,0,0,0,0,0,1,0,1,0,1,0,1,0,1,0,0,1,0,0,0,0,1
6,19.5,106.8,17.8,0,1,0,0,1,0,0,0,1,1,0,1,0,1,0,1,0,1,0,1,0,0,0,0,0,0,0,0,0
24,54.8,1291.3,53.80416666666667,1,1,0,0,1,0,1,0,0,0,0,0,1,0,0,0,0,0,0,0,0,0,0,0,1,0,0,1,0
34,60.85,2003.6,58.92941176470588,0,0,1,0,1,0,1,0,0,0,1,0,0,0,0,0,1,0,0,0,0,0,0,1,0,0,0,1,0
46,33.7,1537.85,33.43152173913043,1,0,0,0,0,1,0,0,0,0,0,0,0,0,1,0,1,0,0,0,0,1,0,0,1,0,0,0,1
26,45.45,1233.15,47.42884615384616,1,0,0,0,1,0,0,0,0,0,0,0,0,0,0,0,0,0,0,0,0,0,0,0,0,1,0,1,0
19,24.85,434.8,22.88421052631579,0,0,1,1,0,1,0,0,0,0,0,0,0,0,0,0,0,0,0,0,0,0,0,1,0,0,1,1,0
24,54.6,1242.25,51.760416666666664,1,0,0,0,1,0,1,0,0,0,0,0,0,0,0,0,1,0,0,0,0,1,0,0,0,0,0,1,0
57,101.3,5779.6,101.39649122807018,0,1,0,0,1,0,1,1,0,0,1,0,0,0,1,0,1,0,0,0,1,0,1,0,1,0,0,0,1
68,19.6,1441.65,21.20073529411765,0,0,0,0,1,0,0,0,1,1,0,1,0,1,0,1,0,1,0,1,0,0,1,0,1,0,0,0,1
12,74.15,741.4,61.78333333333333,1,0,1,0,1,0,0,0,0,0,0,0,0,0,1,0,1,0,1,0,1,0,0,1,0,1,0,0,0
12,76.6,893.0,74.41666666666667,0,0,0,1,1,0,1,1,0,0,0,0,0,0,0,0,0,0,0,0,0,0,0,1,0,1,0,0,0
40,50.85,2036.55,50.91375,0,0,1,1,0,1,0,0,0,0,0,0,1,0,0,0,0,0,1,0,1,0,0,1,0,1,0,0,1
23,86.8,1975.85,85.90652173913043,1,1,1,0,1,0,1,1,0,0,0,0,0,0,0,0,0,0,0,0,1,0,0,0,0,1,0,1,0
4,70.4,281.0,70.25,0,0,0,0,1,0,0,1,0,0,0,0,0,0,0,0,0,0,0,0,0,0,0,0,0,1,0,0,0
67,50.55,3431.75,51.22014925373134,0,0,1,1,1,0,0,0,0,0,0,0,1,0,0,0,0,0,0,0,0,1,0,0,1,0,0,0,1
35,62.15,2215.45,63.29857142857142,0,0,1,0,1,0,0,0,0,0,1,0,0,0,0,0,0,0,1,0,0,1,0,1,0,0,0,1,0
10,86.65,856.65,85.66499999999999,1,1,1,0,1,0,1,1,0,0,0,0,0,0,0,0,0,0,0,0,1,0,0,1,0,1,0,0,0
6,20.4,107.6,17.933333333333334,1,0,1,1,1,0,0,0,1,1,0,1,0,1,0,1,0,1,0,1,0,0,1,1,1,0,0,0,0
10,85.25,855.3,85.53,1,0,1,0,1,0,1,1,0,0,0,0,0,0,0,0,0,0,0,0,1,0,0,1,0,1,0,0,0
17,95.65,1640.0,96.47058823529412,1,0,0,0,1,0,1,1,0,0,0,0,0,0,1,0,1,0,0,0,1,0,0,1,0,0,0,1,0
65,93.55,6069.25,93.37307692307692,1,0,0,0,1,0,1,1,0,0,1,0,0,0,0,0,1,0,0,0,1,1,0,0,0,1,0,0,1
2,89.5,161.5,80.75,0,1,0,0,1,0,1,1,0,0,0,0,1,0,0,0,0,0,0,0,1,0,0,0,0,1,0,0,0
49,96.2,4718.25,96.29081632653062,1,1,0,0,1,0,1,1,0,0,0,0,0,0,0,0,0,0,1,0,1,0,0,1,0,1,0,0,1
51,107.45,5680.9,111.39019607843136,0,0,0,0,1,0,1,1,0,0,1,0,1,0,1,0,0,0,1,0,1,1,0,0,0,0,0,0,1
72,112.25,8041.65,111.68958333333333,1,0,1,1,1,0,1,1,0,0,0,0,1,0,1,0,1,0,1,0,1,0,1,1,0,0,0,0,1
44,68.85,2958.95,67.24886363636364,1,0,0,0,1,0,0,1,0,0,0,0,0,0,0,0,0,0,0,0,0,0,0,0,1,0,0,0,1
42,66.5,2762.75,65.7797619047619,0,0,0,0,1,0,0,0,0,0,0,0,0,0,1,0,1,0,0,0,1,0,1,0,1,0,0,0,1
2,24.5,46.4,23.2,0,0,0,0,0,1,0,0,0,0,0,0,0,0,0,0,0,0,0,0,0,0,0,0,0,1,0,0,0
28,92.35,2602.9,92.96071428571429,0,0,1,0,1,0,0,1,0,0,1,0,0,0,0,0,0,0,1,0,1,0,0,1,0,0,1,1,0
34,61.25,1993.2,58.62352941176471,0,0,1,1,0,1,0,0,0,0,1,0,0,0,1,0,1,0,1,0,1,1,0,0,0,0,1,1,0
31,79.3,2484.0,80.12903225806451,1,0,1,0,1,0,1,0,0,0,0,0,0,0,1,0,1,0,1,0,1,1,0,1,0,0,1,1,0
1,19.5,19.5,19.5,0,0,0,0,1,0,0,0,1,1,0,1,0,1,0,1,0,1,0,1,0,0,0,0,0,0,1,0,0
22,69.25,1554.0,70.63636363636364,0,0,1,0,1,0,0,1,0,0,0,0,0,0,0,0,0,0,0,0,0,0,0,1,0,1,0,1,0
2,76.5,162.45,81.225,1,0,0,0,1,0,1,1,0,0,0,0,0,0,0,0,0,0,0,0,0,0,0,1,0,1,0,0,0
72,110.6,7962.2,110.58611111111111,1,0,1,0,1,0,1,1,0,0,0,0,1,0,1,0,1,0,1,0,1,0,1,1,1,0,0,0,1
8,51.05,415.05,51.88125,1,0,1,1,1,0,0,0,0,0,0,0,0,0,1,0,0,0,0,0,0,0,0,1,0,1,0,0,0
72,64.45,4528.0,62.888888888888886,0,0,1,1,0,1,0,0,0,0,1,0,1,0,1,0,1,0,1,0,1,0,1,0,0,0,0,0,1
17,50.3,846.8,49.811764705882354,1,0,0,1,1,0,0,0,0,0,1,0,0,0,0,0,0,0,0,0,0,0,0,1,0,0,1,1,0
72,97.0,7104.2,98.66944444444444,0,0,1,0,1,0,1,1,0,0,1,0,1,0,1,0,1,0,0,0,0,0,1,1,0,0,0,0,1
66,47.4,3177.25,48.140151515151516,0,0,0,0,0,1,0,0,0,0,1,0,1,0,1,0,1,0,0,0,0,0,1,1,0,0,1,0,1
35,75.35,2636.05,75.3157142857143,1,0,0,0,1,0,1,1,0,0,0,0,0,0,0,0,0,0,0,0,0,0,0,0,1,0,0,1,0
4,56.75,245.15,61.2875,1,0,0,0,1,0,0,0,0,0,1,0,0,0,1,0,0,0,0,0,0,0,0,0,0,1,0,0,0
72,19.7,1379.8,19.163888888888888,0,0,1,1,1,0,0,0,1,1,0,1,0,1,0,1,0,1,0,1,0,0,1,0,1,0,0,0,1
65,84.85,5459.2,83.9876923076923,0,0,0,0,1,0,0,0,0,0,1,0,1,0,1,0,1,0,1,0,1,0,1,1,0,0,0,0,1
69,20.2,1412.65,20.473188405797103,0,0,1,1,1,0,0,0,1,1,0,1,0,1,0,1,0,1,0,1,0,0,1,0,0,0,0,0,1
65,71.0,4386.2,67.48,0,0,1,0,1,0,0,0,0,0,1,0,1,0,1,0,0,0,0,0,1,0,1,0,0,0,0,0,1
38,80.3,3058.65,80.49078947368422,0,0,1,1,1,0,0,0,0,0,1,0,1,0,0,0,1,0,1,0,1,1,0,0,1,0,0,0,1
24,93.0,2248.05,93.66875,1,0,1,0,1,0,1,1,0,0,0,0,0,0,0,0,0,0,1,0,1,0,0,1,0,1,0,1,0
5,105.3,550.6,110.12,1,0,0,0,1,0,1,1,0,0,0,0,1,0,1,0,0,0,1,0,1,0,0,0,0,1,0,0,0
24,54.75,1338.15,55.75625,1,0,1,1,1,0,1,0,0,0,1,0,0,0,0,0,0,0,0,0,0,0,0,0,0,1,0,1,0
1,25.25,25.25,25.25,0,0,0,0,0,1,0,0,0,0,0,0,0,0,0,0,0,0,0,0,0,0,0,0,0,1,0,0,0
61,107.75,6521.9,106.91639344262295,1,0,0,0,1,0,1,1,0,0,1,0,1,0,1,0,0,0,1,0,1,1,0,1,0,1,0,0,1
70,85.95,5931.75,84.73928571428571,1,0,1,1,1,0,1,0,0,0,0,0,1,0,1,0,1,0,1,0,1,0,1,1,1,0,0,0,1
1,25.1,25.1,25.1,0,0,0,0,0,1,0,0,0,0,0,0,0,0,0,0,0,0,0,0,0,0,0,1,0,0,1,0,0
7,45.75,344.2,49.17142857142857,1,1,0,1,1,0,0,0,0,0,0,0,0,0,0,0,0,0,0,0,0,0,0,1,0,0,1,0,0
1,19.95,19.95,19.95,1,0,1,1,1,0,0,0,1,1,0,1,0,1,0,1,0,1,0,1,0,0,0,0,0,0,0,0,0
45,81.3,3541.1,78.69111111111111,0,0,1,1,1,0,1,0,0,0,1,0,1,0,1,0,1,0,1,0,0,0,0,0,0,0,1,0,1
10,60.95,629.55,62.955,0,0,0,0,1,0,0,0,0,0,0,0,0,0,0,0,1,0,0,0,1,0,0,1,0,0,1,0,0
29,70.75,1974.8,68.09655172413792,1,0,1,1,1,0,0,1,0,0,0,0,0,0,0,0,0,0,0,0,0,0,0,1,0,1,0,1,0
58,64.9,3795.45,65.43879310344828,0,0,0,0,1,0,0,0,0,0,1,0,1,0,1,0,1,0,0,0,0,0,1,1,1,0,0,0,1
67,20.05,1263.05,18.851492537313433,0,1,1,0,1,0,0,0,1,1,0,1,0,1,0,1,0,1,0,1,0,0,1,1,0,0,0,0,1
14,86.0,1164.05,83.14642857142857,0,0,0,1,1,0,1,1,0,0,1,0,0,0,0,0,1,0,0,0,0,0,0,1,0,0,1,1,0
45,25.5,1121.05,24.912222222222223,0,0,1,0,1,0,1,0,1,1,0,1,0,1,0,1,0,1,0,1,0,0,1,0,0,0,1,0,1
67,60.95,4119.4,61.483582089552236,1,1,1,0,1,0,0,0,0,0,1,0,1,0,0,0,1,0,0,0,0,1,0,1,0,0,0,0,1
31,98.9,2911.3,93.91290322580646,0,1,1,1,1,0,0,1,0,0,0,0,0,0,1,0,1,0,1,0,1,0,0,1,0,1,0,1,0
2,94.0,181.7,90.85,1,1,0,0,1,0,1,1,0,0,0,0,0,0,0,0,0,0,1,0,1,0,0,1,0,1,0,0,0
37,19.85,717.5,19.39189189189189,0,0,1,0,1,0,0,0,1,1,0,1,0,1,0,1,0,1,0,1,0,1,0,1,0,0,0,0,1
65,74.2,4805.65,73.93307692307691,1,0,0,0,1,0,1,0,0,0,0,0,1,0,1,0,1,0,0,0,1,0,1,1,1,0,0,0,1
2,95.15,196.9,98.45,0,0,0,0,1,0,1,1,0,0,0,0,0,0,0,0,0,0,1,0,1,0,0,1,0,1,0,0,0
3,29.65,90.05,30.016666666666666,0,0,0,1,0,1,0,0,0,0,0,0,1,0,0,0,0,0,0,0,0,0,0,0,0,0,1,0,0
72,80.85,5727.45,79.54791666666667,1,0,1,1,1,0,1,0,0,0,1,0,1,0,1,0,1,0,1,0,0,0,1,1,0,0,0,0,1
36,20.85,720.05,20.001388888888886,1,0,1,0,1,0,0,0,1,1,0,1,0,1,0,1,0,1,0,1,0,1,0,0,0,0,0,1,0
72,86.4,6058.95,84.15208333333334,0,0,1,0,1,0,1,0,0,0,1,0,1,0,0,0,1,0,1,0,1,0,1,1,0,0,0,0,1
19,39.65,733.35,38.597368421052636,1,0,0,0,0,1,0,0,0,0,0,0,0,0,1,0,0,0,1,0,0,0,0,1,0,1,0,1,0
25,105.95,2655.25,106.21,1,1,0,0,1,0,1,1,0,0,0,0,1,0,1,0,0,0,1,0,1,0,0,0,0,0,1,1,0
6,20.7,112.75,18.791666666666668,0,0,0,0,1,0,0,0,1,1,0,1,0,1,0,1,0,1,0,1,0,0,0,0,0,0,1,0,0
1,19.65,19.65,19.65,1,0,0,0,1,0,0,0,1,1,0,1,0,1,0,1,0,1,0,1,0,0,0,0,0,0,1,0,0
59,72.1,4194.85,71.09915254237289,0,0,1,1,1,0,1,0,0,0,0,0,0,0,1,0,1,0,1,0,0,0,1,1,0,0,0,0,1
3,79.4,205.05,68.35000000000001,0,1,0,0,1,0,1,1,0,0,0,0,1,0,0,0,0,0,0,0,0,0,0,1,0,1,0,0,0
10,75.75,777.3,77.72999999999999,0,0,0,0,1,0,1,1,0,0,0,0,0,0,0,0,0,0,0,0,0,0,0,1,0,0,1,0,0
13,90.5,1201.15,92.39615384615385,1,1,0,0,1,0,0,1,0,0,0,0,0,0,0,0,0,0,1,0,1,0,0,1,0,1,0,1,0
22,59.0,1254.7,57.03181818181818,1,0,0,0,1,0,1,0,0,0,1,0,1,0,0,0,0,0,0,0,0,0,0,0,0,1,0,1,0
72,108.95,7875.0,109.375,1,0,1,0,1,0,1,1,0,0,1,0,1,0,0,0,1,0,1,0,1,0,1,1,1,0,0,0,1
66,62.5,4136.4,62.672727272727265,0,0,0,0,0,1,0,0,0,0,1,0,1,0,1,0,1,0,1,0,1,0,1,1,0,0,0,0,1
5,94.45,498.1,99.62,1,0,1,0,1,0,0,1,0,0,0,0,0,0,1,0,0,0,1,0,1,0,0,1,0,1,0,0,0
72,114.05,8289.2,115.1277777777778,1,0,1,1,1,0,1,1,0,0,1,0,1,0,1,0,1,0,1,0,1,0,1,1,1,0,0,0,1
7,48.7,340.25,48.607142857142854,1,0,1,1,1,0,0,0,0,0,0,0,0,0,1,0,0,0,0,0,0,0,0,0,0,1,0,0,0
67,102.9,6989.7,104.32388059701492,1,1,1,0,1,0,1,1,0,0,0,0,1,0,0,0,1,0,1,0,1,0,1,0,0,0,0,0,1
1,69.7,69.7,69.7,0,0,0,0,1,0,0,1,0,0,0,0,0,0,0,0,0,0,0,0,0,0,0,0,0,0,0,0,0
44,49.05,2265.0,51.47727272727273,0,0,0,0,0,1,0,0,0,0,0,0,0,0,1,0,0,0,1,0,1,1,0,1,0,1,0,0,1
72,19.7,1421.9,19.748611111111114,1,0,1,0,1,0,0,0,1,1,0,1,0,1,0,1,0,1,0,1,0,0,1,0,1,0,0,0,1
57,95.3,5567.45,97.67456140350878,0,1,1,1,1,0,0,1,0,0,0,0,1,0,1,0,1,0,1,0,0,0,0,1,1,0,0,0,1
5,44.8,220.45,44.089999999999996,0,0,1,1,1,0,0,0,0,0,0,0,0,0,0,0,0,0,0,0,0,0,0,0,0,0,1,0,0
4,20.15,91.4,22.85,0,0,1,0,1,0,0,0,1,1,0,1,0,1,0,1,0,1,0,1,0,0,0,0,0,1,0,0,0
65,105.05,6744.25,103.75769230769231,0,0,0,0,1,0,1,1,0,0,0,0,1,0,0,0,1,0,1,0,1,1,0,1,0,0,0,0,1
19,95.9,1777.9,93.57368421052632,1,1,0,0,1,0,0,1,0,0,0,0,0,0,1,0,0,0,1,0,1,0,0,1,1,0,0,1,0
7,44.75,333.65,47.66428571428571,1,0,1,1,1,0,0,0,0,0,0,0,0,0,0,0,0,0,0,0,0,0,0,0,0,1,0,0,0
48,19.85,916.0,19.083333333333332,1,0,0,0,1,0,0,0,1,1,0,1,0,1,0,1,0,1,0,1,0,0,1,0,1,0,0,0,1
19,73.2,1441.1,75.84736842105262,0,0,1,0,1,0,0,1,0,0,1,0,0,0,0,0,0,0,0,0,0,0,0,1,0,1,0,1,0
1,50.15,50.15,50.15,1,1,0,1,1,0,0,0,0,0,0,0,0,0,1,0,0,0,0,0,0,0,0,1,0,0,1,0,0
19,50.1,910.45,47.91842105263158,1,0,1,1,1,0,1,0,0,0,0,0,0,0,0,0,0,0,0,0,0,0,0,0,1,0,0,1,0
51,99.0,5038.15,98.78725490196078,1,0,0,0,1,0,0,1,0,0,0,0,1,0,1,0,0,0,1,0,1,0,0,1,0,1,0,0,1
12,89.75,1052.4,87.7,0,0,0,0,1,0,1,1,0,0,0,0,1,0,0,0,0,0,1,0,0,0,0,1,0,0,0,0,0
41,20.15,802.35,19.569512195121952,1,0,0,0,1,0,0,0,1,1,0,1,0,1,0,1,0,1,0,1,0,0,1,0,0,0,1,0,1
53,93.45,4872.2,91.92830188679245,0,0,1,0,1,0,0,1,0,0,0,0,0,0,0,0,1,0,1,0,1,1,0,1,0,1,0,0,1
1,44.9,44.9,44.9,0,0,0,0,1,0,0,0,0,0,0,0,0,0,0,0,0,0,0,0,0,0,0,1,0,0,0,0,0
14,75.1,1013.35,72.38214285714285,1,1,1,0,1,0,1,1,0,0,0,0,0,0,0,0,0,0,0,0,0,0,0,1,0,1,0,1,0
70,88.55,6306.5,90.09285714285714,1,1,1,0,1,0,1,0,0,0,1,0,1,0,1,0,1,0,1,0,1,0,1,1,1,0,0,0,1
31,79.45,2587.7,83.47419354838709,1,0,0,1,1,0,1,0,0,0,0,0,1,0,0,0,1,0,1,0,1,1,0,1,0,0,1,1,0
68,117.2,8035.95,118.17573529411764,1,0,0,0,1,0,1,1,0,0,1,0,1,0,1,0,1,0,1,0,1,1,0,1,1,0,0,0,1
49,84.5,4254.85,86.83367346938776,1,0,1,1,1,0,1,1,0,0,0,0,0,0,0,0,0,0,1,0,0,0,0,0,0,1,0,0,1
46,19.95,927.1,20.15434782608696,0,0,1,1,1,0,0,0,1,1,0,1,0,1,0,1,0,1,0,1,0,0,1,1,0,0,1,0,1
21,79.2,1742.45,82.97380952380952,0,0,1,0,1,0,0,1,0,0,0,0,0,0,1,0,1,0,0,0,0,1,0,0,0,1,0,1,0
72,78.45,5682.25,78.92013888888889,0,1,1,0,1,0,1,0,0,0,1,0,1,0,1,0,1,0,0,0,1,0,1,0,0,0,0,0,1
45,93.9,4200.25,93.33888888888889,1,1,0,0,1,0,1,1,0,0,0,0,0,0,0,0,0,0,1,0,1,0,0,1,0,0,0,0,1
68,105.3,7299.65,107.34779411764706,1,1,1,0,1,0,1,1,0,0,0,0,1,0,1,0,0,0,1,0,1,0,0,1,0,1,0,0,1
70,65.3,4759.75,67.99642857142857,0,0,1,0,1,0,1,0,0,0,1,0,0,0,1,0,1,0,0,0,0,0,1,0,1,0,0,0,1
23,99.95,2292.75,99.68478260869566,1,0,0,0,1,0,0,1,0,0,1,0,0,0,1,0,0,0,1,0,1,1,0,1,1,0,0,1,0
4,87.1,341.45,85.3625,0,0,0,1,1,0,1,1,0,0,0,0,0,0,1,0,1,0,0,0,0,0,0,1,0,0,1,0,0
1,70.2,70.2,70.2,0,1,0,0,1,0,0,1,0,0,0,0,0,0,0,0,0,0,0,0,0,0,0,1,0,1,0,0,0
37,95.25,3314.15,89.57162162162163,0,0,1,1,1,0,1,1,0,0,0,0,0,0,0,0,0,0,1,0,1,0,0,1,0,1,0,0,1
37,101.9,3545.35,95.82027027027027,0,0,0,0,1,0,1,1,0,0,0,0,1,0,1,0,0,0,1,0,1,0,0,1,0,0,0,0,1
72,88.55,6362.35,88.36597222222223,1,0,0,0,1,0,1,0,0,0,1,0,1,0,1,0,1,0,1,0,1,0,1,0,1,0,0,0,1
44,54.0,2440.25,55.46022727272727,1,0,0,0,0,1,0,0,0,0,1,0,0,0,1,0,0,0,1,0,1,1,0,1,0,1,0,0,1
30,64.5,1929.95,64.33166666666666,1,0,0,1,1,0,0,0,0,0,0,0,1,0,1,0,0,0,1,0,0,1,0,0,1,0,0,1,0
54,105.2,5637.85,104.40462962962964,1,0,1,1,1,0,1,1,0,0,0,0,1,0,0,0,1,0,1,0,1,1,0,1,0,1,0,0,1
4,70.2,237.95,59.4875,1,0,0,0,1,0,0,1,0,0,0,0,0,0,0,0,0,0,0,0,0,0,0,1,0,1,0,0,0
5,80.15,385.0,77.0,1,0,1,1,1,0,1,1,0,0,0,0,1,0,0,0,0,0,0,0,0,0,0,1,0,1,0,0,0
35,20.2,684.4,19.554285714285715,1,0,0,0,1,0,0,0,1,1,0,1,0,1,0,1,0,1,0,1,0,0,1,1,0,0,1,1,0
52,61.35,3169.55,60.95288461538462,1,0,1,0,1,0,1,0,0,0,0,0,1,0,0,0,1,0,0,0,0,0,0,0,0,0,0,0,1
72,109.9,7624.2,105.89166666666667,0,0,0,0,1,0,0,1,0,0,1,0,1,0,1,0,1,0,1,0,1,0,1,1,0,1,0,0,1
50,109.65,5405.8,108.116,0,0,1,0,1,0,1,1,0,0,1,0,1,0,0,0,1,0,1,0,1,0,0,1,0,0,0,0,1
16,19.35,295.55,18.471875,0,0,0,0,1,0,0,0,1,1,0,1,0,1,0,1,0,1,0,1,0,1,0,0,1,0,0,1,0
35,95.45,3474.05,99.25857142857143,1,1,0,0,1,0,1,1,0,0,0,0,0,0,0,0,0,0,1,0,1,0,0,1,0,1,0,1,0
71,86.4,6172.0,86.92957746478874,1,0,0,0,1,0,1,1,0,0,0,0,0,0,1,0,1,0,0,0,0,0,1,1,1,0,0,0,1
59,110.15,6448.05,109.28898305084746,1,0,1,0,1,0,1,1,0,0,1,0,1,0,1,0,0,0,1,0,1,1,0,1,0,1,0,0,1
70,104.45,7349.35,104.99071428571429,0,1,1,0,1,0,1,1,0,0,0,0,1,0,0,0,1,0,1,0,1,0,1,1,0,0,0,0,1
1,74.3,74.3,74.3,1,0,0,0,1,0,0,1,0,0,0,0,0,0,0,0,1,0,0,0,0,0,0,1,0,0,1,0,0
55,51.65,2838.55,51.61000000000001,0,1,1,0,1,0,1,0,0,0,0,0,0,0,0,0,0,0,0,0,0,0,0,0,0,0,0,0,1
70,114.2,7723.9,110.34142857142857,0,0,1,1,1,0,1,1,0,0,1,0,1,0,1,0,1,0,1,0,1,0,1,1,0,0,0,0,1
7,69.15,488.65,69.80714285714285,1,0,0,0,1,0,0,1,0,0,0,0,0,0,0,0,0,0,0,0,0,0,0,0,0,0,0,0,0
50,100.65,5189.75,103.795,0,1,1,0,1,0,1,1,0,0,0,0,0,0,0,0,1,0,1,0,1,1,0,1,0,1,0,0,1
64,20.2,1277.75,19.96484375,0,0,1,1,1,0,0,0,1,1,0,1,0,1,0,1,0,1,0,1,0,0,1,0,0,0,1,0,1
8,69.95,562.7,70.3375,1,1,0,0,1,0,0,1,0,0,0,0,0,0,0,0,0,0,0,0,0,0,0,1,1,0,0,0,0
61,82.15,4904.85,80.40737704918034,1,1,1,0,1,0,1,1,0,0,0,0,1,0,0,0,0,0,0,0,0,0,0,1,0,1,0,0,1
1,69.65,69.65,69.65,0,0,0,1,1,0,0,1,0,0,0,0,0,0,0,0,0,0,0,0,0,0,0,1,0,1,0,0,0
23,49.45,1119.35,48.667391304347824,0,0,0,1,1,0,0,0,0,0,0,0,0,0,0,0,1,0,0,0,0,1,0,1,0,1,0,1,0
11,66.35,740.8,67.34545454545454,0,0,1,1,1,0,1,0,0,0,0,0,0,0,0,0,1,0,0,0,1,0,0,1,0,1,0,0,0
24,79.85,1857.75,77.40625,1,1,1,1,1,0,1,1,0,0,1,0,0,0,0,0,0,0,0,0,0,0,0,1,0,1,0,1,0
33,20.6,690.25,20.916666666666668,1,0,1,1,1,0,0,0,1,1,0,1,0,1,0,1,0,1,0,1,0,1,0,0,0,0,1,1,0
53,25.1,1275.6,24.067924528301884,0,1,1,0,1,0,1,0,1,1,0,1,0,1,0,1,0,1,0,1,0,0,1,0,1,0,0,0,1
23,20.9,454.0,19.73913043478261,1,0,1,1,1,0,0,0,1,1,0,1,0,1,0,1,0,1,0,1,0,0,1,0,0,0,1,1,0
14,86.3,1180.95,84.35357142857143,0,0,0,0,1,0,0,1,0,0,0,0,1,0,0,0,0,0,0,0,1,0,0,1,0,1,0,1,0
70,84.6,5706.2,81.51714285714286,1,0,1,0,1,0,0,1,0,0,1,0,1,0,0,0,1,0,0,0,0,0,1,0,0,0,0,0,1
22,79.2,1742.75,79.2159090909091,0,0,1,0,1,0,1,0,0,0,1,0,0,0,0,0,1,0,1,0,1,0,0,1,0,1,0,1,0
15,19.75,311.6,20.773333333333333,1,0,0,0,1,0,0,0,1,1,0,1,0,1,0,1,0,1,0,1,0,0,0,0,0,0,1,1,0
65,107.65,7082.85,108.96692307692308,0,0,1,0,1,0,1,1,0,0,0,0,1,0,1,0,1,0,1,0,1,0,1,1,0,0,0,0,1
72,85.45,6227.5,86.49305555555556,1,0,1,0,1,0,1,0,0,0,0,0,1,0,1,0,1,0,1,0,1,0,1,1,1,0,0,0,1
63,107.5,6873.75,109.10714285714286,0,0,1,0,1,0,1,1,0,0,0,0,1,0,1,0,0,0,1,0,1,1,0,1,0,1,0,0,1
5,69.05,318.5,63.7,0,1,0,0,1,0,0,1,0,0,0,0,0,0,0,0,0,0,0,0,0,0,0,1,0,0,1,0,0
35,113.2,3914.05,111.83,0,0,0,0,1,0,1,1,0,0,1,0,1,0,1,0,1,0,1,0,1,0,1,1,0,0,1,1,0
11,74.95,825.7,75.06363636363636,1,0,1,0,1,0,1,1,0,0,0,0,0,0,0,0,0,0,0,0,0,0,0,1,0,1,0,0,0
5,45.7,198.0,39.6,0,1,0,0,0,1,0,0,0,0,0,0,0,0,0,0,0,0,1,0,1,0,0,0,0,1,0,0,0
31,79.2,2497.2,80.55483870967741,0,0,0,0,1,0,0,0,0,0,0,0,1,0,1,0,1,0,1,0,1,0,1,0,0,0,1,1,0
1,51.25,51.25,51.25,1,0,0,0,1,0,0,0,0,0,0,0,0,0,0,0,1,0,0,0,0,0,0,0,0,0,1,0,0
32,73.6,2316.85,72.4015625,0,0,1,1,1,0,0,0,0,0,1,0,1,0,1,0,1,0,0,0,1,0,1,0,0,0,1,1,0
11,61.25,729.95,66.35909090909091,1,0,0,0,1,0,0,0,0,0,0,0,1,0,0,0,0,0,1,0,0,1,0,1,0,1,0,0,0
49,90.85,4515.85,92.16020408163266,0,1,0,0,1,0,1,1,0,0,0,0,0,0,1,0,0,0,0,0,1,0,0,1,1,0,0,0,1
67,88.4,5798.3,86.54179104477612,1,0,1,0,1,0,1,1,0,0,0,0,1,0,0,0,0,0,1,0,0,1,0,1,0,0,0,0,1
70,93.9,6579.05,93.98642857142858,0,0,1,1,1,0,1,1,0,0,1,0,1,0,1,0,1,0,0,0,0,0,1,0,0,0,0,0,1
1,19.6,19.6,19.6,0,0,0,0,1,0,0,0,1,1,0,1,0,1,0,1,0,1,0,1,0,0,0,1,0,0,1,0,0
9,21.25,204.55,22.727777777777778,1,1,1,0,1,0,0,0,1,1,0,1,0,1,0,1,0,1,0,1,0,0,0,1,0,0,1,0,0
21,20.5,402.85,19.183333333333334,1,0,0,0,1,0,0,0,1,1,0,1,0,1,0,1,0,1,0,1,0,0,0,0,1,0,0,1,0
28,20.25,535.35,19.119642857142857,0,0,0,1,1,0,0,0,1,1,0,1,0,1,0,1,0,1,0,1,0,0,0,0,0,0,1,1,0
67,105.4,6989.45,104.32014925373134,1,0,1,1,1,0,1,1,0,0,0,0,1,0,1,0,0,0,1,0,1,1,0,1,0,1,0,0,1
15,87.75,1242.2,82.81333333333333,1,0,0,0,1,0,1,1,0,0,1,0,0,0,0,0,0,0,1,0,0,0,0,1,0,0,0,1,0
5,83.6,404.2,80.84,0,0,1,1,1,0,0,1,0,0,0,0,1,0,0,0,0,0,0,0,1,0,0,1,0,1,0,0,0
25,78.35,1837.9,73.516,0,0,0,0,1,0,1,0,0,0,1,0,1,0,1,0,1,0,1,0,0,0,0,1,0,0,0,1,0
4,20.45,82.85,20.7125,0,0,0,0,1,0,0,0,1,1,0,1,0,1,0,1,0,1,0,1,0,0,0,0,1,0,0,0,0
7,70.75,450.8,64.4,0,0,0,0,1,0,0,0,0,0,0,0,0,0,0,0,1,0,1,0,1,0,0,1,1,0,0,0,0
1,45.8,45.8,45.8,0,0,0,0,1,0,0,0,0,0,0,0,0,0,0,0,0,0,0,0,0,0,0,0,0,1,0,0,0
58,19.85,1158.85,19.980172413793102,0,0,1,1,1,0,0,0,1,1,0,1,0,1,0,1,0,1,0,1,0,0,1,1,0,0,1,0,1
18,69.8,1221.65,67.86944444444445,0,0,0,0,1,0,0,1,0,0,0,0,0,0,0,0,0,0,0,0,0,0,0,1,0,1,0,1,0
60,89.45,5294.6,88.24333333333334,0,1,1,0,1,0,1,1,0,0,0,0,1,0,0,0,0,0,0,0,1,0,0,0,0,1,0,0,1
14,20.4,292.4,20.885714285714283,0,0,1,0,1,0,0,0,1,1,0,1,0,1,0,1,0,1,0,1,0,0,1,0,0,0,1,1,0
42,49.55,2077.95,49.474999999999994,0,0,0,0,1,0,0,0,0,0,0,0,1,0,0,0,0,0,0,0,0,0,0,1,0,1,0,0,1
1,35.9,35.9,35.9,1,0,0,0,0,1,0,0,0,0,0,0,0,0,0,0,0,0,0,0,1,0,0,0,0,1,0,0,0
64,49.85,3210.35,50.16171875,0,0,1,1,0,1,0,0,0,0,0,0,1,0,1,0,1,0,0,0,1,0,1,0,0,1,0,0,1
53,105.55,5682.25,107.2122641509434,0,0,0,0,1,0,1,1,0,0,0,0,1,0,1,0,0,0,1,0,1,0,1,0,0,1,0,0,1
1,69.6,69.6,69.6,0,1,0,0,1,0,0,1,0,0,0,0,0,0,0,0,0,0,0,0,0,0,0,1,0,1,0,0,0
45,105.15,4730.9,105.1311111111111,0,0,1,1,1,0,1,1,0,0,1,0,1,0,0,0,0,0,1,0,1,0,0,1,0,1,0,0,1
30,105.7,3181.8,106.06,1,1,1,0,1,0,1,1,0,0,1,0,1,0,1,0,1,0,1,0,0,0,0,1,0,0,0,1,0
17,70.5,1165.6,68.56470588235294,0,0,0,0,1,0,0,1,0,0,0,0,0,0,0,0,0,0,0,0,0,0,0,0,0,0,0,1,0
31,73.9,2217.15,71.5209677419355,0,1,0,0,1,0,1,1,0,0,0,0,0,0,0,0,0,0,0,0,0,0,0,1,0,1,0,1,0
39,73.15,2730.85,70.02179487179487,1,0,0,0,1,0,1,1,0,0,0,0,0,0,0,0,0,0,0,0,0,0,0,1,1,0,0,0,1
59,96.65,5580.8,94.58983050847458,0,0,1,1,1,0,1,1,0,0,0,0,1,0,0,0,1,0,0,0,1,0,0,1,0,0,0,0,1
10,94.85,953.45,95.345,0,0,0,0,1,0,1,1,0,0,0,0,1,0,1,0,0,0,0,0,1,0,0,1,0,1,0,0,0
3,80.35,253.8,84.60000000000001,1,0,0,0,1,0,0,1,0,0,0,0,0,0,0,0,0,0,0,0,1,0,0,1,0,1,0,0,0
43,90.25,3838.75,89.27325581395348,0,1,0,0,1,0,1,1,0,0,0,0,1,0,0,0,0,0,1,0,0,0,0,1,0,1,0,0,1
3,84.3,235.05,78.35000000000001,1,0,0,0,1,0,0,1,0,0,0,0,1,0,0,0,0,0,0,0,1,0,0,0,0,1,0,0,0
21,104.4,2157.95,102.7595238095238,1,0,1,1,1,0,1,1,0,0,0,0,1,0,1,0,0,0,1,0,1,0,0,0,0,1,0,1,0
33,50.0,1750.85,53.056060606060605,1,1,1,0,0,1,0,0,0,0,0,0,1,0,1,0,1,0,1,0,0,0,0,1,0,1,0,1,0
9,24.1,259.8,28.866666666666667,1,0,1,0,0,1,0,0,0,0,0,0,0,0,0,0,0,0,0,0,0,1,0,0,0,0,0,0,0
2,60.85,111.4,55.7,0,0,0,0,1,0,0,0,0,0,0,0,0,0,1,0,0,0,0,0,1,0,0,0,0,1,0,0,0
7,35.5,249.55,35.65,1,0,0,0,0,1,0,0,0,0,0,0,0,0,1,0,1,0,0,0,0,1,0,1,1,0,0,0,0
5,25.05,125.5,25.1,0,0,1,1,0,1,0,0,0,0,0,0,0,0,0,0,0,0,0,0,0,0,0,0,0,0,1,0,0
2,69.95,143.9,71.95,1,0,1,1,1,0,0,1,0,0,0,0,0,0,0,0,0,0,0,0,0,0,0,0,0,0,1,0,0
17,70.8,1207.0,71.0,1,0,0,0,1,0,0,1,0,0,0,0,0,0,0,0,0,0,0,0,0,0,0,1,0,1,0,1,0
60,101.4,6176.6,102.94333333333334,0,1,0,0,1,0,1,1,0,0,1,0,0,0,0,0,0,0,1,0,1,1,0,1,0,0,0,0,1
44,19.9,868.1,19.729545454545455,0,0,0,1,1,0,0,0,1,1,0,1,0,1,0,1,0,1,0,1,0,0,1,0,0,0,1,0,1
72,86.05,6309.65,87.63402777777777,1,0,0,0,1,0,1,0,0,0,1,0,1,0,0,0,1,0,1,0,1,0,1,0,1,0,0,0,1
69,92.45,6460.55,93.63115942028986,1,0,1,0,1,0,1,1,0,0,0,0,1,0,0,0,1,0,1,0,0,0,1,1,0,0,1,0,1
2,44.65,74.9,37.45,1,0,0,0,1,0,0,0,0,0,0,0,0,0,0,0,0,0,0,0,0,0,0,0,0,0,1,0,0
1,84.6,84.6,84.6,0,0,0,0,1,0,1,1,0,0,0,0,0,0,0,0,0,0,1,0,0,0,0,1,0,1,0,0,0
57,107.95,5969.85,104.73421052631579,1,0,1,0,1,0,1,1,0,0,0,0,0,0,1,0,1,0,1,0,1,0,1,0,0,1,0,0,1
19,58.2,1045.25,55.01315789473684,0,0,0,0,1,0,0,0,0,0,0,0,1,0,0,0,0,0,1,0,0,1,0,0,0,1,0,1,0
41,94.3,3893.6,94.96585365853659,0,0,1,1,1,0,1,1,0,0,1,0,1,0,0,0,0,0,1,0,0,0,0,1,0,0,0,0,1
67,111.2,7530.8,112.4,1,0,1,1,1,0,1,1,0,0,0,0,1,0,1,0,1,0,1,0,1,0,1,1,0,0,0,0,1
5,88.9,454.15,90.83,0,0,1,0,1,0,0,1,0,0,1,0,0,0,1,0,0,0,0,0,1,0,0,1,0,0,1,0,0
15,83.05,1258.3,83.88666666666667,0,1,1,0,1,0,1,1,0,0,0,0,0,0,1,0,1,0,0,0,0,0,0,1,0,1,0,1,0
71,118.65,8477.6,119.40281690140846,0,0,0,0,1,0,1,1,0,0,1,0,1,0,1,0,1,0,1,0,1,0,1,1,0,1,0,0,1
3,20.55,51.15,17.05,1,0,1,0,1,0,0,0,1,1,0,1,0,1,0,1,0,1,0,1,0,0,0,1,1,0,0,0,0
71,24.7,1810.55,25.500704225352113,0,0,1,1,1,0,1,0,1,1,0,1,0,1,0,1,0,1,0,1,0,0,1,0,0,0,0,0,1
70,92.2,6474.45,92.49214285714285,0,1,1,0,1,0,1,0,0,0,1,0,1,0,1,0,1,0,1,0,1,0,1,1,0,0,0,0,1
4,42.4,146.4,36.6,1,0,0,0,0,1,0,0,0,0,1,0,1,0,0,0,1,0,0,0,0,0,0,0,0,0,1,0,0
5,85.55,408.5,81.7,1,1,0,0,1,0,0,1,0,0,0,0,1,0,0,0,0,0,0,0,1,0,0,1,0,1,0,0,0
61,20.25,1278.8,20.963934426229507,0,0,1,0,1,0,0,0,1,1,0,1,0,1,0,1,0,1,0,1,0,0,1,0,1,0,0,0,1
3,26.4,121.25,40.416666666666664,1,0,0,1,1,0,1,0,1,1,0,1,0,1,0,1,0,1,0,1,0,0,1,1,0,0,1,0,0
3,44.3,134.5,44.833333333333336,0,0,1,1,1,0,0,0,0,0,0,0,0,0,0,0,0,0,0,0,0,0,0,0,0,0,1,0,0
34,87.45,2874.15,84.53382352941176,0,0,1,1,1,0,1,1,0,0,0,0,0,0,1,0,0,0,1,0,0,0,0,0,0,1,0,1,0
71,105.7,7472.15,105.24154929577465,1,0,1,0,1,0,1,1,0,0,0,0,1,0,1,0,0,0,1,0,1,1,0,1,0,0,0,0,1
23,91.1,2198.3,95.57826086956523,0,0,1,1,1,0,1,0,0,0,1,0,1,0,1,0,1,0,1,0,1,0,1,1,1,0,0,1,0
36,19.55,620.75,17.243055555555557,0,0,0,0,1,0,0,0,1,1,0,1,0,1,0,1,0,1,0,1,0,1,0,0,0,0,1,1,0
15,68.6,1108.6,73.90666666666667,1,0,1,0,1,0,0,1,0,0,0,0,0,0,0,0,0,0,0,0,0,0,0,1,0,0,0,1,0
11,55.05,608.15,55.28636363636363,1,0,1,0,1,0,0,0,0,0,0,0,0,0,0,0,0,0,1,0,0,0,0,1,0,0,0,0,0
15,75.3,1147.45,76.49666666666667,0,1,0,0,1,0,0,1,0,0,0,0,1,0,0,0,0,0,0,0,0,0,0,1,1,0,0,1,0
62,43.6,2748.7,44.33387096774193,0,0,0,0,0,1,0,0,0,0,0,0,1,0,1,0,0,0,0,0,1,0,1,1,1,0,0,0,1
7,95.0,655.5,93.64285714285714,1,0,0,0,1,0,1,1,0,0,0,0,0,0,0,0,0,0,1,0,1,0,0,0,0,0,1,0,0
6,80.5,502.85,83.80833333333334,0,0,1,1,1,0,1,1,0,0,0,0,0,0,0,0,1,0,0,0,0,0,0,1,0,1,0,0,0
29,25.15,702.0,24.20689655172414,0,0,0,0,1,0,1,0,1,1,0,1,0,1,0,1,0,1,0,1,0,0,0,0,0,1,0,1,0
72,89.7,6588.95,91.51319444444444,1,0,1,1,1,0,1,1,0,0,0,0,1,0,0,0,0,0,1,0,0,1,0,1,0,1,0,0,1
69,85.35,5897.4,85.4695652173913,0,0,0,0,1,0,1,0,0,0,1,0,0,0,1,0,1,0,1,0,1,0,1,1,1,0,0,0,1
15,101.35,1553.95,103.59666666666666,1,0,0,0,1,0,0,1,0,0,0,0,0,0,1,0,1,0,1,0,1,0,0,1,0,1,0,1,0
16,19.7,301.55,18.846875,0,0,1,1,1,0,0,0,1,1,0,1,0,1,0,1,0,1,0,1,0,0,1,0,0,0,1,1,0
47,70.55,3309.25,70.40957446808511,0,1,1,1,1,0,0,1,0,0,0,0,0,0,0,0,0,0,0,0,0,0,0,0,0,0,0,0,1
48,69.7,3023.65,62.99270833333333,0,0,1,1,1,0,0,0,0,0,1,0,0,0,1,0,1,0,1,0,0,1,0,0,0,0,0,0,1
72,68.75,4888.2,67.89166666666667,0,0,1,1,1,0,0,0,0,0,1,0,1,0,1,0,0,0,0,0,1,0,1,0,1,0,0,0,1
21,73.7,1558.7,74.22380952380952,1,0,0,0,1,0,1,1,0,0,0,0,0,0,0,0,0,0,0,0,0,0,0,1,0,1,0,1,0
72,110.15,7998.8,111.09444444444445,0,0,1,0,1,0,1,1,0,0,0,0,1,0,1,0,1,0,1,0,1,0,1,1,0,1,0,0,1
7,69.7,516.15,73.73571428571428,1,0,1,1,1,0,0,0,0,0,1,0,0,0,0,0,0,0,1,0,1,0,0,0,1,0,0,0,0
27,85.25,2287.25,84.71296296296296,0,1,0,0,1,0,1,1,0,0,0,0,0,0,0,0,0,0,0,0,1,0,0,1,0,1,0,1,0
4,74.65,301.4,75.35,1,0,1,0,1,0,1,1,0,0,0,0,0,0,0,0,0,0,0,0,0,0,0,1,0,1,0,0,0
4,46.0,193.6,48.4,0,0,0,0,1,0,0,0,0,0,0,0,0,0,0,0,0,0,0,0,0,0,0,1,0,0,1,0,0
26,90.8,2361.8,90.83846153846154,0,0,1,1,1,0,0,1,0,0,0,0,0,0,0,0,0,0,1,0,1,0,0,1,0,1,0,1,0
42,79.9,3313.4,78.89047619047619,1,0,0,0,1,0,1,1,0,0,0,0,0,0,1,0,0,0,0,0,0,0,0,0,0,1,0,0,1
69,81.95,5601.4,81.17971014492753,1,0,1,1,1,0,1,0,0,0,0,0,1,0,1,0,1,0,1,0,1,0,1,1,0,0,0,0,1
49,20.45,1024.65,20.91122448979592,0,0,0,1,1,0,0,0,1,1,0,1,0,1,0,1,0,1,0,1,0,0,1,0,1,0,0,0,1
1,75.8,75.8,75.8,0,0,0,0,1,0,0,1,0,0,0,0,1,0,0,0,0,0,0,0,0,0,0,0,0,1,0,0,0
38,68.15,2656.3,69.90263157894738,0,0,0,0,1,0,1,0,0,0,0,0,1,0,0,0,1,0,0,0,1,0,0,0,1,0,0,0,1
37,100.05,3810.55,102.98783783783784,0,0,0,0,1,0,1,1,0,0,0,0,0,0,1,0,0,0,1,0,1,0,0,1,0,1,0,0,1
14,81.95,1181.75,84.41071428571429,1,0,1,0,1,0,0,0,0,0,0,0,1,0,1,0,1,0,1,0,1,0,1,0,0,0,1,1,0
1,79.1,79.1,79.1,1,1,0,0,1,0,0,1,0,0,0,0,0,0,0,0,0,0,1,0,0,0,0,1,0,1,0,0,0
9,19.5,178.85,19.87222222222222,0,0,0,0,1,0,0,0,1,1,0,1,0,1,0,1,0,1,0,1,0,0,0,1,0,1,0,0,0
24,51.15,1275.7,53.15416666666667,1,0,0,0,1,0,0,0,0,0,1,0,0,0,0,0,0,0,0,0,0,0,0,1,0,1,0,1,0
8,55.75,446.8,55.85,0,0,1,1,1,0,1,0,0,0,0,0,1,0,0,0,0,0,0,0,0,0,0,0,0,1,0,0,0
1,85.8,85.8,85.8,0,0,0,0,1,0,1,1,0,0,0,0,0,0,0,0,0,0,0,0,1,0,0,0,0,0,1,0,0
72,79.2,5401.9,75.02638888888889,0,0,1,0,1,0,1,0,0,0,1,0,1,0,1,0,1,0,1,0,0,0,1,0,1,0,0,0,1
72,105.5,7544.0,104.77777777777777,0,0,1,0,1,0,1,1,0,0,1,0,0,0,1,0,0,0,1,0,1,0,1,1,0,1,0,0,1
17,55.35,920.5,54.14705882352941,0,0,1,1,1,0,0,0,0,0,1,0,0,0,0,0,1,0,0,0,0,0,0,1,1,0,0,1,0
68,64.35,4539.6,66.75882352941177,0,0,0,0,0,1,0,0,0,0,1,0,1,0,1,0,1,0,1,0,1,0,1,0,1,0,0,0,1
48,65.65,3094.65,64.471875,0,0,1,0,1,0,0,0,0,0,0,0,1,0,1,0,0,0,0,0,1,1,0,1,0,1,0,0,1
7,75.7,554.05,79.14999999999999,0,0,1,1,1,0,0,0,0,0,1,0,1,0,1,0,1,0,1,0,0,0,0,1,0,1,0,0,0
46,30.75,1489.3,32.37608695652174,1,0,0,0,0,1,0,0,0,0,1,0,0,0,0,0,0,0,0,0,0,1,0,1,0,0,0,0,1
50,103.7,5071.05,101.421,1,0,1,1,1,0,1,1,0,0,0,0,1,0,0,0,1,0,1,0,1,0,0,0,0,1,0,0,1
23,54.25,1221.55,53.11086956521739,0,0,1,0,1,0,0,0,0,0,0,0,0,0,1,0,1,0,0,0,0,0,0,0,0,1,0,1,0
13,20.45,254.5,19.576923076923077,0,0,1,1,1,0,0,0,1,1,0,1,0,1,0,1,0,1,0,1,0,0,0,1,0,0,1,1,0
18,25.3,454.65,25.258333333333333,0,0,0,1,1,0,1,0,1,1,0,1,0,1,0,1,0,1,0,1,0,0,1,0,1,0,0,1,0
64,24.4,1601.2,25.01875,0,0,0,0,1,0,1,0,1,1,0,1,0,1,0,1,0,1,0,1,0,1,0,1,0,0,0,0,1
66,89.4,5976.9,90.5590909090909,1,0,0,0,1,0,1,1,0,0,0,0,1,0,0,0,0,0,0,0,1,0,0,0,1,0,0,0,1
9,48.6,422.3,46.922222222222224,0,0,1,1,1,0,0,0,0,0,1,0,0,0,0,0,0,0,0,0,0,1,0,0,0,0,1,0,0
21,94.25,1973.75,93.98809523809524,0,1,0,0,1,0,1,1,0,0,0,0,0,0,0,0,0,0,1,0,1,0,0,1,0,1,0,1,0
40,20.4,854.9,21.3725,1,0,0,1,1,0,0,0,1,1,0,1,0,1,0,1,0,1,0,1,0,1,0,1,0,0,0,0,1
7,49.65,305.55,43.65,1,0,1,1,0,1,0,0,0,0,1,0,0,0,1,0,1,0,0,0,1,0,1,0,1,0,0,0,0
56,106.6,5893.95,105.24910714285714,0,0,0,0,1,0,1,1,0,0,1,0,1,0,0,0,0,0,1,0,1,0,0,1,1,0,0,0,1
22,20.75,452.35,20.561363636363637,0,0,1,1,1,0,0,0,1,1,0,1,0,1,0,1,0,1,0,1,0,1,0,0,0,0,0,1,0
4,70.9,273.0,68.25,0,0,0,0,1,0,0,1,0,0,0,0,0,0,0,0,0,0,0,0,0,0,0,1,0,0,0,0,0
1,74.45,74.45,74.45,0,1,1,0,1,0,1,1,0,0,0,0,0,0,0,0,0,0,0,0,0,0,0,1,0,1,0,0,0
32,91.05,2871.5,89.734375,1,0,0,0,1,0,0,1,0,0,0,0,0,0,0,0,0,0,1,0,1,0,0,0,0,1,0,1,0
26,39.95,1023.75,39.375,1,0,0,1,0,1,0,0,0,0,0,0,1,0,0,0,0,0,1,0,0,1,0,1,0,0,0,1,0
18,46.4,812.4,45.13333333333333,1,0,1,1,0,1,0,0,0,0,0,0,1,0,1,0,0,0,1,0,0,1,0,0,1,0,0,1,0
35,109.95,3782.4,108.06857142857143,1,0,1,1,1,0,1,1,0,0,0,0,1,0,1,0,1,0,1,0,1,0,0,1,0,1,0,1,0
72,80.2,5714.2,79.36388888888888,0,0,1,1,1,0,1,0,0,0,1,0,1,0,1,0,1,0,1,0,0,0,1,0,0,0,0,0,1
52,98.15,4993.4,96.02692307692307,0,0,1,1,1,0,1,1,0,0,1,0,1,0,1,0,0,0,0,0,1,0,0,0,0,0,0,0,1
7,84.55,646.85,92.40714285714286,0,1,1,0,1,0,1,1,0,0,0,0,0,0,0,0,0,0,0,0,1,0,0,1,0,1,0,0,0
36,104.8,3886.45,107.95694444444445,0,0,0,0,1,0,1,1,0,0,0,0,1,0,1,0,0,0,1,0,1,1,0,1,0,0,0,1,0
2,19.3,44.4,22.2,0,0,0,0,1,0,0,0,1,1,0,1,0,1,0,1,0,1,0,1,0,0,0,0,0,0,1,0,0
7,35.3,264.8,37.82857142857143,1,0,0,0,0,1,0,0,0,0,1,0,0,0,1,0,0,0,0,0,0,1,0,0,0,0,1,0,0
15,19.45,340.85,22.723333333333336,1,0,1,0,1,0,0,0,1,1,0,1,0,1,0,1,0,1,0,1,0,0,0,1,1,0,0,1,0
2,79.45,145.15,72.575,1,0,0,0,1,0,1,1,0,0,0,0,1,0,0,0,0,0,0,0,0,0,0,1,0,1,0,0,0
71,47.6,3377.8,47.57464788732395,0,0,1,0,0,1,0,0,0,0,1,0,1,0,1,0,1,0,0,0,0,0,1,1,0,0,0,0,1
27,75.75,1929.0,71.44444444444444,1,0,1,1,1,0,1,1,0,0,0,0,0,0,0,0,0,0,0,0,0,0,0,1,0,0,0,1,0
44,54.9,2549.1,57.934090909090905,1,0,1,1,1,0,0,0,0,0,0,0,1,0,0,0,1,0,0,0,0,0,0,1,0,0,0,0,1
46,70.6,3231.05,70.24021739130436,0,0,1,0,1,0,0,0,0,0,1,0,1,0,0,0,1,0,0,0,1,1,0,0,0,0,1,0,1
31,20.1,589.25,19.008064516129032,0,0,0,1,1,0,0,0,1,1,0,1,0,1,0,1,0,1,0,1,0,1,0,0,1,0,0,1,0
69,78.6,5356.45,77.62971014492753,1,0,0,0,1,0,1,0,0,0,1,0,1,0,1,0,1,0,0,0,1,1,0,1,1,0,0,0,1
25,60.35,1404.65,56.18600000000001,1,0,1,1,1,0,1,0,0,0,0,0,0,0,0,0,0,0,1,0,0,0,0,0,0,1,0,1,0
25,19.15,477.6,19.104,1,0,1,1,1,0,0,0,1,1,0,1,0,1,0,1,0,1,0,1,0,0,0,1,0,0,1,1,0
70,113.05,7869.05,112.415,0,0,1,1,1,0,1,1,0,0,1,0,1,0,1,0,1,0,1,0,1,0,1,1,1,0,0,0,1
72,20.7,1492.1,20.72361111111111,1,0,1,0,1,0,0,0,1,1,0,1,0,1,0,1,0,1,0,1,0,0,1,0,0,0,0,0,1
2,44.35,81.25,40.625,1,0,0,0,1,0,0,0,0,0,0,0,0,0,0,0,0,0,0,0,0,0,0,0,0,1,0,0,0
4,33.65,137.85,34.4625,0,0,0,0,0,1,0,0,0,0,1,0,1,0,0,0,0,0,0,0,0,0,0,1,0,1,0,0,0
66,90.95,5930.05,89.84924242424243,0,0,0,1,1,0,1,1,0,0,1,0,0,0,1,0,1,0,0,0,0,0,1,1,1,0,0,0,1
5,65.6,339.9,67.97999999999999,1,0,0,0,1,0,0,0,0,0,0,0,1,0,0,0,1,0,0,0,1,0,0,1,0,0,0,0,0
1,50.8,50.8,50.8,1,0,0,0,1,0,0,0,0,0,0,0,1,0,0,0,0,0,0,0,0,0,0,0,0,1,0,0,0
1,95.0,95.0,95.0,1,0,1,0,1,0,0,1,0,0,1,0,0,0,0,0,0,0,1,0,1,0,0,1,0,1,0,0,0
1,20.2,20.2,20.2,0,0,0,0,1,0,0,0,1,1,0,1,0,1,0,1,0,1,0,1,0,0,0,1,0,0,1,0,0
70,104.8,7308.95,104.41357142857143,1,1,1,0,1,0,1,1,0,0,0,0,1,0,1,0,0,0,1,0,1,1,0,1,0,1,0,0,1
59,100.05,6034.85,102.285593220339,0,0,1,0,1,0,0,1,0,0,0,0,1,0,0,0,1,0,1,0,1,0,1,1,0,0,1,0,1
12,19.35,219.35,18.279166666666665,0,0,0,0,1,0,0,0,1,1,0,1,0,1,0,1,0,1,0,1,0,1,0,1,0,0,0,0,0
2,19.4,50.6,25.3,1,0,0,0,1,0,0,0,1,1,0,1,0,1,0,1,0,1,0,1,0,0,0,0,0,0,1,0,0
41,20.0,879.8,21.458536585365852,1,0,1,1,1,0,0,0,1,1,0,1,0,1,0,1,0,1,0,1,0,0,1,1,0,0,1,0,1
38,103.65,3988.5,104.96052631578948,0,0,0,0,1,0,1,1,0,0,0,0,0,0,1,0,1,0,1,0,1,0,0,1,0,1,0,0,1
64,115.0,7396.15,115.56484375,0,0,1,0,1,0,1,1,0,0,1,0,1,0,1,0,1,0,1,0,1,1,0,1,0,1,0,0,1
1,74.6,74.6,74.6,1,0,1,0,1,0,1,1,0,0,0,0,0,0,0,0,0,0,0,0,0,0,0,1,0,0,0,0,0
5,96.5,492.55,98.51,1,0,0,0,1,0,0,1,0,0,0,0,0,0,1,0,0,0,1,0,1,0,0,0,0,0,0,0,0
1,25.25,25.25,25.25,0,0,0,0,0,1,0,0,0,0,0,0,0,0,0,0,0,0,0,0,0,0,0,0,0,0,0,0,0
44,19.55,819.95,18.635227272727274,1,0,0,1,1,0,0,0,1,1,0,1,0,1,0,1,0,1,0,1,0,0,1,0,0,0,0,0,1
1,89.15,89.15,89.15,1,0,1,1,1,0,0,1,0,0,0,0,0,0,0,0,0,0,1,0,1,0,0,0,0,0,1,0,0
30,94.4,2838.7,94.62333333333332,1,0,1,1,1,0,1,1,0,0,1,0,1,0,0,0,0,0,1,0,0,0,0,1,0,1,0,1,0
41,99.65,4220.35,102.93536585365854,1,0,0,0,1,0,0,1,0,0,0,0,1,0,0,0,1,0,1,0,1,0,1,1,1,0,0,0,1
53,19.9,1110.05,20.944339622641508,1,0,1,0,1,0,0,0,1,1,0,1,0,1,0,1,0,1,0,1,0,0,1,0,1,0,0,0,1
72,114.5,8331.95,115.7215277777778,1,1,1,0,1,0,1,1,0,0,1,0,1,0,1,0,1,0,1,0,1,0,1,1,0,0,1,0,1
7,84.8,546.95,78.13571428571429,1,1,0,0,1,0,1,1,0,0,0,0,0,0,0,0,0,0,1,0,0,0,0,1,0,1,0,0,0
50,69.5,3418.2,68.36399999999999,1,0,0,0,1,0,1,0,0,0,0,0,0,0,1,0,1,0,0,0,1,0,1,0,0,0,0,0,1
1,45.6,45.6,45.6,1,0,0,0,1,0,0,0,0,0,0,0,0,0,0,0,0,0,0,0,0,0,0,0,0,0,1,0,0
31,20.9,689.35,22.23709677419355,0,0,0,0,1,0,0,0,1,1,0,1,0,1,0,1,0,1,0,1,0,0,1,0,1,0,0,1,0
40,104.8,4131.95,103.29875,1,0,0,0,1,0,1,1,0,0,0,0,0,0,1,0,1,0,1,0,1,0,0,0,0,0,0,0,1
1,20.25,20.25,20.25,0,0,0,0,1,0,0,0,1,1,0,1,0,1,0,1,0,1,0,1,0,0,0,1,0,0,1,0,0
60,49.45,2907.55,48.45916666666667,0,1,1,0,0,1,0,0,0,0,0,0,1,0,0,0,0,0,1,0,1,0,1,1,1,0,0,0,1
17,61.95,1070.7,62.98235294117647,0,0,1,1,1,0,1,0,0,0,0,0,0,0,1,0,1,0,0,0,0,1,0,1,0,0,1,1,0
72,84.45,5899.85,81.94236111111111,1,1,1,0,1,0,1,0,0,0,1,0,1,0,1,0,0,0,1,0,1,0,1,0,1,0,0,0,1
26,89.15,2277.65,87.60192307692309,0,1,0,0,1,0,1,1,0,0,0,0,1,0,0,0,0,0,1,0,0,0,0,1,0,1,0,1,0
1,90.55,90.55,90.55,1,0,0,0,1,0,0,1,0,0,0,0,0,0,0,0,0,0,1,0,1,0,0,1,0,1,0,0,0
7,74.65,521.1,74.44285714285715,0,0,0,0,1,0,1,0,0,0,0,0,0,0,0,0,1,0,1,0,1,0,0,1,0,1,0,0,0
1,75.45,75.45,75.45,1,0,0,0,1,0,1,1,0,0,0,0,0,0,0,0,0,0,0,0,0,0,0,1,0,1,0,0,0
64,90.25,5629.15,87.95546875,1,0,1,1,1,0,1,1,0,0,0,0,0,0,1,0,0,0,0,0,1,1,0,0,1,0,0,0,1
33,82.1,2603.1,78.88181818181818,1,0,1,1,1,0,0,0,0,0,0,0,1,0,1,0,1,0,1,0,1,0,1,0,1,0,0,1,0
68,20.05,1386.9,20.39558823529412,0,0,0,0,1,0,0,0,1,1,0,1,0,1,0,1,0,1,0,1,0,0,1,0,0,0,0,0,1
34,20.65,716.4,21.070588235294117,0,0,1,1,1,0,0,0,1,1,0,1,0,1,0,1,0,1,0,1,0,0,0,0,0,0,1,1,0
3,19.65,68.35,22.78333333333333,1,0,0,0,1,0,0,0,1,1,0,1,0,1,0,1,0,1,0,1,0,0,0,1,0,0,1,0,0
7,20.25,129.15,18.45,0,0,0,0,1,0,0,0,1,1,0,1,0,1,0,1,0,1,0,1,0,1,0,0,0,0,1,0,0
6,89.25,487.05,81.175,0,0,0,0,1,0,0,1,0,0,0,0,0,0,1,0,1,0,0,0,1,0,0,1,0,1,0,0,0
12,69.85,837.5,69.79166666666667,1,0,0,1,1,0,0,0,0,0,1,0,0,0,0,0,0,0,1,0,1,0,0,1,0,0,1,0,0
59,75.95,4542.35,76.98898305084747,0,0,1,1,1,0,0,0,0,0,0,0,1,0,0,0,1,0,1,0,1,0,1,1,1,0,0,0,1
12,80.85,866.45,72.20416666666667,1,0,1,0,1,0,0,1,0,0,1,0,0,0,0,0,1,0,0,0,0,0,0,0,0,0,0,0,0
52,48.8,2555.05,49.135576923076925,1,1,0,0,0,1,0,0,0,0,1,0,0,0,0,0,0,0,1,0,1,0,0,1,1,0,0,0,1
32,91.05,2954.5,92.328125,0,0,1,1,1,0,1,1,0,0,0,0,0,0,1,0,0,0,0,0,1,0,0,1,0,0,0,1,0
67,107.05,7142.5,106.6044776119403,0,1,1,0,1,0,1,1,0,0,1,0,0,0,1,0,0,0,1,0,1,1,0,1,1,0,0,0,1
51,19.1,1007.8,19.76078431372549,1,0,0,0,1,0,0,0,1,1,0,1,0,1,0,1,0,1,0,1,0,1,0,0,0,1,0,0,1
8,49.4,408.25,51.03125,0,0,0,0,1,0,0,0,0,0,0,0,0,0,0,0,1,0,0,0,0,0,0,0,0,1,0,0,0
3,88.3,273.75,91.25,0,1,1,1,1,0,0,1,0,0,1,0,0,0,0,0,1,0,1,0,0,0,0,1,0,0,1,0,0
72,100.65,7334.05,101.86180555555556,0,0,1,0,1,0,1,1,0,0,1,0,1,0,1,0,0,0,1,0,0,0,1,0,0,0,0,0,1
37,85.7,3171.15,85.70675675675676,1,1,1,0,1,0,1,1,0,0,0,0,0,0,0,0,0,0,1,0,0,0,0,1,0,1,0,0,1
64,24.8,1514.85,23.66953125,1,0,1,1,1,0,1,0,1,1,0,1,0,1,0,1,0,1,0,1,0,0,1,1,0,0,1,0,1
26,84.95,2169.75,83.45192307692308,0,1,1,0,1,0,0,1,0,0,0,0,1,0,0,0,0,0,0,0,1,0,0,0,0,1,0,1,0
16,94.25,1483.25,92.703125,1,0,0,0,1,0,0,1,0,0,1,0,0,0,0,0,0,0,1,0,1,0,0,1,0,1,0,1,0
2,104.4,242.8,121.4,0,0,1,0,1,0,1,1,0,0,0,0,0,0,1,0,1,0,1,0,1,0,0,1,0,1,0,0,0
37,78.9,2976.95,80.4581081081081,0,0,0,0,1,0,1,0,0,0,1,0,1,0,1,0,1,0,1,0,0,0,0,1,1,0,0,0,1
66,114.3,7383.7,111.87424242424242,1,0,0,0,1,0,1,1,0,0,1,0,1,0,1,0,1,0,1,0,1,1,0,1,0,0,0,0,1
72,91.35,6697.2,93.01666666666667,0,0,0,0,1,0,1,0,0,0,1,0,1,0,1,0,1,0,1,0,1,0,1,1,0,0,0,0,1
1,45.1,45.1,45.1,0,1,0,0,1,0,0,0,0,0,0,0,0,0,0,0,0,0,0,0,0,0,0,0,0,0,1,0,0
46,100.7,4541.2,98.72173913043478,1,1,1,1,1,0,1,1,0,0,1,0,1,0,1,0,0,0,1,0,0,0,0,1,0,1,0,0,1
69,19.8,1436.95,20.82536231884058,0,0,1,1,1,0,0,0,1,1,0,1,0,1,0,1,0,1,0,1,0,0,1,0,1,0,0,0,1
46,95.65,4664.2,101.39565217391304,0,0,0,0,1,0,0,1,0,0,1,0,1,0,1,0,0,0,1,0,0,1,0,1,1,0,0,0,1
8,85.65,659.45,82.43125,1,0,1,0,1,0,1,1,0,0,0,0,0,0,0,0,0,0,0,0,1,0,0,1,0,0,0,0,0
8,60.0,487.75,60.96875,0,0,0,0,1,0,0,0,0,0,1,0,0,0,0,0,0,0,1,0,0,0,0,1,0,1,0,0,0
1,20.05,20.05,20.05,1,0,0,0,1,0,0,0,1,1,0,1,0,1,0,1,0,1,0,1,0,0,0,0,0,0,0,0,0
67,92.45,6140.85,91.65447761194031,0,1,0,0,1,0,0,1,0,0,1,0,1,0,0,0,1,0,1,0,0,0,1,1,0,0,0,0,1
69,24.6,1678.05,24.319565217391304,0,0,0,0,1,0,1,0,1,1,0,1,0,1,0,1,0,1,0,1,0,0,1,0,1,0,0,0,1
14,50.45,765.45,54.675000000000004,0,0,0,0,1,0,0,0,0,0,0,0,1,0,0,0,0,0,0,0,0,0,0,0,0,1,0,1,0
68,54.45,3687.75,54.231617647058826,0,0,0,0,1,0,1,0,0,0,1,0,0,0,0,0,0,0,0,0,0,0,0,0,0,0,1,0,1
43,44.15,1931.3,44.913953488372094,1,0,0,0,0,1,0,0,0,0,0,0,0,0,1,0,1,0,0,0,1,1,0,0,0,1,0,0,1
2,19.9,57.4,28.7,0,0,0,0,1,0,0,0,1,1,0,1,0,1,0,1,0,1,0,1,0,0,0,0,0,1,0,0,0
6,45.0,298.7,49.78333333333333,0,0,0,0,0,1,0,0,0,0,0,0,0,0,0,0,0,0,1,0,1,0,0,0,1,0,0,0,0
13,20.85,272.35,20.950000000000003,0,0,1,1,1,0,0,0,1,1,0,1,0,1,0,1,0,1,0,1,0,0,1,0,0,0,1,1,0
54,19.65,1008.7,18.67962962962963,1,0,0,0,1,0,0,0,1,1,0,1,0,1,0,1,0,1,0,1,0,0,1,0,1,0,0,0,1
3,44.75,148.05,49.35,0,0,0,0,1,0,0,0,0,0,0,0,0,0,0,0,0,0,0,0,0,0,0,0,0,0,1,0,0
26,78.8,2006.1,77.1576923076923,0,1,0,0,1,0,0,1,0,0,0,0,0,0,0,0,0,0,0,0,1,0,0,1,0,1,0,1,0
38,84.1,3187.65,83.88552631578948,0,0,0,0,1,0,1,0,0,0,1,0,1,0,1,0,0,0,1,0,1,1,0,0,0,0,0,0,1
23,20.4,478.75,20.815217391304348,0,0,1,1,1,0,0,0,1,1,0,1,0,1,0,1,0,1,0,1,0,0,1,0,0,0,0,1,0
14,19.7,263.65,18.832142857142856,0,0,1,1,1,0,0,0,1,1,0,1,0,1,0,1,0,1,0,1,0,0,1,1,0,0,1,1,0
37,61.45,2302.35,62.225675675675674,1,0,0,1,1,0,0,0,0,0,1,0,1,0,0,0,1,0,0,0,0,0,1,0,1,0,0,0,1
30,40.3,1172.95,39.098333333333336,0,1,0,0,0,1,0,0,0,0,0,0,0,0,1,0,0,0,1,0,0,0,0,1,0,1,0,1,0
7,79.7,586.05,83.72142857142856,0,0,0,0,1,0,0,1,0,0,0,0,0,0,0,0,0,0,1,0,0,0,0,1,0,1,0,0,0
2,91.4,193.6,96.8,0,0,0,0,1,0,1,1,0,0,0,0,0,0,1,0,0,0,1,0,0,0,0,1,0,1,0,0,0
33,24.9,847.8,25.690909090909088,1,1,0,0,1,0,1,0,1,1,0,1,0,1,0,1,0,1,0,1,0,1,0,1,0,0,0,1,0
50,75.15,3822.45,76.449,1,1,1,1,1,0,1,0,0,0,1,0,1,0,1,0,0,0,0,0,1,0,1,1,0,0,0,0,1
23,25.1,611.45,26.584782608695654,0,0,1,1,1,0,1,0,1,1,0,1,0,1,0,1,0,1,0,1,0,0,1,0,0,0,1,1,0
72,103.65,7634.8,106.03888888888889,1,0,0,0,1,0,1,1,0,0,0,0,1,0,1,0,0,0,1,0,1,0,1,1,0,1,0,0,1
66,106.05,6981.35,105.7780303030303,1,0,1,0,1,0,1,1,0,0,1,0,0,0,1,0,0,0,1,0,1,0,1,1,1,0,0,0,1
1,29.7,29.7,29.7,1,0,0,0,0,1,0,0,0,0,1,0,0,0,0,0,0,0,0,0,0,0,0,0,0,0,1,0,0
12,19.2,239.0,19.916666666666668,1,0,1,1,1,0,0,0,1,1,0,1,0,1,0,1,0,1,0,1,0,0,0,1,0,1,0,0,0
61,43.7,2696.55,44.205737704918036,0,0,0,0,0,1,0,0,0,0,1,0,1,0,1,0,1,0,0,0,0,1,0,0,1,0,0,0,1
46,19.4,958.15,20.829347826086956,0,0,1,1,1,0,0,0,1,1,0,1,0,1,0,1,0,1,0,1,0,0,1,0,1,0,0,0,1
21,58.85,1215.45,57.87857142857143,0,0,1,1,1,0,0,0,0,0,0,0,1,0,0,0,0,0,1,0,0,1,0,1,1,0,0,1,0
32,36.25,1151.05,35.9703125,1,0,1,1,0,1,0,0,0,0,0,0,0,0,1,0,1,0,0,0,0,1,0,1,0,0,1,1,0
20,20.05,406.05,20.302500000000002,0,0,1,1,1,0,0,0,1,1,0,1,0,1,0,1,0,1,0,1,0,0,0,0,0,0,1,1,0
21,35.1,770.4,36.68571428571428,0,0,0,0,0,1,0,0,0,0,1,0,0,0,0,0,1,0,0,0,0,0,1,0,0,0,1,1,0
15,19.4,289.3,19.28666666666667,0,0,0,0,1,0,0,0,1,1,0,1,0,1,0,1,0,1,0,1,0,0,0,0,0,0,0,1,0
3,19.75,58.85,19.616666666666667,0,0,0,0,1,0,0,0,1,1,0,1,0,1,0,1,0,1,0,1,0,0,0,0,0,1,0,0,0
10,72.85,688.65,68.865,1,1,0,0,1,0,0,1,0,0,0,0,1,0,0,0,0,0,0,0,0,0,0,1,0,1,0,0,0
66,88.9,6000.1,90.91060606060607,0,0,0,0,1,0,1,1,0,0,0,0,1,0,0,0,0,0,1,0,0,1,0,1,0,0,0,0,1
15,19.75,297.3,19.82,0,0,0,0,1,0,0,0,1,1,0,1,0,1,0,1,0,1,0,1,0,0,0,0,0,0,0,1,0
17,20.75,418.25,24.602941176470587,0,0,1,1,1,0,0,0,1,1,0,1,0,1,0,1,0,1,0,1,0,1,0,0,0,0,1,1,0
51,84.2,4146.05,81.29509803921569,1,1,1,1,1,0,1,1,0,0,0,0,1,0,1,0,0,0,0,0,0,0,0,1,0,1,0,0,1
2,80.25,144.55,72.275,1,0,0,0,1,0,0,1,0,0,0,0,0,0,0,0,0,0,1,0,0,0,0,1,0,1,0,0,0
1,29.85,29.85,29.85,0,0,1,0,0,1,0,0,0,0,0,0,1,0,0,0,0,0,0,0,0,0,0,1,0,1,0,0,0
1,19.9,19.9,19.9,0,0,0,0,1,0,0,0,1,1,0,1,0,1,0,1,0,1,0,1,0,0,0,0,0,0,1,0,0
48,45.0,2196.3,45.75625,0,0,1,1,0,1,0,0,0,0,1,0,0,0,1,0,0,0,0,0,1,1,0,0,1,0,0,0,1
27,79.5,2180.55,80.76111111111112,1,0,0,1,1,0,1,1,0,0,0,0,0,0,0,0,1,0,0,0,0,0,0,1,0,1,0,1,0
20,59.2,1191.2,59.56,1,0,0,0,1,0,1,0,0,0,1,0,0,0,0,0,1,0,0,0,0,0,0,0,0,0,0,1,0
1,31.35,31.35,31.35,1,0,0,1,0,1,0,0,0,0,0,0,1,0,0,0,0,0,0,0,0,0,0,1,0,0,1,0,0
5,20.2,83.75,16.75,1,0,0,1,1,0,0,0,1,1,0,1,0,1,0,1,0,1,0,1,0,0,0,0,0,0,1,0,0
11,51.1,531.15,48.28636363636363,0,0,0,0,1,0,0,0,0,0,0,0,1,0,0,0,0,0,0,0,0,0,0,0,0,1,0,0,0
2,20.55,33.6,16.8,0,0,0,0,1,0,0,0,1,1,0,1,0,1,0,1,0,1,0,1,0,0,0,1,0,0,1,0,0
17,25.15,412.6,24.27058823529412,1,0,1,1,1,0,1,0,1,1,0,1,0,1,0,1,0,1,0,1,0,0,1,1,0,0,1,1,0
7,29.8,201.95,28.849999999999998,0,0,0,1,0,1,0,0,0,0,1,0,0,0,0,0,0,0,0,0,0,0,0,0,0,0,1,0,0
31,49.2,1498.55,48.34032258064516,0,0,1,0,1,0,0,0,0,0,0,0,0,0,0,0,1,0,0,0,0,0,0,1,0,0,1,1,0
66,80.45,5224.35,79.15681818181818,0,1,0,0,1,0,1,1,0,0,0,0,1,0,0,0,0,0,0,0,0,0,0,1,1,0,0,0,1
1,94.6,94.6,94.6,0,0,0,0,1,0,1,1,0,0,0,0,0,0,0,0,0,0,1,0,1,0,0,1,0,1,0,0,0
5,85.3,424.15,84.83,1,0,0,0,1,0,1,1,0,0,0,0,1,0,1,0,0,0,0,0,0,0,0,1,0,1,0,0,0
42,97.1,4016.75,95.63690476190476,1,0,1,1,1,0,1,1,0,0,1,0,0,0,0,0,0,0,1,0,1,1,0,0,0,1,0,0,1
68,79.6,5515.8,81.11470588235295,0,0,1,0,1,0,0,0,0,0,1,0,1,0,0,0,1,0,1,0,1,0,1,1,0,0,0,0,1
12,20.1,232.4,19.366666666666667,0,0,1,1,1,0,0,0,1,1,0,1,0,1,0,1,0,1,0,1,0,0,0,1,1,0,0,0,0
1,74.4,74.4,74.4,1,1,1,0,1,0,1,1,0,0,0,0,0,0,0,0,0,0,0,0,0,0,0,1,0,1,0,0,0
60,61.4,3638.25,60.6375,1,0,0,0,1,0,0,0,0,0,1,0,1,0,1,0,0,0,0,0,0,0,1,0,0,1,0,0,1
38,101.15,3741.85,98.46973684210526,1,1,1,1,1,0,1,1,0,0,0,0,1,0,0,0,0,0,1,0,1,0,0,0,0,1,0,0,1
12,96.0,1062.1,88.50833333333333,0,0,0,0,1,0,0,1,0,0,0,0,0,0,1,0,0,0,1,0,1,0,0,1,0,1,0,0,0
15,76.5,1155.6,77.03999999999999,0,0,1,1,1,0,0,0,0,0,0,0,1,0,1,0,1,0,1,0,1,0,0,0,0,0,0,1,0
71,99.2,7213.75,101.60211267605634,0,1,1,0,1,0,0,1,0,0,0,0,1,0,1,0,0,0,1,0,1,0,1,1,0,1,0,0,1
72,63.1,4685.55,65.07708333333333,1,1,1,0,0,1,0,0,0,0,1,0,1,0,1,0,1,0,1,0,1,0,1,1,0,0,0,0,1
11,72.9,818.45,74.40454545454546,1,0,0,0,1,0,0,1,0,0,0,0,0,0,1,0,0,0,0,0,0,0,0,0,0,1,0,0,0
70,65.2,4543.15,64.90214285714285,0,0,1,1,1,0,1,0,0,0,1,0,0,0,0,0,0,0,0,0,1,1,0,0,0,0,0,0,1
1,55.0,55.0,55.0,0,0,0,0,1,0,0,0,0,0,0,0,0,0,0,0,0,0,1,0,0,0,0,1,1,0,0,0,0
25,25.5,630.6,25.224,1,0,1,1,1,0,1,0,1,1,0,1,0,1,0,1,0,1,0,1,0,0,1,0,1,0,0,1,0
72,110.1,7746.7,107.59305555555555,0,1,0,0,1,0,1,1,0,0,1,0,1,0,0,0,1,0,1,0,1,0,1,1,0,0,0,0,1
8,59.25,436.6,54.575,1,0,0,0,1,0,1,0,0,0,0,0,0,0,0,0,0,0,1,0,0,0,0,1,0,1,0,0,0
29,55.35,1636.95,56.44655172413793,1,0,1,1,0,1,0,0,0,0,1,0,1,0,1,0,1,0,0,0,1,1,0,1,1,0,0,1,0
5,55.75,266.95,53.39,1,0,0,0,1,0,0,0,0,0,1,0,0,0,0,0,1,0,0,0,0,0,0,1,0,0,1,0,0
32,50.6,1653.45,51.6703125,1,0,1,1,0,1,0,0,0,0,0,0,0,0,1,0,0,0,1,0,1,0,0,0,1,0,0,1,0
1,75.5,75.5,75.5,1,0,0,0,1,0,0,0,0,0,0,0,0,0,1,0,1,0,1,0,1,0,0,1,0,1,0,0,0
70,88.0,5986.45,85.52071428571428,1,0,1,0,1,0,1,1,0,0,1,0,1,0,0,0,1,0,0,0,0,0,1,1,1,0,0,0,1
1,20.1,20.1,20.1,1,0,0,0,1,0,0,0,1,1,0,1,0,1,0,1,0,1,0,1,0,0,0,1,0,0,1,0,0
27,75.2,1929.35,71.4574074074074,0,1,1,0,1,0,0,1,0,0,1,0,0,0,0,0,0,0,0,0,0,0,0,1,0,0,0,1,0
14,24.8,321.7,22.978571428571428,1,0,0,0,1,0,1,0,1,1,0,1,0,1,0,1,0,1,0,1,0,1,0,1,1,0,0,1,0
30,94.05,2866.45,95.54833333333333,1,0,1,0,1,0,1,1,0,0,0,0,0,0,0,0,0,0,1,0,1,0,0,1,1,0,0,1,0
64,60.05,3845.45,60.08515625,1,0,1,1,0,1,0,0,0,0,1,0,0,0,1,0,1,0,1,0,1,0,1,1,0,0,0,0,1
42,25.1,1097.15,26.12261904761905,1,0,1,0,0,1,0,0,0,0,0,0,0,0,0,0,0,0,0,0,0,0,0,1,1,0,0,0,1
1,69.85,69.85,69.85,0,1,0,0,1,0,0,1,0,0,0,0,0,0,0,0,0,0,0,0,0,0,0,1,0,1,0,0,0
40,20.4,745.3,18.6325,1,0,1,1,1,0,0,0,1,1,0,1,0,1,0,1,0,1,0,1,0,0,0,1,0,0,0,0,1
66,100.8,6690.75,101.375,0,1,1,0,1,0,1,1,0,0,0,0,1,0,0,0,0,0,1,0,1,0,0,1,0,1,0,0,1
1,50.8,50.8,50.8,0,0,0,0,1,0,0,0,0,0,0,0,0,0,0,0,1,0,0,0,0,0,0,1,0,1,0,0,0
27,81.7,2212.55,81.9462962962963,1,0,0,0,1,0,0,0,0,0,1,0,0,0,1,0,1,0,1,0,1,1,0,0,0,1,0,1,0
29,45.0,1228.65,42.36724137931035,0,1,1,0,0,1,0,0,0,0,1,0,0,0,1,0,0,0,0,0,1,0,0,1,0,1,0,1,0
65,99.05,6416.7,98.71846153846154,0,0,1,1,1,0,1,1,0,0,1,0,1,0,0,0,1,0,1,0,0,0,1,1,1,0,0,0,1
24,93.55,2264.05,94.33541666666667,0,1,1,0,1,0,1,1,0,0,0,0,0,0,0,0,0,0,1,0,1,0,0,1,0,1,0,1,0
72,99.15,7422.1,103.08472222222223,1,0,1,0,1,0,1,1,0,0,1,0,1,0,1,0,0,0,0,0,1,0,1,1,0,1,0,0,1
70,39.15,2692.75,38.46785714285714,1,0,1,0,0,1,0,0,0,0,1,0,0,0,1,0,1,0,0,0,0,0,1,1,1,0,0,0,1
19,96.8,1743.05,91.73947368421052,0,0,1,0,1,0,0,1,0,0,0,0,0,0,1,0,0,0,1,0,1,0,0,1,0,1,0,1,0
7,90.45,593.45,84.77857142857144,1,0,0,0,1,0,1,1,0,0,0,0,0,0,1,0,0,0,1,0,0,0,0,1,0,1,0,0,0
10,91.1,964.35,96.435,0,0,0,1,1,0,0,1,0,0,0,0,0,0,1,0,1,0,1,0,0,0,0,1,0,1,0,0,0
72,24.15,1776.45,24.672916666666666,0,0,1,0,1,0,1,0,1,1,0,1,0,1,0,1,0,1,0,1,0,0,1,1,1,0,0,0,1
2,74.2,140.1,70.05,1,1,1,0,1,0,0,1,0,0,0,0,0,0,1,0,0,0,0,0,0,0,0,1,0,1,0,0,0
72,90.95,6468.6,89.84166666666667,0,0,1,0,1,0,1,0,0,0,1,0,1,0,1,0,1,0,1,0,1,0,1,1,0,0,0,0,1
39,101.25,3949.15,101.26025641025642,0,1,1,0,1,0,1,1,0,0,0,0,0,0,0,0,1,0,1,0,1,0,0,1,0,1,0,0,1
38,20.2,735.9,19.36578947368421,0,1,0,0,1,0,0,0,1,1,0,1,0,1,0,1,0,1,0,1,0,0,1,0,0,0,1,0,1
20,81.45,1671.6,83.58,0,1,0,0,1,0,0,1,0,0,0,0,0,0,0,0,0,0,0,0,1,0,0,1,0,1,0,1,0
69,95.2,6671.7,96.69130434782609,1,0,1,1,1,0,0,1,0,0,0,0,0,0,0,0,1,0,1,0,1,0,1,1,1,0,0,0,1
30,86.45,2538.05,84.60166666666667,0,0,1,1,1,0,0,1,0,0,0,0,0,0,1,0,0,0,0,0,1,1,0,0,0,1,0,1,0
57,57.5,3265.95,57.29736842105263,1,0,1,0,0,1,0,0,0,0,0,0,1,0,1,0,1,0,1,0,1,0,1,1,0,0,0,0,1
17,25.65,440.2,25.894117647058824,1,0,0,0,0,1,0,0,0,0,0,0,0,0,0,0,0,0,0,0,0,0,0,1,0,0,1,1,0
53,20.9,1146.05,21.623584905660376,0,0,1,1,1,0,0,0,1,1,0,1,0,1,0,1,0,1,0,1,0,0,1,0,0,0,1,0,1
5,84.7,392.5,78.5,0,1,0,0,1,0,0,1,0,0,0,0,1,0,0,0,0,0,1,0,0,0,0,1,0,1,0,0,0
43,24.45,993.15,23.096511627906978,0,0,1,1,1,0,1,0,1,1,0,1,0,1,0,1,0,1,0,1,0,1,0,1,0,0,0,0,1
65,84.2,5324.5,81.91538461538461,1,0,1,1,1,0,1,0,0,0,0,0,1,0,1,0,1,0,1,0,1,0,1,1,0,0,0,0,1
37,19.35,683.75,18.47972972972973,0,0,1,1,1,0,0,0,1,1,0,1,0,1,0,1,0,1,0,1,0,0,0,0,0,1,0,0,1
11,20.45,237.3,21.572727272727274,1,0,0,0,1,0,0,0,1,1,0,1,0,1,0,1,0,1,0,1,0,0,0,1,1,0,0,0,0
45,78.75,3600.65,80.01444444444445,1,0,1,1,1,0,1,0,0,0,0,0,1,0,1,0,0,0,1,0,1,1,0,0,1,0,0,0,1
37,96.1,3646.8,98.56216216216217,1,0,0,0,1,0,0,1,0,0,0,0,1,0,0,0,0,0,1,0,1,0,0,1,1,0,0,0,1
18,56.25,969.85,53.88055555555556,1,0,0,0,1,0,1,0,0,0,1,0,0,0,0,0,0,0,0,0,0,0,0,0,0,0,1,1,0
45,42.3,1840.75,40.90555555555556,1,0,0,0,0,1,0,0,0,0,1,0,0,0,1,0,1,0,0,0,0,1,0,0,0,0,0,0,1
3,35.45,106.85,35.61666666666667,1,0,0,0,0,1,0,0,0,0,1,0,1,0,0,0,0,0,0,0,0,0,0,1,0,0,1,0,0
7,20.25,174.7,24.957142857142856,1,0,1,1,1,0,0,0,1,1,0,1,0,1,0,1,0,1,0,1,0,0,0,1,0,0,0,0,0
30,79.65,2365.15,78.83833333333334,1,1,1,0,1,0,0,1,0,0,0,0,1,0,1,0,0,0,0,0,0,0,0,1,0,0,1,1,0
5,54.2,308.25,61.65,0,0,0,0,1,0,0,0,0,0,1,0,0,0,0,0,1,0,0,0,0,0,0,0,0,1,0,0,0
28,101.3,2812.2,100.43571428571428,0,1,1,0,1,0,1,1,0,0,0,0,0,0,0,0,1,0,1,0,1,0,0,1,1,0,0,1,0
4,74.45,294.45,73.6125,0,1,0,0,1,0,1,1,0,0,0,0,0,0,0,0,0,0,0,0,0,0,0,1,0,1,0,0,0
27,53.8,1389.85,51.47592592592592,1,0,1,0,1,0,0,0,0,0,0,0,1,0,0,0,1,0,0,0,0,0,0,1,0,1,0,1,0
50,106.8,5347.95,106.959,0,1,0,0,1,0,1,1,0,0,0,0,1,0,0,0,1,0,1,0,1,1,0,1,0,1,0,0,1
51,80.0,4242.35,83.18333333333334,1,0,0,0,1,0,1,1,0,0,0,0,0,0,1,0,0,0,0,0,0,0,0,0,1,0,0,0,1
30,19.3,602.9,20.096666666666668,0,0,1,1,1,0,0,0,1,1,0,1,0,1,0,1,0,1,0,1,0,0,1,0,0,0,1,1,0
14,80.45,1137.05,81.21785714285714,0,0,1,1,1,0,1,0,0,0,0,0,1,0,0,0,1,0,1,0,1,0,0,0,1,0,0,1,0
70,102.95,7101.5,101.45,1,1,1,0,1,0,1,1,0,0,0,0,1,0,1,0,0,0,1,0,1,0,0,1,0,1,0,0,1
71,113.15,7953.25,112.01760563380282,1,0,1,0,1,0,1,1,0,0,0,0,1,0,1,0,1,0,1,0,1,1,0,1,0,0,0,0,1
29,30.6,856.35,29.529310344827586,0,0,0,0,0,1,0,0,0,0,0,0,1,0,0,0,0,0,0,0,0,0,0,1,0,1,0,1,0
58,100.35,5681.1,97.95,1,0,1,0,1,0,1,1,0,0,0,0,0,0,1,0,0,0,1,0,1,1,0,0,1,0,0,0,1
1,18.85,18.85,18.85,1,0,0,0,1,0,0,0,1,1,0,1,0,1,0,1,0,1,0,1,0,0,0,1,0,0,1,0,0
36,31.05,1126.35,31.287499999999998,0,0,0,0,0,1,0,0,0,0,1,0,0,0,0,0,0,0,0,0,0,0,1,0,0,0,0,1,0
72,25.65,1887.0,26.208333333333332,0,0,1,0,1,0,1,0,1,1,0,1,0,1,0,1,0,1,0,1,0,0,1,0,0,0,0,0,1
17,81.5,1329.2,78.18823529411765,1,1,1,0,1,0,0,1,0,0,0,0,0,0,0,0,0,0,0,0,1,0,0,0,0,0,0,1,0
12,98.1,1060.2,88.35000000000001,0,1,1,0,1,0,1,1,0,0,0,0,1,0,1,0,0,0,1,0,0,0,0,1,0,1,0,0,0
66,29.45,1983.15,30.047727272727276,1,0,0,0,0,1,0,0,0,0,0,0,0,0,0,0,1,0,0,0,0,1,0,0,1,0,0,0,1
5,55.8,274.35,54.870000000000005,1,0,0,0,1,0,0,0,0,0,1,0,0,0,1,0,0,0,0,0,0,0,0,1,0,0,1,0,0
1,44.75,44.75,44.75,1,0,0,0,1,0,0,0,0,0,0,0,0,0,0,0,0,0,0,0,0,0,0,1,0,1,0,0,0
14,44.6,641.25,45.80357142857143,1,0,1,0,1,0,0,0,0,0,0,0,0,0,0,0,0,0,0,0,0,1,0,0,0,1,0,1,0
2,73.55,145.4,72.7,0,0,1,1,1,0,0,1,0,0,0,0,1,0,0,0,0,0,0,0,0,0,0,1,0,0,0,0,0
1,75.3,75.3,75.3,1,0,0,0,1,0,1,1,0,0,0,0,0,0,0,0,0,0,0,0,0,0,0,1,0,1,0,0,0
1,30.55,30.55,30.55,0,0,0,0,0,1,0,0,0,0,0,0,0,0,0,0,1,0,0,0,0,0,0,0,0,0,1,0,0
7,20.35,150.6,21.514285714285712,0,0,0,0,1,0,0,0,1,1,0,1,0,1,0,1,0,1,0,1,0,0,0,0,0,0,1,0,0
26,20.3,511.25,19.66346153846154,1,0,0,0,1,0,0,0,1,1,0,1,0,1,0,1,0,1,0,1,0,0,0,1,0,1,0,1,0
2,86.25,181.65,90.825,0,0,0,0,1,0,0,1,0,0,1,0,1,0,0,0,1,0,0,0,0,0,0,1,0,1,0,0,0
17,34.4,592.75,34.86764705882353,1,0,1,0,0,1,0,0,0,0,1,0,0,0,1,0,0,0,0,0,0,0,0,0,0,0,1,1,0
24,49.7,1167.8,48.65833333333333,1,0,0,0,1,0,0,0,0,0,0,0,0,0,1,0,0,0,0,0,0,0,0,1,0,0,1,1,0
12,43.8,540.95,45.07916666666667,0,0,0,0,1,0,0,0,0,0,0,0,0,0,0,0,0,0,0,0,0,0,0,0,0,0,0,0,0
27,19.85,470.0,17.40740740740741,1,0,0,0,1,0,0,0,1,1,0,1,0,1,0,1,0,1,0,1,0,0,1,0,1,0,0,1,0
70,19.2,1401.4,20.02,0,0,1,1,1,0,0,0,1,1,0,1,0,1,0,1,0,1,0,1,0,0,1,1,0,0,1,0,1
43,109.55,4830.25,112.3313953488372,0,1,1,0,1,0,1,1,0,0,1,0,0,0,1,0,1,0,1,0,1,1,0,1,0,0,1,0,1
38,89.1,3342.0,87.94736842105263,0,0,0,0,1,0,0,1,0,0,0,0,0,0,0,0,0,0,1,0,1,1,0,1,0,0,1,0,1
2,80.75,159.45,79.725,0,0,0,0,1,0,0,1,0,0,0,0,0,0,0,0,0,0,0,0,1,0,0,0,0,1,0,0,0
63,102.4,6444.05,102.28650793650795,1,0,1,0,1,0,1,1,0,0,0,0,1,0,1,0,0,0,1,0,1,0,0,1,0,1,0,0,1
72,96.6,6827.5,94.82638888888889,0,1,1,0,1,0,1,1,0,0,1,0,1,0,1,0,1,0,0,0,0,0,1,1,0,0,0,0,1
12,49.85,552.1,46.00833333333333,0,0,0,0,0,1,0,0,0,0,1,0,0,0,1,0,1,0,0,0,1,0,1,0,0,0,1,0,0
35,56.85,1861.1,53.17428571428571,0,0,1,0,1,0,0,0,0,0,0,0,1,0,0,0,1,0,0,0,0,0,0,0,0,1,0,1,0
16,90.7,1374.9,85.93125,0,0,1,0,1,0,1,1,0,0,1,0,1,0,1,0,0,0,0,0,0,0,0,0,0,1,0,1,0
32,98.85,3089.6,96.55,0,0,1,1,1,0,1,1,0,0,0,0,1,0,0,0,0,0,1,0,1,0,0,1,0,1,0,1,0
72,90.8,6511.8,90.44166666666666,1,0,1,1,1,0,1,1,0,0,0,0,0,0,1,0,0,0,0,0,1,0,1,1,1,0,0,0,1
33,39.1,1309.0,39.666666666666664,1,0,0,0,0,1,0,0,0,0,0,0,1,0,0,0,0,0,1,0,0,1,0,1,0,1,0,1,0
50,103.4,5236.4,104.728,1,0,1,1,1,0,0,1,0,0,0,0,1,0,1,0,1,0,1,0,1,1,0,1,0,0,0,0,1
30,64.5,1888.45,62.94833333333334,1,0,0,0,1,0,1,0,0,0,1,0,0,0,0,0,0,0,0,0,1,0,0,1,0,0,1,1,0
3,20.85,72.0,24.0,0,0,1,0,1,0,0,0,1,1,0,1,0,1,0,1,0,1,0,1,0,0,0,0,0,0,1,0,0
72,20.8,1521.2,21.12777777777778,1,0,0,0,1,0,0,0,1,1,0,1,0,1,0,1,0,1,0,1,0,0,1,1,0,0,1,0,1
1,70.1,70.1,70.1,0,0,0,0,1,0,0,1,0,0,0,0,0,0,0,0,0,0,0,0,0,0,0,1,0,1,0,0,0
71,24.65,1766.75,24.883802816901408,1,1,0,0,1,0,1,0,1,1,0,1,0,1,0,1,0,1,0,1,0,0,1,1,0,0,1,0,1
1,44.7,44.7,44.7,1,0,1,0,1,0,0,0,0,0,0,0,0,0,0,0,0,0,0,0,0,0,0,0,1,0,0,0,0
1,44.8,44.8,44.8,1,0,0,0,1,0,0,0,0,0,0,0,0,0,0,0,0,0,0,0,0,0,0,1,0,1,0,0,0
14,100.2,1369.8,97.84285714285714,0,1,1,0,1,0,1,1,0,0,0,0,1,0,0,0,0,0,1,0,1,0,0,1,0,1,0,1,0
15,85.9,1269.55,84.63666666666667,0,0,0,1,1,0,0,1,0,0,0,0,1,0,0,0,0,0,0,0,1,0,0,1,0,0,0,1,0
4,50.95,207.35,51.8375,1,1,0,0,0,1,0,0,0,0,0,0,1,0,0,0,0,0,1,0,1,0,0,1,1,0,0,0,0
2,79.65,152.7,76.35,0,0,0,0,1,0,0,1,0,0,0,0,0,0,0,0,0,0,1,0,0,0,0,1,0,0,1,0,0
5,83.15,446.05,89.21000000000001,0,1,0,0,1,0,1,1,0,0,0,0,0,0,0,0,0,0,1,0,0,0,0,1,1,0,0,0,0
56,75.75,4284.65,76.51160714285713,1,0,0,0,1,0,0,0,0,0,0,0,1,0,0,0,1,0,1,0,1,1,0,1,0,0,0,0,1
70,25.35,1715.15,24.502142857142857,1,0,1,1,1,0,1,0,1,1,0,1,0,1,0,1,0,1,0,1,0,0,1,0,0,0,1,0,1
7,73.6,520.0,74.28571428571429,1,0,0,0,1,0,1,1,0,0,0,0,0,0,0,0,0,0,0,0,0,0,0,0,0,1,0,0,0
55,96.8,5283.95,96.07181818181817,1,0,0,0,1,0,1,1,0,0,0,0,0,0,0,0,0,0,1,0,1,0,0,1,0,1,0,0,1
35,25.45,809.25,23.12142857142857,1,0,1,1,1,0,1,0,1,1,0,1,0,1,0,1,0,1,0,1,0,0,1,0,0,0,0,1,0
16,20.0,275.7,17.23125,1,0,0,0,1,0,0,0,1,1,0,1,0,1,0,1,0,1,0,1,0,0,0,0,0,0,1,1,0
2,19.25,48.35,24.175,1,0,0,1,1,0,0,0,1,1,0,1,0,1,0,1,0,1,0,1,0,0,0,0,0,0,1,0,0
9,20.15,163.7,18.188888888888886,1,0,0,0,1,0,0,0,1,1,0,1,0,1,0,1,0,1,0,1,0,1,0,1,0,0,1,0,0
24,94.1,2322.85,96.78541666666666,1,0,0,0,1,0,1,1,0,0,0,0,0,0,0,0,0,0,1,0,1,0,0,1,0,1,0,1,0
1,69.1,69.1,69.1,0,0,1,1,1,0,0,1,0,0,0,0,0,0,0,0,0,0,0,0,0,0,0,1,0,0,1,0,0
62,19.85,1253.65,20.220161290322583,1,0,0,0,1,0,0,0,1,1,0,1,0,1,0,1,0,1,0,1,0,0,1,0,0,0,0,0,1
5,70.05,346.4,69.28,1,0,0,0,1,0,0,0,0,0,0,0,0,0,1,0,0,0,1,0,1,0,0,1,0,1,0,0,0
10,79.25,793.55,79.35499999999999,1,1,0,0,1,0,0,1,0,0,0,0,0,0,0,0,0,0,0,0,1,0,0,1,0,1,0,0,0
71,73.5,5357.75,75.46126760563381,1,0,1,0,1,0,1,0,0,0,1,0,1,0,0,0,1,0,1,0,0,0,1,0,1,0,0,0,1
36,18.55,689.0,19.13888888888889,1,0,0,0,1,0,0,0,1,1,0,1,0,1,0,1,0,1,0,1,0,0,1,1,1,0,0,1,0
34,97.65,3207.55,94.33970588235294,0,0,1,0,1,0,1,1,0,0,0,0,0,0,0,0,0,0,1,0,1,0,0,1,0,1,0,1,0
12,26.4,314.95,26.245833333333334,1,0,1,1,1,0,1,0,1,1,0,1,0,1,0,1,0,1,0,1,0,1,0,0,0,0,1,0,0
53,20.2,1068.15,20.15377358490566,1,0,1,1,1,0,0,0,1,1,0,1,0,1,0,1,0,1,0,1,0,1,0,0,1,0,0,0,1
7,19.9,173.15,24.735714285714288,0,0,0,0,1,0,0,0,1,1,0,1,0,1,0,1,0,1,0,1,0,1,0,0,0,0,1,0,0
72,25.7,1937.4,26.908333333333335,0,1,1,0,1,0,1,0,1,1,0,1,0,1,0,1,0,1,0,1,0,0,1,1,1,0,0,0,1
18,99.4,1742.95,96.83055555555556,1,0,1,0,1,0,1,1,0,0,1,0,0,0,0,0,0,0,1,0,1,0,0,1,0,1,0,1,0
31,75.5,2424.45,78.20806451612903,1,0,1,0,1,0,0,0,0,0,1,0,1,0,1,0,1,0,0,0,1,1,0,1,1,0,0,1,0
50,69.65,3442.15,68.843,1,0,1,1,1,0,1,0,0,0,0,0,0,0,1,0,1,0,1,0,0,1,0,1,0,1,0,0,1
22,19.95,433.5,19.704545454545453,1,0,1,1,1,0,0,0,1,1,0,1,0,1,0,1,0,1,0,1,0,1,0,0,0,0,1,1,0
72,109.7,7898.45,109.70069444444444,1,1,1,0,1,0,1,1,0,0,0,0,1,0,1,0,1,0,1,0,1,0,1,0,1,0,0,0,1
1,69.95,69.95,69.95,1,0,1,1,1,0,0,1,0,0,0,0,0,0,0,0,0,0,0,0,0,0,0,1,1,0,0,0,0
1,20.15,20.15,20.15,0,0,0,0,1,0,0,0,1,1,0,1,0,1,0,1,0,1,0,1,0,0,0,1,0,0,1,0,0
9,40.65,328.95,36.55,1,0,1,0,0,1,0,0,0,0,0,0,0,0,0,0,1,0,1,0,0,0,0,0,0,0,1,0,0
72,105.55,7542.25,104.75347222222223,1,0,1,1,1,0,1,1,0,0,1,0,0,0,1,0,0,0,1,0,1,0,1,1,0,0,0,0,1
58,104.65,6219.6,107.2344827586207,1,0,0,0,1,0,1,1,0,0,0,0,0,0,1,0,1,0,1,0,1,1,0,1,0,1,0,0,1
35,108.35,3726.15,106.46142857142857,0,1,0,0,1,0,1,1,0,0,1,0,1,0,1,0,0,0,1,0,1,1,0,1,0,1,0,1,0
71,19.9,1397.3,19.680281690140845,0,0,1,1,1,0,0,0,1,1,0,1,0,1,0,1,0,1,0,1,0,0,1,0,1,0,0,0,1
72,79.55,5810.9,80.70694444444445,1,0,1,0,1,0,1,0,0,0,1,0,1,0,1,0,1,0,0,0,1,0,1,0,1,0,0,0,1
17,78.9,1348.95,79.35000000000001,0,0,1,0,1,0,1,1,0,0,1,0,0,0,0,0,0,0,0,0,0,0,0,0,0,1,0,1,0
72,88.05,6520.8,90.56666666666666,0,0,1,0,1,0,1,0,0,0,1,0,1,0,1,0,1,0,1,0,1,0,1,0,0,0,0,0,1
50,99.4,5059.75,101.195,1,0,1,0,1,0,1,1,0,0,0,0,0,0,0,0,1,0,1,0,1,1,0,0,0,1,0,0,1
26,19.15,515.75,19.83653846153846,1,0,1,1,1,0,0,0,1,1,0,1,0,1,0,1,0,1,0,1,0,0,1,1,1,0,0,1,0
1,50.35,50.35,50.35,1,0,1,0,0,1,0,0,0,0,0,0,0,0,1,0,0,0,1,0,1,0,0,1,0,1,0,0,0
44,88.15,3973.2,90.3,0,0,0,0,1,0,0,1,0,0,0,0,1,0,1,0,0,0,1,0,0,0,0,1,1,0,0,0,1
52,83.8,4331.4,83.29615384615384,1,0,0,0,1,0,0,1,0,0,0,0,0,0,1,0,0,0,0,0,1,0,0,1,1,0,0,0,1
35,100.8,3437.5,98.21428571428571,1,1,1,0,1,0,1,1,0,0,0,0,0,0,1,0,0,0,1,0,1,0,0,1,0,1,0,1,0
1,74.7,74.7,74.7,1,1,0,0,1,0,0,1,0,0,0,0,0,0,0,0,1,0,0,0,0,0,0,0,0,1,0,0,0
2,53.85,108.15,54.075,1,0,0,0,1,0,0,0,0,0,1,0,1,0,0,0,0,0,0,0,0,0,0,1,0,0,1,0,0
35,39.85,1434.6,40.988571428571426,0,1,0,0,0,1,0,0,0,0,0,0,0,0,1,0,0,0,1,0,0,0,0,1,0,1,0,1,0
36,85.85,3003.55,83.43194444444445,0,0,0,0,1,0,0,0,0,0,1,0,1,0,1,0,1,0,1,0,1,1,0,0,0,0,0,1,0
72,90.15,6716.45,93.28402777777778,0,1,1,1,1,0,1,0,0,0,1,0,1,0,1,0,1,0,1,0,1,0,1,1,0,0,0,0,1
24,50.6,1288.75,53.697916666666664,1,0,0,0,0,1,0,0,0,0,1,0,0,0,0,0,0,0,1,0,1,1,0,1,0,0,1,1,0
21,106.1,2249.95,107.14047619047618,1,0,1,0,1,0,1,1,0,0,0,0,0,0,1,0,1,0,1,0,1,0,0,1,0,1,0,1,0
46,84.25,3847.6,83.64347826086956,0,0,0,0,1,0,1,1,0,0,1,0,1,0,0,0,0,0,0,0,0,0,0,0,0,0,1,0,1
17,24.8,475.25,27.955882352941178,0,0,0,0,1,0,1,0,1,1,0,1,0,1,0,1,0,1,0,1,0,0,0,0,0,0,1,1,0
15,94.65,1285.05,85.67,0,1,1,0,1,0,0,1,0,0,0,0,1,0,0,0,0,0,1,0,1,0,0,1,0,1,0,1,0
17,35.65,646.05,38.002941176470586,0,0,1,0,0,1,0,0,0,0,0,0,1,0,1,0,0,0,0,0,0,0,0,1,1,0,0,1,0
65,58.9,3857.1,59.339999999999996,0,0,1,0,1,0,0,0,0,0,1,0,0,0,1,0,1,0,0,0,0,0,1,0,1,0,0,0,1
34,78.95,2647.2,77.85882352941177,1,0,1,1,1,0,0,1,0,0,0,0,0,0,0,0,0,0,0,0,1,1,0,1,0,0,0,1,0
50,93.5,4747.5,94.95,1,0,0,0,1,0,0,1,0,0,1,0,1,0,0,0,1,0,0,0,1,0,0,1,1,0,0,0,1
1,69.9,69.9,69.9,1,0,1,1,1,0,0,1,0,0,0,0,0,0,0,0,0,0,0,0,0,0,0,1,0,0,1,0,0
66,84.0,5714.25,86.57954545454545,1,0,1,1,1,0,1,0,0,0,1,0,0,0,1,0,1,0,1,0,1,0,1,1,0,0,1,0,1
1,71.35,71.35,71.35,0,0,0,0,1,0,0,1,0,0,0,0,0,0,0,0,0,0,0,0,0,0,0,0,0,1,0,0,0
72,19.9,1529.65,21.24513888888889,1,0,0,1,1,0,0,0,1,1,0,1,0,1,0,1,0,1,0,1,0,0,1,0,1,0,0,0,1
59,25.45,1534.05,26.000847457627117,0,0,1,1,1,0,1,0,1,1,0,1,0,1,0,1,0,1,0,1,0,0,1,0,0,0,1,0,1
21,77.5,1625.0,77.38095238095238,1,0,1,1,1,0,1,0,0,0,1,0,1,0,0,0,1,0,1,0,0,1,0,0,0,0,1,1,0
9,90.35,767.9,85.32222222222222,1,0,1,1,1,0,1,1,0,0,0,0,0,0,1,0,0,0,1,0,0,1,0,1,0,1,0,0,0
35,24.15,812.5,23.214285714285715,0,0,0,0,0,1,0,0,0,0,0,0,0,0,0,0,0,0,0,0,0,0,0,0,0,1,0,1,0
10,51.2,498.25,49.825,0,0,0,0,1,0,0,0,0,0,0,0,1,0,0,0,0,0,0,0,0,0,0,0,0,1,0,0,0
56,24.15,1402.25,25.040178571428573,1,0,1,1,1,0,1,0,1,1,0,1,0,1,0,1,0,1,0,1,0,0,1,0,0,0,0,0,1
66,63.85,4174.35,63.247727272727275,0,1,0,0,1,0,1,0,0,0,1,0,1,0,0,0,1,0,0,0,0,1,0,1,1,0,0,0,1
5,85.4,401.1,80.22,1,0,1,0,1,0,1,1,0,0,0,0,1,0,0,0,1,0,0,0,0,0,0,1,0,1,0,0,0
9,20.25,178.5,19.833333333333332,1,0,0,0,1,0,0,0,1,1,0,1,0,1,0,1,0,1,0,1,0,0,0,0,0,0,1,0,0
47,73.6,3522.65,74.95,1,0,1,0,1,0,0,0,0,0,0,0,1,0,1,0,0,0,1,0,1,0,1,0,0,1,0,0,1
12,54.3,654.5,54.541666666666664,0,0,0,0,1,0,0,0,0,0,0,0,1,0,0,0,1,0,0,0,0,0,0,1,0,1,0,0,0
62,79.95,4819.75,77.73790322580645,0,1,1,0,1,0,0,0,0,0,1,0,0,0,1,0,1,0,1,0,1,0,1,1,1,0,0,0,1
34,75.55,2425.4,71.33529411764707,1,1,1,0,1,0,1,1,0,0,0,0,0,0,0,0,0,0,0,0,0,0,0,1,0,1,0,1,0
16,20.25,327.45,20.465625,1,0,0,0,1,0,0,0,1,1,0,1,0,1,0,1,0,1,0,1,0,0,0,0,0,0,0,1,0
1,20.25,20.25,20.25,1,0,0,1,1,0,0,0,1,1,0,1,0,1,0,1,0,1,0,1,0,0,0,1,0,0,1,0,0
46,45.2,2065.15,44.8945652173913,1,0,0,0,1,0,0,0,0,0,0,0,0,0,0,0,0,0,0,0,0,0,0,1,1,0,0,0,1
23,19.65,478.1,20.786956521739132,0,0,0,0,1,0,0,0,1,1,0,1,0,1,0,1,0,1,0,1,0,1,0,1,1,0,0,1,0
17,79.85,1387.35,81.60882352941177,0,0,0,0,1,0,0,0,0,0,1,0,1,0,0,0,1,0,1,0,1,1,0,0,1,0,0,1,0
27,78.2,2078.95,76.99814814814815,0,0,0,0,1,0,0,0,0,0,0,0,1,0,1,0,1,0,1,0,1,1,0,0,0,0,1,1,0
18,45.65,747.2,41.51111111111111,1,0,0,1,1,0,0,0,0,0,0,0,0,0,0,0,0,0,0,0,0,0,0,1,1,0,0,1,0
19,34.3,577.15,30.376315789473683,1,1,1,0,0,1,0,0,0,0,0,0,1,0,1,0,0,0,0,0,0,0,0,1,1,0,0,1,0
33,79.15,2531.4,76.70909090909092,0,0,1,1,1,0,1,0,0,0,0,0,0,0,1,0,1,0,1,0,1,1,0,1,0,1,0,1,0
72,66.75,4760.3,66.11527777777778,0,0,1,1,1,0,1,0,0,0,1,0,1,0,0,0,1,0,0,0,0,0,1,0,1,0,0,0,1
3,70.7,225.65,75.21666666666667,1,0,0,1,1,0,0,0,0,0,0,0,0,0,0,0,1,0,1,0,1,0,0,0,0,0,1,0,0
71,107.5,7713.55,108.64154929577465,1,1,1,0,1,0,1,1,0,0,1,0,1,0,1,0,0,0,1,0,1,0,0,1,0,1,0,0,1
7,51.0,354.05,50.57857142857143,1,0,0,0,1,0,0,0,0,0,1,0,0,0,0,0,0,0,0,0,0,0,0,1,0,0,1,0,0
55,116.5,6382.55,116.04636363636364,1,1,0,0,1,0,1,1,0,0,1,0,1,0,1,0,1,0,1,0,1,0,0,1,0,1,0,0,1
30,80.8,2369.3,78.97666666666667,0,0,1,1,1,0,0,0,0,0,0,0,1,0,1,0,1,0,1,0,1,0,1,0,0,0,0,1,0
72,103.2,7362.9,102.26249999999999,0,0,1,1,1,0,1,1,0,0,0,0,1,0,1,0,0,0,1,0,1,1,0,1,1,0,0,0,1
63,75.7,4676.7,74.23333333333333,1,0,1,1,1,0,1,0,0,0,1,0,0,0,1,0,1,0,0,0,1,0,1,0,0,0,1,0,1
4,80.3,324.2,81.05,0,0,0,0,1,0,1,1,0,0,0,0,1,0,0,0,0,0,0,0,0,0,0,1,0,0,1,0,0
11,79.15,827.7,75.24545454545455,1,1,0,0,1,0,0,1,0,0,0,0,0,0,0,0,0,0,0,0,1,0,0,1,1,0,0,0,0
20,50.0,1003.05,50.152499999999996,1,0,0,0,1,0,0,0,0,0,0,0,0,0,0,0,1,0,0,0,0,0,0,0,0,0,1,1,0
13,30.85,394.1,30.315384615384616,0,0,0,0,0,1,0,0,0,0,1,0,0,0,0,0,0,0,0,0,0,0,0,1,0,0,0,1,0
10,55.55,551.3,55.129999999999995,0,0,1,1,1,0,0,0,0,0,0,0,1,0,1,0,0,0,0,0,0,0,0,1,0,0,1,0,0
43,110.75,4687.9,109.02093023255813,1,1,1,1,1,0,1,1,0,0,0,0,1,0,1,0,1,0,1,0,1,0,0,1,0,0,0,0,1
18,88.85,1594.75,88.59722222222223,0,0,1,0,1,0,1,1,0,0,0,0,0,0,0,0,1,0,1,0,0,0,0,1,0,1,0,1,0
1,45.85,45.85,45.85,1,1,0,0,1,0,0,0,0,0,0,0,0,0,0,0,0,0,0,0,0,0,0,1,0,0,1,0,0
16,86.25,1340.1,83.75625,0,0,0,0,1,0,0,1,0,0,0,0,1,0,0,0,0,0,0,0,1,0,0,1,0,1,0,1,0
1,24.7,24.7,24.7,0,0,0,1,0,1,0,0,0,0,0,0,0,0,0,0,0,0,0,0,0,0,0,0,0,0,1,0,0
1,86.6,86.6,86.6,1,0,0,0,1,0,1,1,0,0,0,0,0,0,0,0,0,0,0,0,1,0,0,1,0,1,0,0,0
43,89.55,3856.75,89.69186046511628,1,1,0,0,1,0,0,1,0,0,0,0,0,0,0,0,0,0,1,0,1,0,0,1,0,0,1,0,1
2,19.95,47.7,23.85,1,0,0,0,1,0,0,0,1,1,0,1,0,1,0,1,0,1,0,1,0,1,0,0,0,0,1,0,0
58,24.45,1513.6,26.096551724137928,1,0,0,0,1,0,1,0,1,1,0,1,0,1,0,1,0,1,0,1,0,0,1,1,1,0,0,0,1
54,55.45,2966.95,54.943518518518516,1,1,0,0,0,1,0,0,0,0,0,0,1,0,1,0,0,0,1,0,1,1,0,1,0,1,0,0,1
17,44.6,681.4,40.08235294117647,1,0,0,1,1,0,0,0,0,0,0,0,0,0,0,0,0,0,0,0,0,1,0,0,0,0,1,1,0
66,100.05,6871.9,104.11969696969696,1,1,1,0,1,0,1,1,0,0,0,0,0,0,0,0,1,0,1,0,1,0,0,1,1,0,0,0,1
5,85.2,474.8,94.96000000000001,0,0,0,0,1,0,1,1,0,0,0,0,0,0,0,0,0,0,1,0,0,0,0,1,0,1,0,0,0
56,73.25,4054.2,72.39642857142857,0,1,0,0,1,0,1,0,0,0,1,0,0,0,1,0,1,0,0,0,1,0,1,0,0,0,0,0,1
10,20.05,218.5,21.85,1,0,1,1,1,0,0,0,1,1,0,1,0,1,0,1,0,1,0,1,0,0,0,1,1,0,0,0,0
10,84.7,832.05,83.205,0,0,0,0,1,0,0,1,0,0,1,0,0,0,0,0,0,0,1,0,0,0,0,1,0,0,1,0,0
72,112.1,7965.95,110.63819444444444,0,0,1,0,1,0,1,1,0,0,1,0,1,0,1,0,1,0,1,0,1,0,1,0,1,0,0,0,1
7,20.65,158.95,22.707142857142856,0,0,1,1,1,0,0,0,1,1,0,1,0,1,0,1,0,1,0,1,0,0,0,0,0,0,1,0,0
4,24.25,96.05,24.0125,0,0,0,0,0,1,0,0,0,0,0,0,0,0,0,0,0,0,0,0,0,0,0,1,0,0,1,0,0
49,71.8,3472.05,70.85816326530613,0,0,1,0,1,0,1,0,0,0,1,0,1,0,1,0,0,0,0,0,1,1,0,0,0,1,0,0,1
66,109.25,7082.5,107.31060606060606,0,0,1,1,1,0,1,1,0,0,1,0,1,0,1,0,0,0,1,0,1,0,1,0,0,0,0,0,1
52,106.3,5487.0,105.51923076923077,1,0,1,0,1,0,0,1,0,0,1,0,1,0,1,0,1,0,1,0,1,0,1,1,0,1,0,0,1
52,110.75,5832.0,112.15384615384616,1,1,0,0,1,0,1,1,0,0,0,0,1,0,1,0,1,0,1,0,1,0,0,1,0,1,0,0,1
1,69.4,69.4,69.4,1,0,0,0,1,0,0,1,0,0,0,0,0,0,0,0,0,0,0,0,0,0,0,0,0,0,1,0,0
17,24.1,409.9,24.11176470588235,0,0,1,1,1,0,1,0,1,1,0,1,0,1,0,1,0,1,0,1,0,0,0,0,0,0,1,1,0
67,69.2,4671.65,69.72611940298506,1,0,1,0,1,0,0,0,0,0,1,0,1,0,0,0,1,0,0,0,1,0,1,1,1,0,0,0,1
24,49.3,1233.25,51.385416666666664,0,0,0,0,1,0,0,0,0,0,0,0,0,0,1,0,0,0,0,0,0,0,0,1,1,0,0,1,0
60,60.8,3603.45,60.0575,0,0,1,0,0,1,0,0,0,0,0,0,1,0,1,0,1,0,1,0,1,0,1,0,1,0,0,0,1
8,70.1,551.35,68.91875,1,0,0,0,1,0,0,1,0,0,0,0,0,0,0,0,0,0,0,0,0,0,0,1,0,0,1,0,0
32,54.2,1739.6,54.3625,0,0,0,0,1,0,1,0,0,0,0,0,1,0,0,0,0,0,0,0,0,0,0,1,0,1,0,1,0
14,82.65,1185.0,84.64285714285714,1,0,1,0,1,0,1,1,0,0,0,0,1,0,1,0,0,0,0,0,0,0,0,1,0,1,0,1,0
1,90.6,90.6,90.6,0,1,1,0,1,0,1,1,0,0,0,0,1,0,0,0,0,0,1,0,0,0,0,1,0,1,0,0,0
2,44.15,92.65,46.325,1,1,0,0,1,0,0,0,0,0,0,0,0,0,0,0,0,0,0,0,0,0,0,1,0,1,0,0,0
43,101.0,4388.4,102.05581395348837,1,1,1,0,1,0,1,1,0,0,0,0,1,0,0,0,0,0,1,0,1,0,0,1,0,1,0,0,1
25,69.5,1752.65,70.10600000000001,0,1,1,0,1,0,1,0,0,0,1,0,0,0,0,0,1,0,1,0,0,0,0,1,1,0,0,1,0
43,19.2,776.25,18.052325581395348,1,0,1,1,1,0,0,0,1,1,0,1,0,1,0,1,0,1,0,1,0,1,0,1,0,0,1,0,1
47,20.25,873.4,18.582978723404256,0,0,1,1,1,0,0,0,1,1,0,1,0,1,0,1,0,1,0,1,0,0,1,0,1,0,0,0,1
63,89.6,5538.8,87.91746031746032,0,1,0,0,1,0,1,1,0,0,0,0,0,0,1,0,0,0,0,0,1,0,0,1,0,0,0,0,1
58,19.15,1035.5,17.853448275862068,1,0,0,0,1,0,0,0,1,1,0,1,0,1,0,1,0,1,0,1,0,0,1,1,0,0,0,0,1
10,24.5,270.15,27.014999999999997,0,0,0,0,1,0,1,0,1,1,0,1,0,1,0,1,0,1,0,1,0,0,0,1,0,0,1,0,0
25,61.05,1540.2,61.608000000000004,0,0,0,0,0,1,0,0,0,0,1,0,1,0,1,0,0,0,1,0,1,1,0,0,0,1,0,1,0
42,95.05,3944.5,93.91666666666667,0,1,1,0,1,0,1,1,0,0,0,0,0,0,0,0,0,0,1,0,1,0,0,1,0,1,0,0,1
49,95.6,4783.5,97.62244897959184,0,0,1,1,1,0,1,1,0,0,0,0,0,0,0,0,0,0,1,0,1,0,0,1,0,1,0,0,1
70,109.5,7534.65,107.63785714285714,1,0,1,0,1,0,0,1,0,0,1,0,1,0,1,0,1,0,1,0,1,1,0,1,0,0,0,0,1
2,20.35,35.1,17.55,0,0,0,0,1,0,0,0,1,1,0,1,0,1,0,1,0,1,0,1,0,0,0,0,1,0,0,0,0
72,80.8,5728.55,79.56319444444445,1,0,1,1,1,0,0,0,0,0,1,0,0,0,1,0,1,0,1,0,1,0,1,1,0,1,0,0,1
72,55.3,3983.6,55.327777777777776,1,0,1,1,1,0,1,0,0,0,1,0,0,0,0,0,0,0,0,0,0,0,1,0,0,0,0,0,1
1,60.0,60.0,60.0,0,0,0,1,1,0,0,0,0,0,1,0,1,0,0,0,1,0,0,0,0,0,0,1,0,1,0,0,0
69,95.35,6382.0,92.4927536231884,1,1,1,0,1,0,1,1,0,0,0,0,1,0,1,0,0,0,0,0,1,0,0,1,0,0,0,0,1
9,90.8,809.75,89.97222222222223,0,0,0,0,1,0,0,1,0,0,0,0,0,0,0,0,0,0,1,0,1,0,0,1,0,0,0,0,0
10,20.0,198.6,19.86,1,0,0,0,1,0,0,0,1,1,0,1,0,1,0,1,0,1,0,1,0,0,0,1,1,0,0,0,0
70,97.55,6669.05,95.27214285714285,1,0,1,1,1,0,1,1,0,0,1,0,1,0,0,0,0,0,1,0,0,0,0,1,1,0,0,0,1
6,94.5,575.45,95.90833333333335,1,0,0,1,1,0,0,1,0,0,0,0,0,0,1,0,0,0,1,0,1,0,0,0,0,0,1,0,0
65,61.35,3874.1,59.60153846153846,0,0,1,1,1,0,0,0,0,0,1,0,1,0,1,0,0,0,0,0,0,1,0,0,0,0,0,0,1
54,105.85,5826.65,107.90092592592592,1,0,0,1,1,0,0,1,0,0,1,0,1,0,0,0,1,0,1,0,1,1,0,1,0,1,0,0,1
46,55.65,2688.85,58.45326086956521,0,0,0,0,1,0,0,0,0,0,0,0,0,0,0,0,0,0,0,0,1,1,0,0,1,0,0,0,1
55,90.4,5099.15,92.71181818181817,1,0,1,1,1,0,1,1,0,0,0,0,0,0,1,0,0,0,1,0,0,0,0,1,1,0,0,0,1
64,24.05,1559.15,24.36171875,0,0,1,1,1,0,1,0,1,1,0,1,0,1,0,1,0,1,0,1,0,0,1,1,0,0,1,0,1
63,71.9,4479.2,71.0984126984127,1,0,0,0,1,0,1,0,0,0,1,0,0,0,1,0,1,0,0,0,1,0,1,1,0,0,0,0,1
60,24.15,1505.9,25.098333333333336,1,0,1,0,1,0,1,0,1,1,0,1,0,1,0,1,0,1,0,1,0,1,0,0,0,0,0,0,1
54,95.1,5064.85,93.79351851851852,0,0,0,0,1,0,1,1,0,0,0,0,0,0,1,0,1,0,0,0,1,0,1,1,0,0,0,0,1
6,44.75,270.95,45.15833333333333,1,0,0,0,1,0,0,0,0,0,0,0,0,0,0,0,0,0,0,0,0,0,0,0,0,1,0,0,0
71,99.0,7061.65,99.45985915492957,0,0,1,1,1,0,1,1,0,0,1,0,1,0,1,0,0,0,1,0,0,0,1,1,1,0,0,0,1
41,94.9,3848.0,93.85365853658537,0,0,1,1,1,0,0,1,0,0,0,0,0,0,1,0,0,0,1,0,1,0,0,1,0,0,0,0,1
47,83.35,4065.0,86.48936170212765,1,0,1,0,1,0,1,1,0,0,0,0,1,0,1,0,0,0,0,0,0,0,0,1,0,0,0,0,1
10,19.5,225.85,22.585,1,0,0,0,1,0,0,0,1,1,0,1,0,1,0,1,0,1,0,1,0,1,0,0,0,0,1,0,0
50,88.05,4367.35,87.34700000000001,0,1,1,0,1,0,1,1,0,0,0,0,1,0,0,0,0,0,1,0,0,0,0,1,0,1,0,0,1
9,55.35,449.75,49.97222222222222,1,0,0,1,1,0,0,0,0,0,0,0,0,0,0,0,0,0,1,0,0,0,0,0,0,1,0,0,0
52,96.25,4990.25,95.96634615384616,1,0,1,1,1,0,1,1,0,0,0,0,0,0,1,0,1,0,0,0,1,0,1,1,0,0,0,0,1
38,20.1,730.1,19.21315789473684,1,0,0,0,1,0,0,0,1,1,0,1,0,1,0,1,0,1,0,1,0,1,0,0,0,0,1,0,1
20,78.8,1641.3,82.065,1,0,0,0,1,0,0,1,0,0,0,0,0,0,0,0,0,0,1,0,0,0,0,0,0,1,0,1,0
3,92.0,266.8,88.93333333333334,1,0,0,0,1,0,0,1,0,0,0,0,0,0,0,0,0,0,1,0,1,0,0,1,0,1,0,0,0
47,104.1,5135.15,109.25851063829786,1,0,1,0,1,0,1,1,0,0,0,0,1,0,1,0,0,0,1,0,1,0,0,1,0,1,0,0,1
21,20.85,435.25,20.726190476190474,0,0,0,0,1,0,0,0,1,1,0,1,0,1,0,1,0,1,0,1,0,0,1,1,1,0,0,1,0
9,19.5,150.35,16.705555555555556,0,0,0,0,1,0,0,0,1,1,0,1,0,1,0,1,0,1,0,1,0,0,0,0,0,0,0,0,0
72,104.8,7470.1,103.7513888888889,1,0,1,0,1,0,1,1,0,0,0,0,1,0,1,0,0,0,1,0,1,0,1,1,0,0,0,0,1
3,69.55,200.2,66.73333333333333,0,0,1,1,1,0,0,1,0,0,0,0,0,0,0,0,0,0,0,0,0,0,0,1,0,1,0,0,0
18,57.65,992.7,55.150000000000006,0,0,0,1,1,0,1,0,0,0,1,0,0,0,0,0,0,0,0,0,0,0,0,0,0,0,1,1,0
68,24.95,1614.9,23.748529411764707,0,0,1,0,1,0,1,0,1,1,0,1,0,1,0,1,0,1,0,1,0,0,1,1,1,0,0,0,1
61,80.9,4932.5,80.86065573770492,1,0,1,0,1,0,1,0,0,0,0,0,1,0,1,0,0,0,1,0,1,0,1,0,0,0,0,0,1
23,59.95,1406.0,61.130434782608695,1,0,1,0,1,0,0,0,0,0,1,0,0,0,0,0,0,0,0,0,1,0,0,1,0,0,0,1,0
47,94.8,4535.85,96.50744680851065,1,0,0,0,1,0,1,1,0,0,1,0,1,0,0,0,0,0,1,0,0,1,0,0,0,0,0,0,1
15,74.2,1133.9,75.59333333333333,1,1,0,0,1,0,1,1,0,0,0,0,0,0,0,0,0,0,0,0,0,0,0,1,1,0,0,1,0
35,19.65,708.8,20.25142857142857,0,0,1,1,1,0,0,0,1,1,0,1,0,1,0,1,0,1,0,1,0,1,0,0,0,0,1,1,0
32,19.3,593.2,18.5375,0,0,1,0,1,0,0,0,1,1,0,1,0,1,0,1,0,1,0,1,0,1,0,0,0,0,1,1,0
71,97.65,6687.85,94.19507042253521,1,0,0,0,1,0,1,1,0,0,1,0,0,0,0,0,1,0,0,0,1,1,0,0,1,0,0,0,1
52,105.05,5624.85,108.17019230769232,0,0,1,0,1,0,1,1,0,0,0,0,1,0,1,0,0,0,1,0,1,0,0,1,0,1,0,0,1
72,63.7,4464.8,62.01111111111111,1,0,0,0,0,1,0,0,0,0,1,0,1,0,1,0,1,0,1,0,1,0,1,1,0,0,0,0,1
12,25.0,316.2,26.349999999999998,1,0,0,0,1,0,1,0,1,1,0,1,0,1,0,1,0,1,0,1,0,0,0,0,0,1,0,0,0
44,19.35,847.25,19.255681818181817,1,1,1,0,1,0,0,0,1,1,0,1,0,1,0,1,0,1,0,1,0,0,1,1,1,0,0,0,1
72,109.65,7880.25,109.44791666666667,1,0,1,0,1,0,1,1,0,0,1,0,1,0,1,0,0,0,1,0,1,0,1,1,0,1,0,0,1
18,85.45,1505.85,83.65833333333333,0,1,0,0,1,0,1,1,0,0,0,0,1,0,0,0,1,0,0,0,0,0,0,1,0,1,0,1,0
7,73.85,511.25,73.03571428571429,0,0,0,0,1,0,1,1,0,0,0,0,0,0,0,0,0,0,0,0,0,0,0,1,0,1,0,0,0
10,74.15,811.8,81.17999999999999,1,0,0,0,1,0,1,1,0,0,0,0,0,0,0,0,0,0,0,0,0,0,0,1,0,0,1,0,0
42,20.25,854.9,20.354761904761904,1,0,1,1,1,0,0,0,1,1,0,1,0,1,0,1,0,1,0,1,0,1,0,0,0,0,1,0,1
72,103.75,7346.2,102.03055555555555,1,0,1,0,1,0,1,1,0,0,0,0,1,0,1,0,0,0,1,0,1,0,1,1,0,0,0,0,1
29,89.2,2698.35,93.04655172413793,1,0,1,1,1,0,1,1,0,0,0,0,0,0,1,0,0,0,0,0,1,0,0,1,0,1,0,1,0
63,84.65,5377.8,85.36190476190477,1,0,1,0,1,0,1,1,0,0,1,0,0,0,0,0,1,0,0,0,0,0,1,1,1,0,0,0,1
1,19.9,19.9,19.9,0,0,0,0,1,0,0,0,1,1,0,1,0,1,0,1,0,1,0,1,0,0,0,1,0,0,1,0,0
26,90.1,2312.55,88.94423076923077,0,0,1,0,1,0,1,0,0,0,1,0,1,0,1,0,1,0,1,0,1,1,0,1,1,0,0,1,0
65,89.85,5844.65,89.9176923076923,0,0,0,0,1,0,1,1,0,0,1,0,1,0,0,0,1,0,0,0,0,1,0,1,0,1,0,0,1
71,66.2,4692.55,66.09225352112676,1,0,1,1,1,0,1,0,0,0,1,0,0,0,0,0,0,0,1,0,0,1,0,1,0,1,0,0,1
61,101.05,5971.25,97.88934426229508,0,0,1,0,1,0,1,1,0,0,0,0,1,0,0,0,0,0,1,0,1,0,1,1,0,0,0,0,1
52,80.2,4297.6,82.64615384615385,0,0,0,0,1,0,1,1,0,0,0,0,1,0,0,0,0,0,0,0,0,1,0,1,0,0,1,0,1
2,44.6,97.1,48.55,0,0,1,0,0,1,0,0,0,0,0,0,0,0,0,0,0,0,1,0,1,0,0,0,0,1,0,0,0
29,95.9,2745.2,94.66206896551724,1,1,1,0,1,0,1,1,0,0,0,0,1,0,1,0,0,0,0,0,1,0,0,1,0,1,0,1,0
17,20.1,279.5,16.441176470588236,1,0,0,0,1,0,0,0,1,1,0,1,0,1,0,1,0,1,0,1,0,1,0,1,0,0,1,1,0
58,19.55,1079.65,18.614655172413794,0,0,1,1,1,0,0,0,1,1,0,1,0,1,0,1,0,1,0,1,0,0,1,0,1,0,0,0,1
4,82.85,319.6,79.9,0,0,0,0,1,0,0,1,0,0,0,0,0,0,1,0,0,0,0,0,1,0,0,1,1,0,0,0,0
23,99.25,2186.4,95.0608695652174,1,0,1,0,1,0,1,1,0,0,1,0,1,0,1,0,0,0,1,0,0,0,0,1,0,1,0,1,0
31,79.85,2404.15,77.55322580645162,0,0,0,0,1,0,1,1,0,0,0,0,0,0,0,0,1,0,0,0,0,0,0,1,1,0,0,1,0
61,103.95,6423.0,105.29508196721312,0,0,0,0,1,0,1,1,0,0,0,0,1,0,1,0,0,0,1,0,1,1,0,1,0,1,0,0,1
6,79.7,497.6,82.93333333333334,1,1,0,0,1,0,0,1,0,0,0,0,0,0,0,0,0,0,1,0,0,0,0,1,0,1,0,0,0
61,86.45,5175.3,84.84098360655739,0,0,0,0,1,0,1,0,0,0,1,0,0,0,1,0,1,0,1,0,1,0,1,0,1,0,0,0,1
58,105.05,6004.85,103.53189655172415,1,0,1,1,1,0,1,1,0,0,0,0,0,0,1,0,1,0,1,0,1,1,0,1,0,0,0,0,1
10,19.8,198.25,19.825,0,0,0,0,1,0,0,0,1,1,0,1,0,1,0,1,0,1,0,1,0,1,0,1,0,0,1,0,0
55,90.45,5044.8,91.72363636363637,0,1,1,0,1,0,1,1,0,0,0,0,1,0,1,0,1,0,0,0,0,0,0,0,0,1,0,0,1
72,116.6,8337.45,115.79791666666668,1,0,1,1,1,0,1,1,0,0,1,0,1,0,1,0,1,0,1,0,1,0,1,1,0,0,0,0,1
72,105.6,7581.5,105.29861111111111,1,0,1,0,1,0,1,1,0,0,1,0,1,0,1,0,1,0,0,0,1,0,1,0,0,0,0,0,1
40,97.1,3706.95,92.67375,1,0,1,0,1,0,1,1,0,0,0,0,0,0,0,0,0,0,1,0,1,0,0,1,0,0,0,0,1
6,45.65,323.45,53.90833333333333,0,0,1,0,1,0,0,0,0,0,0,0,0,0,0,0,0,0,0,0,0,0,0,0,0,0,1,0,0
70,106.5,7397.0,105.67142857142858,0,0,1,1,1,0,1,1,0,0,0,0,1,0,1,0,0,0,1,0,1,1,0,1,0,1,0,0,1
30,90.25,2755.35,91.845,1,0,0,0,1,0,0,1,0,0,0,0,0,0,0,0,0,0,1,0,1,0,0,1,0,1,0,1,0
1,90.55,90.55,90.55,0,0,0,0,1,0,0,1,0,0,0,0,0,0,0,0,0,0,1,0,1,0,0,0,0,1,0,0,0
67,116.2,7752.3,115.70597014925373,1,0,0,0,1,0,1,1,0,0,1,0,1,0,1,0,1,0,1,0,1,0,1,0,1,0,0,0,1
34,19.6,678.8,19.96470588235294,1,0,1,1,1,0,0,0,1,1,0,1,0,1,0,1,0,1,0,1,0,1,0,0,1,0,0,1,0
2,93.85,170.85,85.425,0,1,0,0,1,0,1,1,0,0,0,0,0,0,0,0,0,0,1,0,1,0,0,1,0,1,0,0,0
7,70.1,467.55,66.79285714285714,1,1,1,0,1,0,0,1,0,0,0,0,0,0,0,0,0,0,0,0,0,0,0,1,0,0,1,0,0
8,69.7,560.85,70.10625,1,1,0,0,1,0,0,1,0,0,0,0,0,0,0,0,0,0,0,0,0,0,0,1,0,1,0,0,0
35,89.85,3161.2,90.32,1,0,1,0,1,0,1,1,0,0,0,0,0,0,0,0,1,0,0,0,1,0,0,1,0,0,0,1,0
9,88.05,801.3,89.03333333333333,1,0,1,0,1,0,1,1,0,0,1,0,0,0,0,0,0,0,0,0,1,0,0,1,0,1,0,0,0
6,20.2,98.35,16.391666666666666,1,0,0,1,1,0,0,0,1,1,0,1,0,1,0,1,0,1,0,1,0,0,0,1,0,0,1,0,0
5,49.2,216.9,43.38,1,0,0,0,1,0,0,0,0,0,0,0,0,0,0,0,1,0,0,0,0,0,0,1,0,1,0,0,0
3,74.75,229.5,76.5,0,0,1,0,1,0,1,1,0,0,0,0,0,0,0,0,0,0,0,0,0,0,0,1,1,0,0,0,0
35,19.15,638.0,18.228571428571428,1,0,0,0,1,0,0,0,1,1,0,1,0,1,0,1,0,1,0,1,0,1,0,1,0,0,1,1,0
15,51.1,711.15,47.41,0,0,1,0,1,0,1,0,0,0,0,0,0,0,0,0,0,0,0,0,0,0,0,1,0,1,0,1,0
17,76.45,1233.4,72.5529411764706,1,1,1,0,1,0,0,1,0,0,0,0,1,0,0,0,0,0,0,0,0,0,0,1,0,1,0,1,0
33,24.15,800.3,24.25151515151515,0,0,1,1,1,0,1,0,1,1,0,1,0,1,0,1,0,1,0,1,0,1,0,0,1,0,0,1,0
3,50.6,155.35,51.78333333333333,0,0,0,0,0,1,0,0,0,0,0,0,1,0,0,0,0,0,1,0,1,0,0,1,0,1,0,0,0
68,70.95,4741.45,69.72720588235293,1,0,1,0,1,0,0,0,0,0,1,0,1,0,1,0,0,0,0,0,1,0,1,0,0,0,0,0,1
60,115.25,6758.45,112.64083333333333,0,0,1,1,1,0,1,1,0,0,1,0,1,0,1,0,1,0,1,0,1,0,1,0,1,0,0,0,1
23,81.85,1810.85,78.73260869565217,0,0,1,1,1,0,1,1,0,0,1,0,0,0,0,0,0,0,0,0,0,1,0,0,1,0,0,1,0
35,24.3,821.6,23.474285714285713,0,0,1,1,1,0,1,0,1,1,0,1,0,1,0,1,0,1,0,1,0,0,1,0,0,0,0,1,0
63,20.0,1209.25,19.194444444444443,0,0,1,1,1,0,0,0,1,1,0,1,0,1,0,1,0,1,0,1,0,0,1,0,1,0,0,0,1
2,44.45,82.7,41.35,0,0,0,0,1,0,0,0,0,0,0,0,0,0,0,0,0,0,0,0,0,0,0,0,0,1,0,0,0
3,89.85,248.4,82.8,1,0,1,1,1,0,0,1,0,0,1,0,1,0,0,0,0,0,1,0,0,0,0,0,0,1,0,0,0
60,105.9,6401.25,106.6875,0,1,1,0,1,0,1,1,0,0,0,0,1,0,1,0,0,0,1,0,1,0,0,1,0,1,0,0,1
1,39.65,39.65,39.65,1,1,0,0,0,1,0,0,0,0,0,0,0,0,1,0,0,0,0,0,1,0,0,1,0,1,0,0,0
55,113.6,6292.7,114.41272727272727,1,1,1,0,1,0,1,1,0,0,0,0,1,0,1,0,1,0,1,0,1,0,1,1,0,1,0,0,1
3,105.0,294.45,98.14999999999999,1,1,0,0,1,0,1,1,0,0,0,0,1,0,1,0,0,0,1,0,1,0,0,1,0,1,0,0,0
1,75.9,75.9,75.9,1,0,0,0,1,0,0,1,0,0,0,0,0,0,0,0,1,0,0,0,0,0,0,1,0,1,0,0,0
14,46.35,667.7,47.69285714285714,1,0,1,0,0,1,0,0,0,0,0,0,0,0,0,0,0,0,1,0,1,0,0,0,0,1,0,1,0
32,99.55,3204.65,100.1453125,1,0,1,1,1,0,1,1,0,0,1,0,0,0,0,0,0,0,1,0,1,0,0,1,1,0,0,1,0
35,20.75,739.9,21.14,1,0,0,0,1,0,0,0,1,1,0,1,0,1,0,1,0,1,0,1,0,0,0,0,0,0,0,1,0
58,55.5,3166.9,54.601724137931036,0,0,1,1,0,1,0,0,0,0,0,0,0,0,1,0,1,0,1,0,1,0,1,1,1,0,0,0,1
35,46.35,1662.05,47.48714285714286,0,0,1,1,0,1,0,0,0,0,1,0,0,0,0,0,1,0,1,0,0,0,1,1,1,0,0,1,0
59,81.25,4639.45,78.63474576271186,0,0,1,0,1,0,0,1,0,0,1,0,0,0,1,0,0,0,0,0,0,1,0,1,1,0,0,0,1
2,70.4,154.8,77.4,0,0,1,0,1,0,0,1,0,0,0,0,0,0,0,0,0,0,0,0,0,0,0,1,1,0,0,0,0
24,102.95,2496.7,104.02916666666665,1,1,0,0,1,0,1,1,0,0,0,0,1,0,1,0,0,0,1,0,1,0,0,1,1,0,0,1,0
53,19.85,1039.45,19.612264150943396,0,0,1,1,1,0,0,0,1,1,0,1,0,1,0,1,0,1,0,1,0,1,0,1,0,0,0,0,1
18,20.15,390.85,21.71388888888889,0,0,0,1,1,0,0,0,1,1,0,1,0,1,0,1,0,1,0,1,0,1,0,0,0,0,0,1,0
1,49.05,49.05,49.05,1,0,0,0,1,0,0,0,0,0,0,0,0,0,0,0,1,0,0,0,0,0,0,0,0,0,1,0,0
70,78.35,5445.95,77.79928571428572,1,0,1,1,1,0,1,0,0,0,1,0,1,0,1,0,1,0,0,0,1,1,0,0,0,0,0,0,1
50,104.95,5222.35,104.447,0,1,0,0,1,0,1,1,0,0,0,0,0,0,1,0,1,0,1,0,1,0,0,1,0,1,0,0,1
64,76.1,4818.8,75.29375,1,0,1,0,1,0,1,0,0,0,0,0,1,0,1,0,1,0,1,0,0,0,1,1,0,0,0,0,1
72,42.1,2962.0,41.138888888888886,1,0,1,0,0,1,0,0,0,0,1,0,1,0,1,0,0,0,0,0,0,0,1,0,0,0,0,0,1
72,84.8,6141.65,85.30069444444445,1,1,1,0,1,0,0,1,0,0,1,0,1,0,0,0,1,0,0,0,0,0,1,1,1,0,0,0,1
15,85.6,1345.55,89.70333333333333,1,1,1,0,1,0,1,1,0,0,0,0,0,0,0,0,0,0,0,0,1,0,0,1,0,0,0,1,0
65,105.25,6786.4,104.40615384615384,0,1,1,0,1,0,1,1,0,0,1,0,0,0,1,0,0,0,1,0,1,0,0,0,0,0,0,0,1
28,76.55,2065.4,73.76428571428572,1,0,1,0,1,0,0,1,0,0,0,0,0,0,0,0,1,0,0,0,0,0,0,0,0,0,0,1,0
3,85.7,256.75,85.58333333333333,1,0,0,0,1,0,0,1,0,0,0,0,0,0,1,0,0,0,0,0,1,0,0,0,1,0,0,0,0
43,108.15,4600.7,106.99302325581395,0,1,0,0,1,0,0,1,0,0,1,0,1,0,0,0,1,0,1,0,1,0,0,1,1,0,0,0,1
27,71.6,1957.1,72.48518518518519,1,0,1,1,1,0,1,0,0,0,0,0,0,0,0,0,1,0,1,0,1,0,0,0,0,0,0,1,0
72,104.15,7689.95,106.80486111111111,1,1,1,0,1,0,1,1,0,0,0,0,1,0,1,0,0,0,1,0,1,0,1,1,0,0,0,0,1
1,29.9,29.9,29.9,0,0,0,0,0,1,0,0,0,0,1,0,0,0,0,0,0,0,0,0,0,0,0,0,0,0,1,0,0
52,59.45,3043.7,58.5326923076923,0,0,0,0,1,0,0,0,0,0,0,0,0,0,1,0,0,0,0,0,1,0,0,1,0,1,0,0,1
2,85.65,181.5,90.75,1,0,0,0,1,0,1,1,0,0,0,0,0,0,0,0,0,0,1,0,0,0,0,1,0,1,0,0,0
3,25.1,79.8,26.599999999999998,1,0,0,0,0,1,0,0,0,0,0,0,0,0,0,0,0,0,0,0,0,0,0,0,0,1,0,0,0
29,84.3,2357.75,81.30172413793103,1,1,1,0,1,0,1,1,0,0,0,0,0,0,0,0,0,0,0,0,1,0,0,1,0,1,0,1,0
65,26.0,1654.85,25.459230769230768,0,0,1,1,1,0,1,0,1,1,0,1,0,1,0,1,0,1,0,1,0,0,1,0,1,0,0,0,1
55,66.05,3462.1,62.947272727272725,0,0,1,0,1,0,1,0,0,0,1,0,1,0,0,0,1,0,0,0,0,1,0,1,1,0,0,0,1
72,64.45,4720.0,65.55555555555556,1,0,1,1,1,0,1,0,0,0,1,0,1,0,1,0,0,0,0,0,0,0,1,0,1,0,0,0,1
63,20.6,1298.7,20.614285714285714,0,0,0,0,1,0,0,0,1,1,0,1,0,1,0,1,0,1,0,1,0,0,1,1,0,0,1,0,1
5,55.7,259.4,51.879999999999995,1,0,1,1,1,0,1,0,0,0,0,0,0,0,0,0,1,0,0,0,0,0,0,1,0,0,1,0,0
59,19.35,1099.6,18.63728813559322,1,0,0,0,1,0,0,0,1,1,0,1,0,1,0,1,0,1,0,1,0,0,1,0,0,0,1,0,1
69,43.95,2960.1,42.9,0,0,1,1,0,1,0,0,0,0,1,0,0,0,1,0,0,0,0,0,1,0,1,1,1,0,0,0,1
27,69.35,1927.3,71.38148148148149,1,0,0,0,1,0,0,0,0,0,1,0,0,0,1,0,1,0,1,0,0,1,0,0,1,0,0,1,0
15,50.75,688.2,45.88,1,0,0,0,0,1,0,0,0,0,0,0,0,0,1,0,0,0,1,0,1,1,0,0,0,1,0,1,0
1,19.3,19.3,19.3,1,0,0,1,1,0,0,0,1,1,0,1,0,1,0,1,0,1,0,1,0,0,0,1,0,0,1,0,0
40,50.25,2023.55,50.58875,0,0,0,0,1,0,0,0,0,0,0,0,0,0,1,0,0,0,0,0,0,1,0,1,0,0,1,0,1
3,75.3,244.1,81.36666666666666,0,0,0,0,1,0,0,0,0,0,0,0,1,0,0,0,1,0,1,0,1,0,0,1,0,1,0,0,0
7,43.9,278.4,39.771428571428565,1,0,0,0,1,0,0,0,0,0,0,0,0,0,0,0,0,0,0,0,0,0,0,0,0,0,1,0,0
28,96.6,2684.35,95.86964285714285,1,0,1,0,1,0,1,1,0,0,0,0,1,0,1,0,0,0,1,0,0,0,0,0,1,0,0,1,0
45,62.55,2796.45,62.14333333333333,0,0,0,0,1,0,0,0,0,0,1,0,1,0,0,0,1,0,0,0,0,1,0,1,1,0,0,0,1
5,39.5,210.75,42.15,0,0,0,0,0,1,0,0,0,0,0,0,0,0,1,0,0,0,0,0,1,0,0,0,0,1,0,0,0
12,56.65,654.85,54.57083333333333,1,0,0,0,1,0,0,0,0,0,1,0,0,0,0,0,1,0,0,0,0,0,0,0,0,0,1,0,0
21,94.3,1948.35,92.77857142857142,0,0,1,0,1,0,1,1,0,0,0,0,0,0,0,0,0,0,1,0,1,0,0,1,0,1,0,1,0
70,25.4,1782.05,25.457857142857144,1,0,1,1,1,0,1,0,1,1,0,1,0,1,0,1,0,1,0,1,0,0,1,0,0,0,1,0,1
70,97.65,6982.5,99.75,0,0,1,0,1,0,1,1,0,0,0,0,0,0,1,0,0,0,1,0,1,1,0,1,0,1,0,0,1
64,99.25,6549.45,102.33515625,1,0,0,0,1,0,1,1,0,0,1,0,0,0,1,0,1,0,0,0,1,0,1,0,1,0,0,0,1
70,86.45,5950.2,85.00285714285714,0,0,1,0,1,0,0,0,0,0,1,0,1,0,1,0,1,0,1,0,1,0,1,0,1,0,0,0,1
72,115.55,8425.3,117.01805555555555,1,0,1,0,1,0,1,1,0,0,1,0,1,0,1,0,1,0,1,0,1,0,1,1,0,1,0,0,1
17,19.7,340.35,20.02058823529412,0,0,0,0,1,0,0,0,1,1,0,1,0,1,0,1,0,1,0,1,0,0,0,0,1,0,0,1,0
1,20.75,20.75,20.75,1,0,0,1,1,0,0,0,1,1,0,1,0,1,0,1,0,1,0,1,0,0,0,0,0,0,1,0,0
37,19.8,677.05,18.298648648648648,1,0,1,1,1,0,0,0,1,1,0,1,0,1,0,1,0,1,0,1,0,1,0,0,1,0,0,0,1
8,20.45,162.3,20.2875,1,0,0,0,1,0,0,0,1,1,0,1,0,1,0,1,0,1,0,1,0,0,0,1,1,0,0,0,0
38,91.7,3479.05,91.55394736842106,1,0,1,0,1,0,1,1,0,0,1,0,0,0,0,0,0,0,1,0,0,0,0,0,0,0,0,0,1
24,89.25,2210.2,92.09166666666665,1,0,1,0,1,0,0,1,0,0,1,0,0,0,0,0,1,0,0,0,1,0,0,1,0,1,0,1,0
5,100.5,514.0,102.8,0,0,0,0,1,0,1,1,0,0,0,0,0,0,1,0,0,0,1,0,1,0,0,1,0,1,0,0,0
53,19.75,1052.35,19.85566037735849,1,0,0,1,1,0,0,0,1,1,0,1,0,1,0,1,0,1,0,1,0,0,1,0,0,0,0,0,1
12,29.2,309.1,25.758333333333336,0,0,1,1,0,1,0,0,0,0,0,0,1,0,0,0,0,0,0,0,0,0,0,0,0,0,1,0,0
34,20.05,679.0,19.970588235294116,1,0,1,0,1,0,0,0,1,1,0,1,0,1,0,1,0,1,0,1,0,0,1,0,1,0,0,1,0
70,114.6,7882.5,112.60714285714286,1,0,0,1,1,0,1,1,0,0,1,0,1,0,1,0,1,0,1,0,1,0,1,1,0,1,0,0,1
3,20.7,57.5,19.166666666666668,1,0,0,0,1,0,0,0,1,1,0,1,0,1,0,1,0,1,0,1,0,0,0,0,0,0,1,0,0
55,85.1,4657.95,84.69,0,0,1,1,1,0,1,0,0,0,1,0,0,0,1,0,1,0,1,0,1,0,1,1,0,0,0,0,1
48,117.45,5438.9,113.31041666666665,0,1,1,0,1,0,1,1,0,0,1,0,1,0,1,0,1,0,1,0,1,0,0,0,0,1,0,0,1
68,83.0,5685.8,83.61470588235295,0,0,1,1,1,0,1,1,0,0,0,0,0,0,0,0,0,0,1,0,0,1,0,1,0,1,0,0,1
56,24.3,1261.7,22.530357142857145,0,0,1,0,1,0,1,0,1,1,0,1,0,1,0,1,0,1,0,1,0,1,0,0,0,1,0,0,1
7,86.5,582.5,83.21428571428571,0,0,1,0,1,0,1,1,0,0,0,0,0,0,0,0,0,0,1,0,0,0,0,1,0,1,0,0,0
35,102.35,3626.1,103.60285714285715,1,0,0,0,1,0,0,1,0,0,0,0,1,0,1,0,0,0,1,0,1,1,0,1,0,0,0,1,0
2,88.55,179.25,89.625,0,1,0,0,1,0,1,1,0,0,0,0,0,0,1,0,0,0,0,0,1,0,0,1,0,1,0,0,0
21,90.05,1862.9,88.70952380952382,0,0,0,0,1,0,0,1,0,0,0,0,1,0,1,0,0,0,0,0,1,0,0,1,0,1,0,1,0
49,39.2,1838.15,37.51326530612245,1,0,1,1,0,1,0,0,0,0,1,0,0,0,0,0,0,0,0,0,1,0,0,1,0,1,0,0,1
60,19.65,1161.75,19.3625,1,0,1,1,1,0,0,0,1,1,0,1,0,1,0,1,0,1,0,1,0,0,1,0,1,0,0,0,1
32,81.1,2619.25,81.8515625,1,1,0,0,1,0,1,1,0,0,0,0,0,0,1,0,0,0,0,0,0,0,0,1,1,0,0,1,0
54,104.3,5278.15,97.74351851851851,1,0,1,0,1,0,1,1,0,0,0,0,1,0,1,0,0,0,1,0,1,0,0,1,0,1,0,0,1
47,60.0,2768.65,58.90744680851064,0,0,1,1,0,1,0,0,0,0,1,0,1,0,1,0,0,0,1,0,1,0,1,1,1,0,0,0,1
25,54.75,1266.35,50.653999999999996,0,0,0,1,1,0,0,0,0,0,0,0,1,0,0,0,1,0,0,0,0,1,0,1,1,0,0,1,0
4,44.8,176.2,44.05,1,0,0,0,1,0,0,0,0,0,0,0,0,0,0,0,0,0,0,0,0,0,0,1,1,0,0,0,0
72,19.85,1434.1,19.918055555555554,1,0,0,0,1,0,0,0,1,1,0,1,0,1,0,1,0,1,0,1,0,0,1,0,0,0,0,0,1
1,70.8,70.8,70.8,0,0,0,0,1,0,0,1,0,0,0,0,0,0,0,0,0,0,0,0,0,0,0,1,0,0,1,0,0
18,84.3,1537.9,85.4388888888889,1,0,0,0,1,0,1,1,0,0,0,0,0,0,0,0,0,0,1,0,0,0,0,0,0,0,0,1,0
1,25.15,25.15,25.15,0,0,0,0,0,1,0,0,0,0,0,0,0,0,0,0,0,0,0,0,0,0,0,1,0,0,1,0,0
7,58.85,465.7,66.52857142857142,1,0,1,1,0,1,0,0,0,0,1,0,1,0,1,0,0,0,1,0,1,0,0,0,0,0,1,0,0
60,20.95,1270.55,21.175833333333333,1,0,1,1,1,0,0,0,1,1,0,1,0,1,0,1,0,1,0,1,0,0,1,1,0,0,0,0,1
9,85.35,758.6,84.28888888888889,1,0,0,0,1,0,1,1,0,0,0,0,0,0,0,0,0,0,1,0,0,0,0,1,0,1,0,0,0
29,51.6,1442.0,49.724137931034484,1,1,1,0,1,0,1,0,0,0,0,0,0,0,0,0,0,0,0,0,0,0,0,1,0,1,0,1,0
51,90.15,4554.85,89.31078431372549,0,0,1,1,1,0,1,1,0,0,0,0,0,0,1,0,0,0,0,0,1,1,0,1,0,1,0,0,1
4,25.2,102.5,25.625,1,1,0,0,0,1,0,0,0,0,0,0,0,0,0,0,0,0,0,0,0,0,0,1,0,0,0,0,0
37,19.85,784.25,21.195945945945947,0,0,0,0,1,0,0,0,1,1,0,1,0,1,0,1,0,1,0,1,0,0,1,0,0,0,1,0,1
50,19.75,989.05,19.781,0,0,0,0,1,0,0,0,1,1,0,1,0,1,0,1,0,1,0,1,0,1,0,0,0,0,0,0,1
56,36.1,1971.5,35.205357142857146,1,0,1,1,0,1,0,0,0,0,0,0,1,0,1,0,0,0,0,0,0,1,0,1,1,0,0,0,1
11,20.95,267.35,24.30454545454546,1,0,1,1,1,0,0,0,1,1,0,1,0,1,0,1,0,1,0,1,0,0,0,0,0,0,0,0,0
35,89.65,3161.6,90.33142857142857,1,0,1,1,1,0,1,1,0,0,0,0,1,0,0,0,0,0,1,0,0,0,0,1,0,0,0,1,0
50,103.85,5017.9,100.35799999999999,1,0,1,1,1,0,1,1,0,0,0,0,1,0,1,0,0,0,1,0,1,0,0,1,0,0,0,0,1
1,74.35,74.35,74.35,1,0,0,1,1,0,1,1,0,0,0,0,0,0,0,0,0,0,0,0,0,0,0,1,0,1,0,0,0
51,59.3,3014.65,59.11078431372549,1,0,1,1,0,1,0,0,0,0,1,0,1,0,1,0,0,0,1,0,1,1,0,0,0,1,0,0,1
47,74.05,3496.3,74.38936170212766,0,0,0,0,1,0,1,0,0,0,1,0,1,0,0,0,1,0,0,0,1,0,1,0,0,0,1,0,1
32,54.65,1830.1,57.190625,0,1,0,0,1,0,0,0,0,0,0,0,1,0,0,0,1,0,0,0,0,0,0,0,0,0,0,1,0
67,59.55,4103.9,61.252238805970144,0,0,1,1,0,1,0,0,0,0,0,0,1,0,1,0,1,0,1,0,1,0,1,1,0,1,0,0,1
50,80.05,4042.2,80.844,0,0,1,1,1,0,1,0,0,0,1,0,1,0,1,0,1,0,0,0,1,1,0,1,0,0,0,0,1
3,101.55,298.35,99.45,1,0,0,0,1,0,1,1,0,0,0,0,0,0,1,0,0,0,1,0,1,0,0,1,0,0,0,0,0
4,84.05,333.55,83.3875,0,0,0,1,1,0,1,1,0,0,0,0,1,0,1,0,0,0,0,0,0,0,0,0,0,0,0,0,0
14,95.8,1346.3,96.16428571428571,0,1,1,1,1,0,1,1,0,0,0,0,0,0,0,0,0,0,1,0,1,0,0,1,0,1,0,1,0
39,90.7,3413.25,87.51923076923077,1,1,0,0,1,0,1,1,0,0,0,0,1,0,0,0,0,0,0,0,1,0,0,0,0,1,0,0,1
1,53.55,53.55,53.55,0,0,1,0,1,0,0,0,0,0,1,0,1,0,0,0,0,0,0,0,0,0,0,1,0,0,1,0,0
24,101.05,2391.8,99.65833333333335,1,0,1,0,1,0,1,1,0,0,0,0,0,0,1,0,0,0,1,0,1,0,0,1,0,1,0,1,0
25,85.9,2199.05,87.962,1,0,1,1,1,0,0,1,0,0,0,0,0,0,0,0,1,0,1,0,0,0,0,0,0,1,0,1,0
63,80.0,5040.2,80.0031746031746,1,0,1,0,1,0,1,0,0,0,1,0,1,0,1,0,1,0,0,0,1,1,0,0,1,0,0,0,1
5,81.3,416.3,83.26,1,0,1,0,1,0,1,1,0,0,0,0,1,0,0,0,0,0,0,0,0,0,0,1,0,1,0,0,0
15,49.1,679.55,45.30333333333333,0,0,0,0,1,0,1,0,0,0,0,0,0,0,0,0,0,0,0,0,0,0,0,1,0,1,0,1,0
7,49.75,331.3,47.32857142857143,1,0,1,1,1,0,0,0,0,0,1,0,0,0,0,0,0,0,0,0,0,1,0,1,0,1,0,0,0
67,106.7,7009.5,104.61940298507463,0,0,1,1,1,0,1,1,0,0,1,0,0,0,0,0,1,0,1,0,1,0,1,0,1,0,0,0,1
1,69.2,69.2,69.2,0,0,0,0,1,0,0,1,0,0,0,0,0,0,0,0,0,0,0,0,0,0,0,1,0,1,0,0,0
1,20.5,20.5,20.5,0,0,1,1,1,0,0,0,1,1,0,1,0,1,0,1,0,1,0,1,0,0,0,1,0,0,1,0,0
10,56.75,503.25,50.325,1,0,0,0,1,0,0,0,0,0,0,0,0,0,0,0,0,0,0,0,1,0,0,1,0,0,0,0,0
41,19.75,899.45,21.93780487804878,1,0,1,0,1,0,0,0,1,1,0,1,0,1,0,1,0,1,0,1,0,0,1,1,0,1,0,0,1
60,76.95,4543.95,75.7325,1,0,1,1,1,0,0,0,0,0,0,0,1,0,0,0,1,0,1,0,1,0,1,0,0,0,0,0,1
22,85.1,1873.7,85.16818181818182,1,0,1,0,1,0,1,1,0,0,0,0,0,0,0,0,0,0,0,0,1,0,0,1,0,1,0,1,0
8,74.05,600.15,75.01875,0,1,0,0,1,0,0,1,0,0,0,0,0,0,1,0,0,0,0,0,0,0,0,1,0,0,0,0,0
10,80.05,830.7,83.07000000000001,0,0,0,0,1,0,1,1,0,0,0,0,1,0,0,0,0,0,0,0,0,0,0,1,0,0,0,0,0
64,97.0,6430.9,100.4828125,0,1,1,0,1,0,0,1,0,0,1,0,1,0,1,0,0,0,0,0,1,1,0,0,0,0,0,0,1
12,101.35,1218.55,101.54583333333333,1,1,1,0,1,0,1,1,0,0,0,0,1,0,0,0,0,0,1,0,1,0,0,1,0,1,0,0,0
47,85.3,4107.25,87.38829787234043,0,0,1,1,1,0,1,0,0,0,1,0,1,0,0,0,1,0,1,0,1,0,1,1,1,0,0,0,1
24,69.45,1614.05,67.25208333333333,0,0,1,0,1,0,0,0,0,0,0,0,1,0,0,0,0,0,1,0,1,0,0,1,0,0,0,1,0
2,71.65,135.75,67.875,0,0,1,1,1,0,0,1,0,0,0,0,0,0,0,0,0,0,0,0,0,0,0,1,0,1,0,0,0
27,95.6,2595.25,96.12037037037037,0,0,0,0,1,0,1,1,0,0,0,0,0,0,0,0,0,0,1,0,1,0,0,1,0,0,0,1,0
22,43.75,903.6,41.07272727272727,1,0,0,0,0,1,0,0,0,0,0,0,1,0,1,0,0,0,0,0,1,1,0,1,0,0,0,1,0
72,110.65,8065.65,112.02291666666666,0,0,1,0,1,0,1,1,0,0,1,0,1,0,1,0,0,0,1,0,1,0,1,1,1,0,0,0,1
2,64.2,143.65,71.825,1,0,1,0,1,0,0,0,0,0,0,0,1,0,0,0,1,0,0,0,1,0,0,1,0,0,1,0,0
26,83.95,2254.2,86.69999999999999,1,0,0,0,1,0,1,1,0,0,0,0,0,0,0,0,0,0,0,0,1,0,0,1,0,1,0,1,0
2,90.75,174.75,87.375,1,0,0,0,1,0,1,1,0,0,1,0,0,0,0,0,0,0,0,0,1,0,0,0,0,0,1,0,0
1,19.45,19.45,19.45,0,1,0,0,1,0,0,0,1,1,0,1,0,1,0,1,0,1,0,1,0,0,0,1,0,1,0,0,0
27,59.45,1611.65,59.69074074074074,1,0,0,0,1,0,1,0,0,0,0,0,0,0,1,0,1,0,0,0,0,0,0,0,0,1,0,1,0
1,94.0,94.0,94.0,1,1,0,0,1,0,1,1,0,0,0,0,0,0,0,0,0,0,1,0,1,0,0,1,0,1,0,0,0
52,21.0,1107.2,21.292307692307695,1,0,0,0,1,0,0,0,1,1,0,1,0,1,0,1,0,1,0,1,0,0,1,0,0,0,0,0,1
16,94.65,1461.15,91.321875,0,0,1,0,1,0,0,1,0,0,0,0,1,0,0,0,0,0,1,0,1,0,0,1,0,0,0,1,0
6,19.65,116.85,19.474999999999998,0,0,0,0,1,0,0,0,1,1,0,1,0,1,0,1,0,1,0,1,0,0,1,0,1,0,0,0,0
27,81.45,2122.05,78.59444444444445,1,1,0,0,1,0,1,1,0,0,0,0,1,0,0,0,0,0,0,0,0,0,0,1,0,1,0,1,0
23,20.05,415.1,18.047826086956523,0,0,1,1,1,0,0,0,1,1,0,1,0,1,0,1,0,1,0,1,0,1,0,0,0,0,1,1,0
1,19.55,19.55,19.55,1,0,0,1,1,0,0,0,1,1,0,1,0,1,0,1,0,1,0,1,0,0,0,0,0,0,1,0,0
32,20.5,696.8,21.775,1,0,0,1,1,0,0,0,1,1,0,1,0,1,0,1,0,1,0,1,0,0,1,0,0,0,1,1,0
71,25.95,1801.9,25.378873239436622,0,0,1,0,1,0,1,0,1,1,0,1,0,1,0,1,0,1,0,1,0,0,1,1,1,0,0,0,1
17,19.4,358.05,21.061764705882354,0,0,0,0,1,0,0,0,1,1,0,1,0,1,0,1,0,1,0,1,0,0,1,0,0,0,1,1,0
47,85.2,3969.35,84.45425531914893,0,1,0,0,1,0,1,1,0,0,0,0,1,0,1,0,0,0,0,0,0,0,0,1,0,0,0,0,1
30,90.4,2820.65,94.02166666666668,1,0,0,0,1,0,1,1,0,0,1,0,1,0,1,0,0,0,0,0,0,1,0,0,0,0,0,1,0
8,75.0,632.95,79.11875,1,0,1,0,1,0,0,1,0,0,1,0,0,0,0,0,0,0,0,0,0,0,0,0,0,1,0,0,0
33,19.8,641.35,19.434848484848487,0,0,1,1,1,0,0,0,1,1,0,1,0,1,0,1,0,1,0,1,0,0,1,0,1,0,0,1,0
13,88.35,1222.8,94.06153846153846,0,0,1,1,1,0,0,1,0,0,0,0,0,0,0,0,0,0,1,0,1,0,0,0,0,1,0,1,0
5,74.65,383.65,76.72999999999999,1,0,0,0,1,0,0,1,0,0,0,0,1,0,0,0,0,0,0,0,0,0,0,1,0,1,0,0,0
1,20.0,20.0,20.0,1,0,0,0,1,0,0,0,1,1,0,1,0,1,0,1,0,1,0,1,0,0,0,0,0,0,1,0,0
72,65.2,4784.45,66.45069444444444,0,0,1,1,0,1,0,0,0,0,1,0,1,0,1,0,1,0,1,0,1,0,1,1,1,0,0,0,1
15,55.0,757.1,50.473333333333336,0,1,0,0,1,0,1,0,0,0,0,0,0,0,0,0,1,0,0,0,0,0,0,0,1,0,0,1,0
1,69.35,69.35,69.35,1,0,0,0,1,0,0,1,0,0,0,0,0,0,0,0,0,0,0,0,0,0,0,1,0,1,0,0,0
41,89.55,3729.75,90.96951219512195,1,0,0,0,1,0,0,1,0,0,0,0,1,0,0,0,1,0,1,0,0,1,0,1,0,1,0,0,1
71,99.65,7181.25,101.1443661971831,0,1,0,0,1,0,1,1,0,0,1,0,1,0,0,0,1,0,1,0,0,1,0,1,1,0,0,0,1
2,45.25,74.2,37.1,0,0,0,0,1,0,0,0,0,0,0,0,0,0,0,0,0,0,0,0,0,0,0,1,0,0,1,0,0
10,45.55,402.6,40.260000000000005,1,0,0,0,1,0,0,0,0,0,0,0,0,0,0,0,0,0,0,0,0,0,0,1,0,1,0,0,0
56,93.15,5253.95,93.82053571428571,1,0,1,0,1,0,1,1,0,0,1,0,1,0,1,0,0,0,0,0,0,1,0,1,0,1,0,0,1
1,69.95,69.95,69.95,0,1,0,0,1,0,0,1,0,0,0,0,0,0,0,0,0,0,0,0,0,0,0,1,0,1,0,0,0
64,90.6,5817.45,90.89765625,0,0,1,1,1,0,1,0,0,0,1,0,1,0,1,0,1,0,1,0,1,0,1,1,0,0,1,0,1
63,108.5,6991.9,110.98253968253968,1,1,1,0,1,0,1,1,0,0,1,0,1,0,1,0,0,0,1,0,1,0,1,0,1,0,0,0,1
1,19.3,19.3,19.3,1,0,0,0,1,0,0,0,1,1,0,1,0,1,0,1,0,1,0,1,0,0,0,0,1,0,0,0,0
16,54.1,889.0,55.5625,0,1,0,0,1,0,1,0,0,0,1,0,0,0,0,0,0,0,0,0,0,0,0,1,0,1,0,1,0
26,81.95,2070.05,79.6173076923077,0,0,1,1,1,0,0,1,0,0,1,0,1,0,0,0,0,0,0,0,0,0,0,0,0,1,0,1,0
71,65.15,4681.75,65.94014084507042,1,0,1,0,1,0,1,0,0,0,1,0,1,0,0,0,1,0,0,0,0,0,1,0,0,0,0,0,1
68,88.85,6132.7,90.18676470588235,1,0,1,1,1,0,1,0,0,0,1,0,1,0,1,0,1,0,1,0,1,0,1,1,1,0,0,0,1
19,59.55,1144.6,60.24210526315789,1,0,0,0,1,0,1,0,0,0,0,0,0,0,1,0,1,0,0,0,0,0,0,0,0,1,0,1,0
48,24.55,1203.95,25.082291666666666,0,0,0,0,1,0,1,0,1,1,0,1,0,1,0,1,0,1,0,1,0,1,0,0,0,0,0,0,1
71,90.55,6404.0,90.19718309859155,1,0,1,0,1,0,1,0,0,0,1,0,1,0,1,0,1,0,1,0,1,0,1,0,0,0,0,0,1
72,115.75,8399.15,116.6548611111111,1,1,1,1,1,0,1,1,0,0,1,0,1,0,1,0,1,0,1,0,1,0,1,1,1,0,0,0,1
17,106.65,1672.1,98.35882352941177,1,0,0,0,1,0,1,1,0,0,1,0,1,0,1,0,1,0,1,0,0,0,0,1,0,0,0,1,0
39,25.2,987.95,25.33205128205128,1,0,1,1,1,0,1,0,1,1,0,1,0,1,0,1,0,1,0,1,0,0,1,0,0,0,1,0,1
13,20.2,273.25,21.01923076923077,0,0,0,0,1,0,0,0,1,1,0,1,0,1,0,1,0,1,0,1,0,1,0,0,0,0,1,1,0
47,103.1,4889.3,104.02765957446809,1,0,0,0,1,0,1,1,0,0,0,0,1,0,1,0,0,0,1,0,1,1,0,1,0,1,0,0,1
35,21.45,705.45,20.155714285714286,1,0,0,0,1,0,0,0,1,1,0,1,0,1,0,1,0,1,0,1,0,0,1,0,0,0,0,1,0
9,94.05,811.65,90.18333333333334,1,0,0,0,1,0,0,1,0,0,0,0,0,0,1,0,0,0,1,0,1,0,0,1,0,1,0,0,0
54,108.0,5760.65,106.6787037037037,1,0,0,0,1,0,1,1,0,0,1,0,1,0,0,0,1,0,1,0,1,0,1,1,1,0,0,0,1
72,89.75,6595.9,91.60972222222222,0,0,1,1,1,0,1,0,0,0,1,0,1,0,1,0,1,0,1,0,1,0,1,0,1,0,0,0,1
71,85.45,6028.95,84.91478873239437,1,0,0,1,1,0,1,1,0,0,1,0,1,0,0,0,0,0,0,0,0,1,0,1,1,0,0,0,1
49,74.45,3721.9,75.95714285714286,0,0,0,0,1,0,0,0,0,0,0,0,0,0,1,0,1,0,1,0,1,0,1,1,0,0,0,0,1
54,18.95,1031.1,19.09444444444444,0,1,1,0,1,0,0,0,1,1,0,1,0,1,0,1,0,1,0,1,0,0,1,1,0,0,1,0,1
19,87.3,1637.3,86.17368421052632,1,1,0,0,1,0,0,1,0,0,1,0,0,0,0,0,0,0,0,0,1,0,0,1,0,1,0,1,0
72,92.4,6786.1,94.2513888888889,0,0,1,0,1,0,1,0,0,0,1,0,1,0,1,0,1,0,1,0,1,0,1,1,0,1,0,0,1
24,89.85,2165.05,90.21041666666667,1,0,0,0,1,0,1,1,0,0,0,0,0,0,1,0,0,0,1,0,0,0,0,1,0,0,1,1,0
3,41.35,107.25,35.75,1,0,0,0,0,1,0,0,0,0,1,0,0,0,1,0,1,0,0,0,0,0,0,0,0,0,1,0,0
1,20.3,20.3,20.3,0,0,1,0,1,0,0,0,1,1,0,1,0,1,0,1,0,1,0,1,0,0,0,1,0,0,0,0,0
11,45.2,492.0,44.72727272727273,1,0,0,0,1,0,0,0,0,0,0,0,0,0,0,0,0,0,0,0,0,0,0,0,1,0,0,0,0
58,24.7,1519.0,26.189655172413794,0,0,0,0,1,0,1,0,1,1,0,1,0,1,0,1,0,1,0,1,0,0,1,1,1,0,0,0,1
2,20.0,32.7,16.35,1,0,0,0,1,0,0,0,1,1,0,1,0,1,0,1,0,1,0,1,0,0,0,0,0,0,1,0,0
72,65.55,4807.45,66.77013888888888,1,0,0,0,0,1,0,0,0,0,1,0,1,0,1,0,1,0,1,0,1,0,1,1,0,0,0,0,1
60,95.75,5742.9,95.71499999999999,1,0,1,0,1,0,1,1,0,0,0,0,1,0,1,0,0,0,1,0,0,0,0,1,0,1,0,0,1
72,78.5,5602.25,77.80902777777777,0,1,1,0,1,0,1,1,0,0,1,0,0,0,0,0,0,0,0,0,0,0,1,0,0,0,0,0,1
4,75.65,302.35,75.5875,0,0,0,0,1,0,1,1,0,0,0,0,0,0,0,0,0,0,0,0,0,0,0,1,0,1,0,0,0
1,74.45,74.45,74.45,0,1,0,0,1,0,1,1,0,0,0,0,0,0,0,0,0,0,0,0,0,0,0,1,0,0,1,0,0
10,89.5,863.1,86.31,1,0,0,0,1,0,0,1,0,0,0,0,0,0,0,0,0,0,1,0,1,0,0,1,0,1,0,0,0
37,101.1,3744.05,101.19054054054054,1,1,0,0,1,0,1,1,0,0,0,0,0,0,1,0,0,0,1,0,1,0,0,1,0,1,0,0,1
4,48.55,201.0,50.25,1,0,1,0,0,1,0,0,0,0,0,0,1,0,0,0,0,0,1,0,1,0,0,1,0,1,0,0,0
2,73.25,131.05,65.525,1,0,0,0,1,0,1,1,0,0,0,0,0,0,0,0,0,0,0,0,0,0,0,1,1,0,0,0,0
1,20.85,20.85,20.85,0,1,1,0,1,0,0,0,1,1,0,1,0,1,0,1,0,1,0,1,0,0,0,1,0,0,1,0,0
29,74.95,2149.05,74.10517241379311,0,0,1,0,1,0,1,1,0,0,0,0,0,0,0,0,0,0,0,0,0,0,0,1,0,1,0,1,0
33,88.95,3027.65,91.7469696969697,1,0,0,0,1,0,0,1,0,0,1,0,0,0,0,0,1,0,1,0,0,0,1,1,0,1,0,1,0
59,99.5,5890.0,99.83050847457628,0,1,0,0,1,0,1,1,0,0,0,0,0,0,1,0,0,0,1,0,1,1,0,1,0,1,0,0,1
5,89.15,413.25,82.65,1,0,1,0,1,0,1,1,0,0,1,0,0,0,0,0,0,0,0,0,1,0,0,1,0,1,0,0,0
14,78.95,1101.85,78.70357142857142,0,1,0,0,1,0,1,1,0,0,0,0,1,0,0,0,0,0,0,0,0,0,0,1,0,1,0,1,0
8,80.45,583.45,72.93125,1,1,1,1,1,0,0,1,0,0,0,0,0,0,0,0,0,0,1,0,0,0,0,1,1,0,0,0,0
47,20.55,1013.05,21.554255319148936,1,0,0,1,1,0,0,0,1,1,0,1,0,1,0,1,0,1,0,1,0,1,0,0,1,0,0,0,1
17,88.25,1460.65,85.92058823529412,0,0,1,1,1,0,1,1,0,0,0,0,0,0,1,0,0,0,1,0,0,0,0,0,0,1,0,1,0
72,103.4,7372.65,102.39791666666666,1,0,1,1,1,0,1,1,0,0,0,0,1,0,1,0,0,0,1,0,1,0,1,1,0,1,0,0,1
2,25.05,56.35,28.175,1,0,0,0,0,1,0,0,0,0,0,0,0,0,0,0,0,0,0,0,0,0,0,1,0,1,0,0,0
60,102.5,6157.6,102.62666666666668,1,0,1,0,1,0,1,1,0,0,0,0,1,0,1,0,0,0,1,0,1,1,0,0,0,0,0,0,1
18,80.55,1411.65,78.42500000000001,1,1,0,0,1,0,1,1,0,0,0,0,1,0,0,0,0,0,0,0,0,0,0,1,1,0,0,1,0
25,74.3,1952.25,78.09,1,0,0,0,1,0,0,1,0,0,1,0,0,0,0,0,0,0,0,0,0,0,0,0,0,0,0,1,0
71,87.95,6365.35,89.65281690140846,0,0,1,0,1,0,1,0,0,0,1,0,1,0,1,0,1,0,1,0,1,0,1,0,0,0,0,0,1
1,21.1,21.1,21.1,1,0,0,0,1,0,0,0,1,1,0,1,0,1,0,1,0,1,0,1,0,0,0,0,0,0,1,0,0
71,19.7,1415.85,19.941549295774646,0,0,1,1,1,0,0,0,1,1,0,1,0,1,0,1,0,1,0,1,0,0,1,0,1,0,0,0,1
67,75.7,5060.85,75.53507462686568,1,1,0,0,1,0,1,1,0,0,0,0,0,0,0,0,0,0,0,0,0,0,0,1,0,0,1,0,1
72,115.75,8443.7,117.27361111111112,0,1,1,0,1,0,1,1,0,0,1,0,1,0,1,0,1,0,1,0,1,0,1,1,1,0,0,0,1
41,40.35,1677.85,40.923170731707316,0,0,0,0,0,1,0,0,0,0,0,0,1,0,0,0,0,0,0,0,1,0,0,1,0,1,0,0,1
24,90.55,2282.55,95.10625,1,0,0,0,1,0,1,1,0,0,0,0,1,0,0,0,0,0,1,0,0,0,0,1,1,0,0,1,0
54,55.0,3092.65,57.2712962962963,1,0,0,1,1,0,1,0,0,0,0,0,1,0,0,0,0,0,0,0,0,0,0,1,1,0,0,0,1
23,34.6,813.45,35.36739130434783,0,0,1,1,0,1,0,0,0,0,1,0,0,0,0,0,1,0,0,0,0,0,1,0,0,0,1,1,0
13,64.75,877.35,67.48846153846154,1,0,1,1,1,0,0,0,0,0,0,0,0,0,0,0,0,0,1,0,1,1,0,1,0,1,0,1,0
65,95.5,6153.85,94.6746153846154,0,0,0,0,1,0,1,1,0,0,0,0,1,0,1,0,0,0,1,0,0,1,0,1,0,1,0,0,1
55,20.5,1177.95,21.417272727272728,1,0,1,1,1,0,0,0,1,1,0,1,0,1,0,1,0,1,0,1,0,0,1,0,0,0,1,0,1
44,19.5,835.5,18.988636363636363,1,0,0,0,1,0,0,0,1,1,0,1,0,1,0,1,0,1,0,1,0,1,0,0,1,0,0,0,1
68,54.4,3723.65,54.75955882352941,0,0,1,0,0,1,0,0,0,0,1,0,0,0,1,0,0,0,1,0,1,1,0,1,0,1,0,0,1
15,48.85,631.4,42.093333333333334,0,0,0,0,1,0,1,0,0,0,0,0,0,0,0,0,0,0,0,0,0,0,0,0,0,0,1,1,0
13,84.05,1095.3,84.25384615384615,1,0,1,1,1,0,0,1,0,0,1,0,0,0,0,0,0,0,0,0,1,0,0,0,0,1,0,1,0
33,19.45,600.25,18.189393939393938,1,0,1,1,1,0,0,0,1,1,0,1,0,1,0,1,0,1,0,1,0,1,0,1,0,0,0,1,0
1,50.15,50.15,50.15,1,0,0,0,1,0,0,0,0,0,0,0,1,0,0,0,0,0,0,0,0,0,0,1,0,0,1,0,0
25,55.55,1405.3,56.211999999999996,1,0,1,0,1,0,1,0,0,0,0,0,0,0,1,0,0,0,0,0,0,0,0,0,1,0,0,1,0
11,94.2,999.9,90.89999999999999,0,0,0,0,1,0,0,1,0,0,0,0,1,0,1,0,1,0,0,0,1,0,0,1,0,1,0,0,0
5,78.75,412.1,82.42,1,0,1,0,1,0,1,1,0,0,0,0,1,0,0,0,0,0,0,0,0,0,0,1,0,1,0,0,0
52,20.1,1078.75,20.745192307692307,0,0,1,1,1,0,0,0,1,1,0,1,0,1,0,1,0,1,0,1,0,0,1,0,0,0,0,0,1
21,71.7,1497.05,71.28809523809524,0,1,1,0,1,0,1,0,0,0,0,0,1,0,1,0,0,0,0,0,1,1,0,0,0,0,0,1,0
39,106.4,4040.65,103.60641025641026,1,0,0,0,1,0,1,1,0,0,1,0,1,0,0,0,0,0,1,0,1,0,0,1,0,1,0,0,1
2,19.9,33.7,16.85,1,0,0,0,1,0,0,0,1,1,0,1,0,1,0,1,0,1,0,1,0,0,0,1,1,0,0,0,0
41,70.25,2868.05,69.95243902439024,0,0,0,0,1,0,0,1,0,0,0,0,0,0,0,0,0,0,0,0,0,0,0,0,0,0,0,0,1
5,24.3,132.25,26.45,0,0,1,1,1,0,1,0,1,1,0,1,0,1,0,1,0,1,0,1,0,0,0,1,0,0,1,0,0
24,80.25,1861.5,77.5625,1,0,0,0,1,0,1,1,0,0,0,0,1,0,0,0,0,0,0,0,0,0,0,1,0,1,0,1,0
1,20.2,20.2,20.2,1,0,0,0,1,0,0,0,1,1,0,1,0,1,0,1,0,1,0,1,0,0,0,0,0,0,1,0,0
7,79.0,522.95,74.70714285714287,0,0,0,0,1,0,0,1,0,0,0,0,0,0,0,0,0,0,1,0,0,0,0,1,0,1,0,0,0
40,93.4,3756.4,93.91,0,0,0,0,1,0,1,1,0,0,0,0,1,0,1,0,0,0,1,0,0,0,0,1,0,0,0,0,1
19,100.0,1888.65,99.40263157894738,1,0,1,1,1,0,0,1,0,0,0,0,1,0,0,0,1,0,1,0,1,1,0,0,0,0,0,1,0
23,20.45,481.1,20.917391304347827,1,0,0,0,1,0,0,0,1,1,0,1,0,1,0,1,0,1,0,1,0,1,0,0,0,0,1,1,0
1,45.3,45.3,45.3,0,0,0,0,1,0,0,0,0,0,0,0,0,0,0,0,0,0,0,0,0,0,0,1,0,0,1,0,0
15,38.8,603.0,40.2,0,0,0,0,0,1,0,0,0,0,0,0,1,0,0,0,0,0,0,0,1,0,1,1,0,0,1,1,0
1,88.8,88.8,88.8,1,1,0,0,1,0,1,1,0,0,0,0,0,0,1,0,0,0,1,0,0,0,0,1,0,1,0,0,0
63,109.4,7031.45,111.61031746031746,1,1,0,0,1,0,1,1,0,0,1,0,1,0,1,0,0,0,1,0,1,0,0,1,0,0,0,0,1
1,74.35,74.35,74.35,1,0,0,0,1,0,0,1,0,0,0,0,1,0,0,0,0,0,0,0,0,0,0,1,0,1,0,0,0
4,44.55,220.75,55.1875,1,0,0,0,1,0,0,0,0,0,0,0,0,0,0,0,0,0,0,0,0,0,0,0,0,0,1,0,0
42,77.95,3384.0,80.57142857142857,0,0,1,1,1,0,0,1,0,0,0,0,0,0,0,0,0,0,1,0,0,0,0,1,1,0,0,0,1
27,66.15,1874.45,69.42407407407407,0,0,1,1,1,0,0,0,0,0,1,0,1,0,1,0,1,0,0,0,0,1,0,0,0,0,1,1,0
71,116.05,8297.5,116.86619718309859,1,0,1,1,1,0,1,1,0,0,1,0,1,0,1,0,1,0,1,0,1,0,1,1,0,0,0,0,1
7,94.7,673.1,96.15714285714286,1,1,1,0,1,0,1,1,0,0,1,0,1,0,0,0,0,0,0,0,1,0,0,1,1,0,0,0,0
20,19.5,413.0,20.65,0,0,0,0,1,0,0,0,1,1,0,1,0,1,0,1,0,1,0,1,0,0,0,1,0,0,0,1,0
44,100.55,4398.15,99.95795454545454,1,0,0,0,1,0,0,1,0,0,0,0,1,0,0,0,1,0,1,0,1,0,0,0,0,1,0,0,1
52,19.6,1012.4,19.46923076923077,0,0,1,1,1,0,0,0,1,1,0,1,0,1,0,1,0,1,0,1,0,1,0,0,1,0,0,0,1
7,86.25,587.1,83.87142857142858,0,0,1,0,1,0,0,1,0,0,0,0,0,0,1,0,0,0,1,0,0,0,0,1,0,1,0,0,0
56,96.95,5432.2,97.00357142857142,1,0,1,1,1,0,1,1,0,0,0,0,1,0,0,0,1,0,1,0,0,0,0,1,1,0,0,0,1
28,105.8,2998.0,107.07142857142857,1,1,1,0,1,0,1,1,0,0,0,0,1,0,0,0,1,0,1,0,1,0,0,1,0,1,0,1,0
54,20.35,1092.35,20.2287037037037,0,0,1,1,1,0,0,0,1,1,0,1,0,1,0,1,0,1,0,1,0,0,1,1,0,0,0,0,1
72,65.1,4754.3,66.03194444444445,1,0,1,1,0,1,0,0,0,0,1,0,1,0,1,0,1,0,1,0,1,0,1,1,1,0,0,0,1
39,20.7,762.45,19.55,0,0,0,0,1,0,0,0,1,1,0,1,0,1,0,1,0,1,0,1,0,0,1,0,1,0,0,0,1
12,20.15,260.7,21.724999999999998,0,0,0,0,1,0,0,0,1,1,0,1,0,1,0,1,0,1,0,1,0,1,0,0,0,1,0,0,0
52,74.0,3877.65,74.57019230769231,0,0,0,0,1,0,1,0,0,0,1,0,0,0,1,0,1,0,1,0,0,1,0,0,1,0,0,0,1
7,48.8,349.8,49.971428571428575,0,0,1,1,1,0,1,0,0,0,0,0,0,0,0,0,0,0,0,0,0,0,0,0,0,1,0,0,0
31,25.75,755.6,24.374193548387098,1,0,1,1,1,0,1,0,1,1,0,1,0,1,0,1,0,1,0,1,0,0,1,0,0,0,1,1,0
24,56.25,1454.25,60.59375,1,0,1,1,1,0,0,0,0,0,1,0,0,0,1,0,0,0,0,0,0,1,0,1,1,0,0,1,0
3,74.1,228.0,76.0,0,0,1,0,1,0,1,1,0,0,0,0,0,0,0,0,0,0,0,0,0,0,0,1,1,0,0,0,0
47,20.55,945.7,20.121276595744682,0,0,0,0,1,0,0,0,1,1,0,1,0,1,0,1,0,1,0,1,0,0,1,1,0,0,1,0,1
28,51.0,1381.8,49.35,1,1,1,1,1,0,1,0,0,0,0,0,0,0,0,0,0,0,0,0,0,1,0,1,0,1,0,1,0
32,79.3,2570.0,80.3125,0,1,1,0,1,0,1,1,0,0,0,0,0,0,1,0,0,0,0,0,0,0,0,0,0,0,1,1,0
34,105.35,3540.65,104.13676470588236,1,0,0,0,1,0,1,1,0,0,0,0,1,0,0,0,1,0,1,0,1,0,0,1,0,1,0,1,0
3,50.15,168.15,56.050000000000004,1,0,1,1,1,0,0,0,0,0,0,0,0,0,1,0,0,0,0,0,0,0,0,1,0,1,0,0,0
10,79.85,797.25,79.725,1,0,0,0,1,0,1,1,0,0,0,0,1,0,0,0,0,0,0,0,0,0,0,0,0,1,0,0,0
66,65.7,4378.9,66.3469696969697,1,0,0,1,1,0,1,0,0,0,1,0,1,0,0,0,1,0,0,0,0,0,1,0,0,0,0,0,1
1,45.25,45.25,45.25,1,1,0,0,1,0,0,0,0,0,0,0,0,0,0,0,0,0,0,0,0,0,0,0,0,0,0,0,0
49,79.3,3902.45,79.64183673469387,0,0,1,1,1,0,1,0,0,0,0,0,1,0,0,0,1,0,1,0,1,0,1,0,0,0,0,0,1
1,20.15,20.15,20.15,1,0,1,1,1,0,0,0,1,1,0,1,0,1,0,1,0,1,0,1,0,0,0,1,0,0,0,0,0
7,89.5,676.7,96.67142857142858,1,1,1,0,1,0,0,1,0,0,0,0,0,0,0,0,0,0,1,0,1,0,0,1,0,1,0,0,0
3,20.0,49.65,16.55,1,0,1,0,1,0,0,0,1,1,0,1,0,1,0,1,0,1,0,1,0,0,0,0,0,0,0,0,0
34,90.15,3128.8,92.02352941176471,1,1,1,0,1,0,0,1,0,0,1,0,0,0,0,0,1,0,1,0,0,1,0,0,0,0,1,1,0
72,85.3,6129.2,85.12777777777778,0,0,1,1,1,0,0,0,0,0,1,0,1,0,1,0,1,0,1,0,1,0,1,0,0,0,0,0,1
3,77.4,206.15,68.71666666666667,1,0,0,0,1,0,0,0,0,0,1,0,0,0,1,0,0,0,1,0,1,0,0,1,0,1,0,0,0
18,71.1,1247.75,69.31944444444444,0,0,0,0,1,0,0,1,0,0,0,0,0,0,0,0,0,0,0,0,0,0,0,1,0,1,0,1,0
67,60.05,3994.05,59.61268656716418,1,0,1,1,1,0,0,0,0,0,1,0,1,0,0,0,1,0,0,0,0,1,0,0,0,0,1,0,1
44,25.7,1110.5,25.238636363636363,1,0,1,1,1,0,1,0,1,1,0,1,0,1,0,1,0,1,0,1,0,1,0,0,0,0,1,0,1
7,69.2,477.55,68.22142857142858,0,0,1,0,1,0,0,1,0,0,0,0,0,0,0,0,0,0,0,0,0,0,0,1,0,0,0,0,0
52,104.45,5481.25,105.40865384615384,1,1,1,0,1,0,0,1,0,0,1,0,0,0,1,0,1,0,1,0,1,1,0,1,0,0,0,0,1
16,69.95,1205.5,75.34375,1,0,0,0,1,0,0,1,0,0,0,0,0,0,0,0,0,0,0,0,0,0,0,1,1,0,0,1,0
8,54.75,445.85,55.73125,1,0,1,0,1,0,0,0,0,0,0,0,1,0,1,0,0,0,0,0,0,0,0,1,0,0,1,0,0
7,64.3,445.95,63.707142857142856,1,0,0,0,1,0,0,0,0,0,0,0,0,0,1,0,1,0,1,0,0,0,0,0,0,0,0,0,0
72,19.8,1414.65,19.647916666666667,1,0,1,1,1,0,0,0,1,1,0,1,0,1,0,1,0,1,0,1,0,0,1,1,1,0,0,0,1
7,29.8,220.45,31.49285714285714,1,1,1,0,0,1,0,0,0,0,1,0,0,0,0,0,0,0,0,0,0,0,0,0,0,0,0,0,0
21,20.35,422.7,20.128571428571426,1,0,0,0,1,0,0,0,1,1,0,1,0,1,0,1,0,1,0,1,0,1,0,1,0,0,1,1,0
35,73.0,2471.25,70.60714285714286,1,1,0,0,1,0,0,0,0,0,0,0,0,0,1,0,1,0,1,0,1,1,0,1,0,1,0,1,0
60,49.75,3069.45,51.1575,0,0,1,1,0,1,0,0,0,0,0,0,1,0,0,0,0,0,1,0,1,0,0,1,0,1,0,0,1
8,100.6,819.4,102.425,1,1,0,0,1,0,1,1,0,0,0,0,0,0,1,0,0,0,1,0,1,0,0,1,0,1,0,0,0
2,69.8,146.65,73.325,1,0,0,0,1,0,0,1,0,0,0,0,0,0,0,0,0,0,0,0,0,0,0,1,0,1,0,0,0
12,30.25,368.85,30.7375,0,0,1,1,0,1,0,0,0,0,0,0,0,0,0,0,1,0,0,0,0,1,0,0,1,0,0,0,0
3,29.6,79.45,26.483333333333334,1,0,0,0,0,1,0,0,0,0,0,0,1,0,0,0,0,0,0,0,0,0,0,1,0,1,0,0,0
72,70.65,5011.15,69.59930555555555,0,0,1,1,1,0,0,0,0,0,1,0,1,0,1,0,0,0,1,0,0,0,1,1,1,0,0,0,1
52,111.25,5916.45,113.77788461538461,0,0,0,0,1,0,1,1,0,0,1,0,1,0,0,0,1,0,1,0,1,1,0,1,1,0,0,0,1
46,19.2,908.15,19.742391304347827,1,0,0,0,1,0,0,0,1,1,0,1,0,1,0,1,0,1,0,1,0,0,1,0,1,0,0,0,1
12,78.85,876.75,73.0625,0,0,1,0,1,0,1,0,0,0,1,0,0,0,1,0,0,0,1,0,1,1,0,0,0,1,0,0,0
37,100.3,3541.4,95.71351351351352,0,0,0,0,1,0,1,1,0,0,0,0,0,0,0,0,1,0,1,0,1,0,0,0,1,0,0,0,1
42,19.8,849.9,20.235714285714284,1,0,0,0,1,0,0,0,1,1,0,1,0,1,0,1,0,1,0,1,0,1,0,0,0,0,0,0,1
58,80.65,4807.35,82.88534482758621,1,0,0,0,1,0,1,1,0,0,0,0,0,0,0,0,1,0,0,0,0,0,0,0,0,0,0,0,1
12,20.05,267.0,22.25,1,0,0,0,1,0,0,0,1,1,0,1,0,1,0,1,0,1,0,1,0,1,0,0,1,0,0,0,0
68,19.95,1377.7,20.26029411764706,1,0,1,1,1,0,0,0,1,1,0,1,0,1,0,1,0,1,0,1,0,0,1,0,0,0,0,0,1
1,46.3,46.3,46.3,1,0,0,0,1,0,0,0,0,0,0,0,0,0,0,0,0,0,0,0,0,0,0,0,0,0,1,0,0
44,56.25,2419.55,54.98977272727273,0,0,1,1,1,0,0,0,0,0,1,0,0,0,0,0,1,0,0,0,0,0,0,0,0,0,0,0,1
71,109.7,7904.25,111.3274647887324,0,1,1,0,1,0,0,1,0,0,1,0,1,0,1,0,1,0,1,0,1,0,1,1,0,0,0,0,1
29,34.3,1004.75,34.64655172413793,1,0,0,0,0,1,0,0,0,0,0,0,1,0,0,0,1,0,0,0,0,0,0,0,0,1,0,1,0
34,26.1,980.35,28.833823529411767,1,0,0,0,1,0,1,0,1,1,0,1,0,1,0,1,0,1,0,1,0,0,1,0,0,0,0,1,0
6,91.0,531.0,88.5,1,0,1,0,1,0,0,1,0,0,0,0,1,0,1,0,0,0,0,0,1,0,0,1,0,1,0,0,0
62,97.95,5936.55,95.7508064516129,0,1,1,0,1,0,1,1,0,0,0,0,1,0,1,0,0,0,1,0,0,1,0,1,1,0,0,0,1
22,20.05,417.0,18.954545454545453,0,1,0,0,1,0,0,0,1,1,0,1,0,1,0,1,0,1,0,1,0,1,0,1,0,0,1,1,0
66,104.6,6819.45,103.325,0,1,1,0,1,0,1,1,0,0,0,0,1,0,1,0,0,0,1,0,1,1,0,0,1,0,0,0,1
1,33.6,33.6,33.6,1,0,0,1,0,1,0,0,0,0,0,0,1,0,0,0,1,0,0,0,0,0,0,0,0,0,1,0,0
50,105.95,5341.8,106.836,1,0,1,1,1,0,1,1,0,0,1,0,0,0,1,0,0,0,1,0,1,0,0,0,1,0,0,0,1
66,96.6,6424.25,97.33712121212122,1,0,1,0,1,0,1,1,0,0,1,0,1,0,1,0,1,0,0,0,0,0,1,0,0,0,1,0,1
72,115.15,8349.45,115.96458333333334,1,0,1,0,1,0,1,1,0,0,1,0,1,0,1,0,1,0,1,0,1,0,1,0,0,0,0,0,1
27,19.15,537.35,19.901851851851852,1,0,0,1,1,0,0,0,1,1,0,1,0,1,0,1,0,1,0,1,0,0,0,0,0,0,1,1,0
7,19.45,136.75,19.535714285714285,1,0,0,1,1,0,0,0,1,1,0,1,0,1,0,1,0,1,0,1,0,1,0,0,0,0,1,0,0
14,55.5,767.55,54.824999999999996,1,0,0,0,1,0,1,0,0,0,0,0,1,0,0,0,0,0,0,0,0,0,0,1,1,0,0,1,0
26,35.75,1022.5,39.32692307692308,1,0,0,0,0,1,0,0,0,0,0,0,0,0,1,0,1,0,0,0,0,0,0,0,0,1,0,1,0
11,75.25,888.65,80.78636363636363,0,0,0,0,1,0,1,1,0,0,0,0,0,0,0,0,0,0,0,0,0,0,0,0,0,1,0,0,0
33,59.55,2016.3,61.1,0,0,1,0,0,1,0,0,0,0,1,0,0,0,1,0,1,0,1,0,1,0,1,0,0,0,0,1,0
47,90.5,4318.35,91.87978723404257,1,0,1,1,1,0,1,0,0,0,1,0,1,0,1,0,1,0,1,0,1,0,1,1,0,0,1,0,1
1,19.1,19.1,19.1,0,0,0,0,1,0,0,0,1,1,0,1,0,1,0,1,0,1,0,1,0,0,0,1,0,0,1,0,0
15,51.55,765.5,51.03333333333333,1,0,0,0,1,0,1,0,0,0,0,0,0,0,0,0,0,0,0,0,0,0,0,0,0,1,0,1,0
66,108.45,7076.35,107.21742424242424,1,1,1,1,1,0,1,1,0,0,0,0,1,0,1,0,1,0,1,0,1,1,0,1,0,1,0,0,1
36,25.1,930.95,25.859722222222224,1,0,1,1,1,0,1,0,1,1,0,1,0,1,0,1,0,1,0,1,0,0,1,0,1,0,0,1,0
45,95.95,4456.65,99.03666666666666,1,0,1,1,1,0,1,1,0,0,0,0,1,0,1,0,0,0,0,0,1,0,0,1,0,0,0,0,1
24,104.15,2494.65,103.94375000000001,0,0,0,0,1,0,1,1,0,0,0,0,1,0,1,0,0,0,1,0,1,0,0,1,0,1,0,1,0
3,73.85,196.4,65.46666666666667,0,1,0,0,1,0,0,1,0,0,0,0,0,0,1,0,0,0,0,0,0,0,0,0,0,1,0,0,0
61,115.1,7008.15,114.88770491803278,0,0,1,1,1,0,1,1,0,0,1,0,1,0,1,0,1,0,1,0,1,0,1,0,1,0,0,0,1
34,25.6,917.15,26.974999999999998,0,0,1,1,1,0,1,0,1,1,0,1,0,1,0,1,0,1,0,1,0,1,0,1,1,0,0,1,0
68,70.9,4911.35,72.22573529411765,0,0,1,0,1,0,1,0,0,0,1,0,1,0,1,0,1,0,0,0,0,0,1,0,1,0,0,0,1
16,74.55,1170.5,73.15625,1,0,0,0,1,0,0,1,0,0,0,0,0,0,0,0,1,0,0,0,0,0,0,1,1,0,0,1,0
32,80.3,2483.05,77.5953125,1,1,1,0,1,0,0,1,0,0,0,0,0,0,0,0,0,0,0,0,1,0,0,1,1,0,0,1,0
26,38.85,1025.15,39.42884615384616,0,0,1,1,0,1,0,0,0,0,1,0,1,0,0,0,1,0,0,0,0,0,0,0,1,0,0,1,0
36,19.2,702.9,19.525,0,0,1,1,1,0,0,0,1,1,0,1,0,1,0,1,0,1,0,1,0,0,0,0,0,0,0,1,0
3,20.25,71.2,23.733333333333334,0,0,0,0,1,0,0,0,1,1,0,1,0,1,0,1,0,1,0,1,0,1,0,0,0,0,1,0,0
8,100.3,832.35,104.04375,1,1,0,0,1,0,0,1,0,0,1,0,0,0,0,0,1,0,1,0,1,0,0,0,1,0,0,0,0
37,68.1,2479.25,67.00675675675676,0,0,1,0,1,0,1,0,0,0,1,0,0,0,1,0,1,0,0,0,0,1,0,0,1,0,0,0,1
1,20.45,20.45,20.45,1,0,0,0,1,0,0,0,1,1,0,1,0,1,0,1,0,1,0,1,0,0,1,0,0,0,1,0,0
68,56.4,3948.45,58.065441176470586,1,0,1,1,0,1,0,0,0,0,1,0,1,0,1,0,1,0,0,0,1,0,1,1,0,0,1,0,1
25,84.8,2043.45,81.738,1,0,0,0,1,0,1,1,0,0,0,0,0,0,0,0,0,0,0,0,1,0,0,1,0,1,0,1,0
17,75.4,1322.55,77.79705882352941,0,0,1,0,1,0,1,0,0,0,0,0,1,0,0,0,0,0,1,0,1,0,0,1,0,0,0,1,0
67,104.1,7040.85,105.08731343283583,1,0,1,0,1,0,1,1,0,0,0,0,1,0,1,0,0,0,1,0,1,1,0,0,0,1,0,0,1
5,28.45,131.05,26.21,0,1,0,0,0,1,0,0,0,0,0,0,1,0,0,0,0,0,0,0,0,0,0,0,0,1,0,0,0
57,71.1,4140.1,72.63333333333334,1,1,1,0,1,0,1,0,0,0,0,0,1,0,1,0,0,0,1,0,0,1,0,1,1,0,0,0,1
8,70.7,553.4,69.175,1,0,0,0,1,0,0,1,0,0,0,0,0,0,0,0,0,0,0,0,0,0,0,0,0,0,0,0,0
55,44.85,2479.05,45.07363636363637,1,1,0,0,0,1,0,0,0,0,1,0,1,0,0,0,0,0,1,0,0,0,0,1,0,1,0,0,1
56,45.05,2560.1,45.716071428571425,0,0,0,0,0,1,0,0,0,0,1,0,1,0,1,0,1,0,0,0,0,0,1,0,0,0,0,0,1
19,94.95,1760.25,92.64473684210526,0,1,1,0,1,0,1,1,0,0,0,0,0,0,0,0,0,0,1,0,1,0,0,1,0,1,0,1,0
51,79.15,4018.55,78.79509803921569,0,0,1,1,1,0,0,1,0,0,1,0,1,0,0,0,0,0,0,0,0,0,0,1,0,0,0,0,1
67,35.7,2545.7,37.9955223880597,0,0,1,1,0,1,0,0,0,0,1,0,0,0,0,0,1,0,0,0,0,0,1,0,1,0,0,0,1
53,80.6,4348.1,82.03962264150944,1,0,0,0,1,0,0,1,0,0,0,0,1,0,0,0,1,0,0,0,0,0,0,1,0,0,1,0,1
1,19.75,19.75,19.75,0,0,0,0,1,0,0,0,1,1,0,1,0,1,0,1,0,1,0,1,0,0,0,0,0,0,1,0,0
16,19.7,342.4,21.4,1,0,0,0,1,0,0,0,1,1,0,1,0,1,0,1,0,1,0,1,0,0,0,1,0,0,1,1,0
26,54.75,1406.9,54.111538461538466,0,0,0,0,1,0,0,0,0,0,0,0,1,0,1,0,0,0,0,0,0,0,0,1,1,0,0,1,0
45,75.95,3273.8,72.75111111111111,1,0,0,0,1,0,0,0,0,0,1,0,0,0,1,0,0,0,1,0,1,0,0,1,0,1,0,0,1
47,25.4,1139.2,24.238297872340425,1,0,1,0,1,0,1,0,1,1,0,1,0,1,0,1,0,1,0,1,0,0,0,0,0,1,0,0,1
33,94.5,3105.55,94.10757575757576,1,1,1,0,1,0,1,1,0,0,0,0,0,0,0,0,0,0,1,0,1,0,0,1,0,1,0,1,0
15,84.45,1287.85,85.85666666666665,0,0,0,0,1,0,0,0,0,0,1,0,1,0,1,0,1,0,1,0,1,0,0,0,0,0,1,1,0
42,20.0,833.55,19.84642857142857,0,0,1,1,1,0,0,0,1,1,0,1,0,1,0,1,0,1,0,1,0,0,1,0,0,0,1,0,1
1,20.05,20.05,20.05,1,0,0,1,1,0,0,0,1,1,0,1,0,1,0,1,0,1,0,1,0,0,0,0,0,0,1,0,0
56,104.75,5510.65,98.40446428571428,0,1,0,0,1,0,1,1,0,0,0,0,1,0,1,0,0,0,1,0,1,1,0,1,0,0,0,0,1
53,96.75,5206.55,98.23679245283019,0,1,0,0,1,0,0,1,0,0,1,0,1,0,0,0,1,0,0,0,1,1,0,1,0,0,1,0,1
15,105.1,1582.75,105.51666666666667,0,0,0,0,1,0,0,1,0,0,1,0,0,0,1,0,1,0,1,0,1,0,0,0,0,1,0,1,0
16,54.85,916.15,57.259375,1,0,0,0,0,1,0,0,0,0,1,0,1,0,1,0,1,0,1,0,0,0,1,0,0,0,1,1,0
20,19.7,415.9,20.794999999999998,1,0,0,0,1,0,0,0,1,1,0,1,0,1,0,1,0,1,0,1,0,1,0,1,0,0,1,1,0
15,96.5,1392.25,92.81666666666666,1,1,1,0,1,0,1,1,0,0,1,0,0,0,1,0,0,0,1,0,0,0,0,1,0,1,0,1,0
38,80.45,3162.65,83.22763157894737,1,1,0,1,1,0,1,1,0,0,1,0,0,0,0,0,0,0,0,0,0,0,0,1,0,0,1,0,1
1,56.25,56.25,56.25,0,0,0,0,1,0,0,0,0,0,0,0,0,0,0,0,0,0,0,0,1,0,0,1,0,1,0,0,0
57,19.6,1134.25,19.899122807017545,0,0,1,0,1,0,0,0,1,1,0,1,0,1,0,1,0,1,0,1,0,0,1,1,0,0,0,0,1
72,109.55,7920.7,110.00972222222222,1,1,1,0,1,0,1,1,0,0,1,0,1,0,1,0,0,0,1,0,1,0,1,1,0,0,0,0,1
54,100.1,5440.9,100.7574074074074,0,0,0,0,1,0,1,1,0,0,0,0,0,0,0,0,1,0,1,0,1,0,0,1,0,1,0,0,1
30,54.45,1588.7,52.95666666666667,1,0,1,1,1,0,1,0,0,0,1,0,0,0,0,0,0,0,0,0,0,0,0,1,0,0,0,1,0
5,75.6,402.5,80.5,0,0,0,0,1,0,1,1,0,0,0,0,0,0,0,0,0,0,0,0,0,0,0,0,0,1,0,0,0
65,109.4,7227.45,111.19153846153846,0,1,1,0,1,0,1,1,0,0,1,0,1,0,1,0,0,0,1,0,1,0,0,1,1,0,0,0,1
25,24.75,692.1,27.684,0,0,0,0,1,0,1,0,1,1,0,1,0,1,0,1,0,1,0,1,0,0,1,0,1,0,0,1,0
44,20.0,860.85,19.56477272727273,1,0,1,1,1,0,0,0,1,1,0,1,0,1,0,1,0,1,0,1,0,1,0,0,0,0,0,0,1
71,80.7,5676.0,79.94366197183099,0,1,1,0,1,0,1,1,0,0,1,0,0,0,0,0,0,0,0,0,0,0,1,1,1,0,0,0,1
24,78.4,1832.4,76.35000000000001,0,0,1,1,1,0,1,0,0,0,1,0,1,0,0,0,0,0,1,0,1,1,0,0,0,1,0,1,0
51,90.35,4614.55,90.48137254901961,1,0,1,0,1,0,1,1,0,0,0,0,1,0,0,0,0,0,0,0,1,1,0,1,1,0,0,0,1
62,90.7,5586.45,90.1040322580645,1,0,0,0,1,0,1,1,0,0,1,0,1,0,1,0,0,0,0,0,0,0,0,0,0,0,0,0,1
47,80.35,3825.85,81.40106382978723,0,1,1,0,1,0,1,1,0,0,1,0,0,0,0,0,0,0,0,0,0,0,0,0,0,1,0,0,1
12,19.35,212.3,17.691666666666666,1,0,0,1,1,0,0,0,1,1,0,1,0,1,0,1,0,1,0,1,0,0,1,0,0,0,0,0,0
1,24.7,24.7,24.7,1,0,0,1,0,1,0,0,0,0,0,0,0,0,0,0,0,0,0,0,0,0,0,1,0,1,0,0,0
68,108.45,7176.55,105.53750000000001,1,0,0,0,1,0,1,1,0,0,0,0,1,0,1,0,1,0,1,0,1,1,0,0,0,1,0,0,1
52,105.1,5376.4,103.39230769230768,1,1,1,0,1,0,1,1,0,0,0,0,1,0,1,0,0,0,1,0,1,1,0,1,0,0,0,0,1
26,60.05,1616.15,62.159615384615385,0,0,1,1,1,0,1,0,0,0,0,0,1,0,0,0,1,0,0,0,0,0,0,1,0,1,0,1,0
13,70.15,931.75,71.67307692307692,1,0,0,0,1,0,0,1,0,0,0,0,0,0,0,0,0,0,0,0,0,0,0,1,0,1,0,1,0
58,68.4,3972.25,68.48706896551724,0,0,1,0,1,0,1,0,0,0,1,0,0,0,0,0,1,0,0,0,1,1,0,1,0,1,0,0,1
35,20.05,746.75,21.335714285714285,1,0,1,1,1,0,0,0,1,1,0,1,0,1,0,1,0,1,0,1,0,1,0,0,0,0,0,1,0
51,94.0,4905.75,96.19117647058823,1,1,0,0,1,0,0,1,0,0,0,0,0,0,1,0,0,0,1,0,1,1,0,1,0,0,0,0,1
65,19.85,1267.05,19.493076923076924,1,0,1,1,1,0,0,0,1,1,0,1,0,1,0,1,0,1,0,1,0,0,1,1,1,0,0,0,1
23,55.8,1327.85,57.73260869565217,0,0,0,0,1,0,0,0,0,0,0,0,1,0,1,0,0,0,0,0,0,1,0,0,0,0,0,1,0
4,80.6,319.15,79.7875,1,0,1,0,1,0,0,1,0,0,0,0,0,0,1,0,1,0,0,0,0,0,0,1,0,0,1,0,0
34,100.45,3414.65,100.43088235294118,0,0,1,0,1,0,1,1,0,0,0,0,0,0,1,0,0,0,1,0,1,0,0,1,0,1,0,1,0
13,75.3,989.45,76.11153846153846,1,0,1,0,1,0,1,0,0,0,0,0,0,0,1,0,0,0,1,0,1,1,0,1,0,0,1,1,0
68,95.9,6503.2,95.63529411764705,1,1,0,0,1,0,1,1,0,0,0,0,1,0,1,0,0,0,0,0,1,0,0,1,0,1,0,0,1
69,39.1,2779.5,40.28260869565217,1,0,1,1,0,1,0,0,0,0,1,0,0,0,1,0,1,0,0,0,0,0,1,0,0,0,1,0,1
36,20.25,717.95,19.943055555555556,0,0,1,1,1,0,0,0,1,1,0,1,0,1,0,1,0,1,0,1,0,0,1,0,0,0,0,1,0
4,20.5,79.05,19.7625,0,0,1,0,1,0,0,0,1,1,0,1,0,1,0,1,0,1,0,1,0,1,0,0,0,0,0,0,0
17,62.1,1096.65,64.50882352941177,1,0,1,1,1,0,1,0,0,0,1,0,0,0,0,0,1,0,0,0,0,1,0,1,0,0,1,1,0
14,86.1,1235.55,88.25357142857142,1,0,1,0,1,0,1,1,0,0,0,0,0,0,0,0,0,0,1,0,0,0,0,1,0,1,0,1,0
70,68.95,4858.7,69.41,1,0,1,1,1,0,1,0,0,0,1,0,0,0,1,0,0,0,1,0,0,0,1,0,1,0,0,0,1
42,106.15,4512.7,107.4452380952381,1,0,1,0,1,0,1,1,0,0,0,0,0,0,1,0,1,0,1,0,1,0,0,1,0,0,0,0,1
43,80.2,3581.6,83.29302325581395,1,0,1,0,1,0,1,0,0,0,1,0,0,0,1,0,0,0,1,0,1,1,0,1,0,1,0,0,1
8,75.0,658.1,82.2625,1,0,1,0,1,0,0,1,0,0,1,0,0,0,0,0,0,0,0,0,0,0,0,1,0,0,1,0,0
64,109.2,6741.15,105.33046875,1,0,1,1,1,0,1,1,0,0,0,0,1,0,1,0,1,0,1,0,1,0,1,1,1,0,0,0,1
52,57.95,3042.25,58.50480769230769,0,0,0,0,1,0,0,0,0,0,1,0,0,0,1,0,1,0,0,0,0,1,0,0,1,0,0,0,1
55,77.8,4323.35,78.60636363636364,1,0,0,0,1,0,1,0,0,0,0,0,0,0,1,0,0,0,1,0,1,0,1,1,0,0,0,0,1
4,70.2,280.35,70.0875,1,1,1,0,1,0,0,1,0,0,0,0,0,0,0,0,0,0,0,0,0,0,0,1,0,1,0,0,0
6,49.65,267.35,44.55833333333334,0,0,0,0,1,0,0,0,0,0,0,0,0,0,0,0,1,0,0,0,0,0,0,1,0,0,0,0,0
1,74.7,74.7,74.7,1,1,0,0,1,0,1,1,0,0,0,0,0,0,0,0,0,0,0,0,0,0,0,1,0,1,0,0,0
6,29.45,161.45,26.90833333333333,0,0,0,0,0,1,0,0,0,0,1,0,0,0,0,0,0,0,0,0,0,0,0,0,0,0,0,0,0
1,70.1,70.1,70.1,0,0,0,0,1,0,0,1,0,0,0,0,0,0,0,0,0,0,0,0,0,0,0,0,0,1,0,0,0
1,19.4,19.4,19.4,0,0,0,0,1,0,0,0,1,1,0,1,0,1,0,1,0,1,0,1,0,0,0,1,0,0,1,0,0
13,76.2,981.45,75.49615384615385,0,0,1,0,1,0,1,0,0,0,1,0,1,0,0,0,1,0,1,0,0,0,0,1,0,1,0,1,0
13,79.25,1111.65,85.51153846153846,0,0,0,0,1,0,0,1,0,0,0,0,1,0,1,0,0,0,0,0,0,0,0,1,0,1,0,1,0
24,24.1,587.4,24.474999999999998,1,0,1,1,1,0,1,0,1,1,0,1,0,1,0,1,0,1,0,1,0,0,1,1,0,0,0,1,0
67,26.1,1759.55,26.26194029850746,0,0,0,0,1,0,1,0,1,1,0,1,0,1,0,1,0,1,0,1,0,0,1,1,0,0,1,0,1
59,76.75,4541.9,76.98135593220339,1,0,1,1,1,0,0,0,0,0,0,0,1,0,1,0,1,0,1,0,1,1,0,0,1,0,0,0,1
71,85.45,6029.9,84.9281690140845,1,0,1,1,1,0,0,0,0,0,1,0,1,0,1,0,1,0,1,0,1,0,1,0,0,0,0,0,1
64,108.95,7111.3,111.1140625,0,1,0,0,1,0,1,1,0,0,1,0,0,0,1,0,1,0,1,0,1,0,0,1,0,0,0,0,1
6,85.15,503.6,83.93333333333334,1,1,0,0,1,0,0,1,0,0,1,0,0,0,0,0,0,0,1,0,0,0,0,1,0,0,0,0,0
37,80.05,3019.1,81.59729729729729,0,0,0,0,1,0,0,1,0,0,0,0,1,0,1,0,0,0,0,0,0,1,0,0,0,1,0,0,1
29,84.9,2516.2,86.7655172413793,1,0,0,0,1,0,1,1,0,0,0,0,0,0,0,0,0,0,0,0,1,0,0,1,0,1,0,1,0
72,24.75,1769.6,24.577777777777776,1,0,1,1,1,0,1,0,1,1,0,1,0,1,0,1,0,1,0,1,0,0,1,0,0,0,0,0,1
24,96.0,2122.45,88.43541666666665,1,0,0,0,1,0,0,1,0,0,0,0,0,0,0,0,1,0,1,0,1,0,0,1,0,1,0,1,0
21,86.55,1857.25,88.44047619047619,1,1,1,0,1,0,0,1,0,0,0,0,0,0,1,0,0,0,1,0,0,0,0,0,0,0,0,1,0
5,44.05,202.15,40.43,0,0,0,0,1,0,0,0,0,0,0,0,0,0,0,0,0,0,0,0,0,0,0,1,1,0,0,0,0
63,97.45,6253.0,99.25396825396825,0,0,0,0,1,0,1,1,0,0,0,0,1,0,0,0,0,0,1,0,1,0,1,0,0,0,0,0,1
61,96.5,5673.7,93.01147540983607,1,0,1,0,1,0,1,1,0,0,0,0,0,0,0,0,0,0,1,0,1,1,0,1,0,0,0,0,1
53,18.7,1005.7,18.975471698113207,0,0,0,0,1,0,0,0,1,1,0,1,0,1,0,1,0,1,0,1,0,0,1,0,0,0,1,0,1
1,25.8,25.8,25.8,0,1,0,0,0,1,0,0,0,0,0,0,0,0,0,0,0,0,0,0,0,0,0,1,0,0,1,0,0
26,85.2,2184.6,84.02307692307691,1,0,0,0,1,0,0,1,0,0,0,0,1,0,1,0,1,0,0,0,0,1,0,1,0,1,0,1,0
8,20.15,165.5,20.6875,1,0,1,1,1,0,0,0,1,1,0,1,0,1,0,1,0,1,0,1,0,0,1,0,0,0,1,0,0
60,71.75,4374.55,72.90916666666666,1,1,0,0,1,0,1,0,0,0,1,0,1,0,0,0,0,0,0,0,1,1,0,1,0,1,0,0,1
20,95.5,1916.2,95.81,0,0,1,1,1,0,1,1,0,0,0,0,0,0,1,0,1,0,0,0,1,0,0,1,0,0,0,1,0
59,99.45,5623.7,95.31694915254236,0,0,0,0,1,0,1,1,0,0,1,0,1,0,1,0,0,0,0,0,1,0,0,1,0,0,0,0,1
4,20.2,55.7,13.925,1,0,0,0,1,0,0,0,1,1,0,1,0,1,0,1,0,1,0,1,0,0,0,1,0,1,0,0,0
2,19.75,39.3,19.65,1,0,0,0,1,0,0,0,1,1,0,1,0,1,0,1,0,1,0,1,0,0,0,0,0,0,1,0,0
36,51.05,1815.0,50.416666666666664,0,0,1,1,1,0,0,0,0,0,1,0,0,0,0,0,0,0,0,0,0,0,0,0,1,0,0,1,0
25,20.15,536.35,21.454,1,0,0,0,1,0,0,0,1,1,0,1,0,1,0,1,0,1,0,1,0,0,0,1,0,0,1,1,0
71,83.2,6126.1,86.2830985915493,1,0,1,0,1,0,1,0,0,0,1,0,0,0,1,0,1,0,1,0,1,0,1,0,0,1,0,0,1
61,99.4,5943.65,97.43688524590164,1,0,1,0,1,0,1,1,0,0,1,0,0,0,1,0,1,0,1,0,0,0,0,0,0,0,0,0,1
37,75.1,2658.8,71.85945945945946,0,0,1,1,1,0,0,0,0,0,1,0,1,0,0,0,0,0,1,0,1,1,0,0,0,0,0,0,1
54,82.45,4350.1,80.55740740740741,0,1,0,0,1,0,1,0,0,0,1,0,1,0,0,0,1,0,1,0,1,1,0,0,0,0,0,0,1
71,113.65,8166.8,115.02535211267606,0,0,1,1,1,0,1,1,0,0,1,0,1,0,1,0,1,0,1,0,1,0,1,0,1,0,0,0,1
1,79.15,79.15,79.15,1,0,0,0,1,0,1,1,0,0,0,0,1,0,0,0,0,0,0,0,0,0,0,1,0,1,0,0,0
72,86.65,6224.8,86.45555555555556,1,0,0,0,1,0,1,0,0,0,1,0,1,0,1,0,1,0,1,0,1,0,1,0,0,0,0,0,1
30,90.05,2627.2,87.57333333333332,0,1,1,0,1,0,1,1,0,0,0,0,1,0,0,0,0,0,1,0,0,0,0,1,0,1,0,1,0
30,49.9,1441.95,48.065000000000005,1,0,1,0,1,0,1,0,0,0,0,0,0,0,0,0,0,0,0,0,0,0,0,0,0,1,0,1,0
51,87.35,4473.0,87.70588235294117,1,0,0,0,1,0,1,1,0,0,0,0,1,0,1,0,1,0,0,0,0,0,0,1,0,1,0,0,1
22,84.75,1816.75,82.57954545454545,0,0,0,1,1,0,1,1,0,0,0,0,0,0,0,0,0,0,0,0,1,0,0,1,0,1,0,1,0
71,105.25,7291.75,102.70070422535211,1,0,1,0,1,0,0,1,0,0,0,0,1,0,1,0,1,0,1,0,1,0,1,1,0,1,0,0,1
43,60.4,2640.55,61.40813953488372,0,0,1,1,0,1,0,0,0,0,1,0,0,0,1,0,1,0,1,0,1,1,0,1,1,0,0,0,1
1,70.15,70.15,70.15,0,0,0,0,1,0,0,1,0,0,0,0,0,0,0,0,0,0,0,0,0,0,0,1,0,0,1,0,0
71,99.4,7168.25,100.96126760563381,0,1,1,0,1,0,0,1,0,0,1,0,1,0,1,0,1,0,1,0,0,0,1,1,0,1,0,0,1
41,79.85,3320.75,80.9939024390244,0,0,0,0,1,0,0,0,0,0,1,0,0,0,1,0,1,0,1,0,1,1,0,1,0,0,0,0,1
18,73.15,1305.95,72.55277777777778,1,0,1,0,1,0,1,1,0,0,0,0,0,0,0,0,0,0,0,0,0,0,0,1,0,1,0,1,0
66,25.3,1672.35,25.33863636363636,1,0,1,1,1,0,1,0,1,1,0,1,0,1,0,1,0,1,0,1,0,0,1,1,1,0,0,0,1
1,78.05,78.05,78.05,0,0,0,0,1,0,0,1,0,0,0,0,0,0,0,0,0,0,1,0,0,0,0,0,0,1,0,0,0
37,99.5,3762.0,101.67567567567568,0,0,1,0,1,0,1,1,0,0,0,0,0,0,1,0,0,0,1,0,1,0,0,1,0,1,0,0,1
6,56.25,389.1,64.85000000000001,0,0,0,0,1,0,0,0,0,0,1,0,1,0,0,0,0,0,0,0,0,0,0,0,0,1,0,0,0
1,20.55,20.55,20.55,0,0,1,1,1,0,0,0,1,1,0,1,0,1,0,1,0,1,0,1,0,0,0,0,0,0,1,0,0
33,95.0,3008.15,91.1560606060606,0,0,1,0,1,0,1,1,0,0,0,0,0,0,1,0,1,0,0,0,1,0,0,1,1,0,0,1,0
46,94.65,4312.5,93.75,1,0,1,0,1,0,1,1,0,0,0,0,1,0,1,0,0,0,1,0,0,1,0,1,0,1,0,0,1
61,111.6,6876.05,112.72213114754099,1,0,0,0,1,0,1,1,0,0,1,0,0,0,1,0,1,0,1,0,1,0,1,1,1,0,0,0,1
55,19.15,998.1,18.14727272727273,0,0,1,1,1,0,0,0,1,1,0,1,0,1,0,1,0,1,0,1,0,1,0,0,1,0,0,0,1
37,78.95,2839.65,76.7472972972973,0,0,1,0,1,0,1,1,0,0,0,0,0,0,1,0,0,0,0,0,0,0,0,1,1,0,0,0,1
32,35.15,1051.05,32.8453125,0,0,1,1,0,1,0,0,0,0,1,0,1,0,0,0,0,0,0,0,0,0,0,1,0,1,0,1,0
8,19.7,130.25,16.28125,1,0,1,1,1,0,0,0,1,1,0,1,0,1,0,1,0,1,0,1,0,0,1,0,0,0,1,0,0
70,101.1,6994.8,99.92571428571429,1,0,1,1,1,0,0,1,0,0,1,0,1,0,1,0,1,0,1,0,0,0,1,1,1,0,0,0,1
30,50.4,1527.5,50.916666666666664,1,1,1,0,1,0,0,0,0,0,0,0,1,0,0,0,0,0,0,0,0,0,0,1,0,0,0,1,0
60,79.2,4765.0,79.41666666666667,0,0,0,0,1,0,1,1,0,0,0,0,0,0,1,0,0,0,0,0,0,1,0,1,0,0,0,0,1
1,20.4,20.4,20.4,0,0,0,0,1,0,0,0,1,1,0,1,0,1,0,1,0,1,0,1,0,0,0,0,0,0,1,0,0
33,109.9,3694.7,111.96060606060605,1,1,1,0,1,0,1,1,0,0,1,0,0,0,1,0,1,0,1,0,1,0,0,1,0,0,0,1,0
61,106.35,6751.35,110.67786885245903,0,0,1,0,1,0,1,1,0,0,0,0,0,0,1,0,1,0,1,0,1,0,0,1,0,1,0,0,1
6,98.15,567.45,94.575,0,0,0,0,1,0,0,1,0,0,1,0,1,0,1,0,1,0,0,0,1,0,0,1,0,0,0,0,0
72,25.2,1787.35,24.824305555555554,0,0,1,1,1,0,1,0,1,1,0,1,0,1,0,1,0,1,0,1,0,0,1,0,0,0,0,0,1
4,18.85,84.2,21.05,1,0,1,1,1,0,0,0,1,1,0,1,0,1,0,1,0,1,0,1,0,0,0,0,0,0,1,0,0
58,107.75,6332.75,109.1853448275862,0,0,0,0,1,0,1,1,0,0,1,0,1,0,1,0,0,0,1,0,1,1,0,1,0,1,0,0,1
1,20.6,20.6,20.6,1,0,0,0,1,0,0,0,1,1,0,1,0,1,0,1,0,1,0,1,0,0,0,0,0,0,1,0,0
8,100.85,819.55,102.44375,1,0,0,0,1,0,1,1,0,0,0,0,1,0,0,0,0,0,1,0,1,0,0,0,0,1,0,0,0
4,19.75,78.3,19.575,1,0,0,0,1,0,0,0,1,1,0,1,0,1,0,1,0,1,0,1,0,0,0,0,0,0,1,0,0
72,110.8,7882.25,109.47569444444444,0,1,1,0,1,0,1,1,0,0,0,0,1,0,1,0,1,0,1,0,1,0,1,1,1,0,0,0,1
24,52.5,1208.15,50.33958333333334,0,0,1,1,0,1,0,0,0,0,1,0,1,0,1,0,1,0,0,0,1,0,1,1,0,0,1,1,0
7,69.0,506.9,72.41428571428571,0,0,1,1,1,0,0,1,0,0,0,0,0,0,0,0,0,0,0,0,0,0,0,1,0,1,0,0,0
10,75.3,720.45,72.045,1,1,1,0,1,0,0,1,0,0,1,0,0,0,0,0,0,0,0,0,0,0,0,0,0,1,0,0,0
2,75.45,158.4,79.2,0,1,0,0,1,0,1,1,0,0,0,0,0,0,0,0,0,0,0,0,0,0,0,1,0,0,1,0,0
17,92.7,1556.85,91.57941176470588,0,0,0,1,1,0,1,1,0,0,0,0,1,0,1,0,1,0,0,0,0,0,0,1,1,0,0,1,0
59,69.1,4096.9,69.43898305084745,1,0,1,0,1,0,1,0,0,0,1,0,0,0,0,0,1,0,0,0,1,1,0,1,0,0,1,0,1
72,113.65,8182.75,113.64930555555556,0,0,1,0,1,0,1,1,0,0,1,0,1,0,1,0,1,0,1,0,1,0,1,1,0,0,0,0,1
68,96.55,6581.9,96.79264705882352,0,1,1,0,1,0,1,1,0,0,1,0,1,0,0,0,0,0,0,0,1,1,0,1,1,0,0,0,1
28,19.9,543.0,19.392857142857142,0,0,1,1,1,0,0,0,1,1,0,1,0,1,0,1,0,1,0,1,0,1,0,0,0,0,1,1,0
37,58.75,2203.1,59.54324324324324,1,0,1,1,1,0,0,0,0,0,1,0,0,0,1,0,1,0,0,0,0,1,0,1,0,0,1,0,1
55,19.5,1026.35,18.66090909090909,1,0,1,1,1,0,0,0,1,1,0,1,0,1,0,1,0,1,0,1,0,1,0,0,0,0,1,0,1
45,108.45,4964.7,110.32666666666667,1,0,0,0,1,0,1,1,0,0,1,0,0,0,1,0,1,0,1,0,1,0,0,1,1,0,0,0,1
67,83.85,5588.8,83.41492537313434,1,1,1,0,1,0,1,1,0,0,1,0,1,0,0,0,0,0,0,0,0,0,0,0,0,0,0,0,1
65,105.1,6631.85,102.02846153846154,1,0,0,0,1,0,1,1,0,0,0,0,1,0,1,0,0,0,1,0,1,0,1,0,1,0,0,0,1
70,75.35,5437.75,77.68214285714286,0,0,1,1,1,0,0,0,0,0,1,0,0,0,0,0,1,0,1,0,1,0,1,0,1,0,0,0,1
69,25.6,1673.4,24.252173913043478,0,0,1,1,1,0,1,0,1,1,0,1,0,1,0,1,0,1,0,1,0,0,1,1,0,0,0,0,1
65,25.3,1748.55,26.90076923076923,0,0,1,1,1,0,1,0,1,1,0,1,0,1,0,1,0,1,0,1,0,0,1,1,0,0,0,0,1
71,84.8,6152.4,86.65352112676055,1,0,1,1,1,0,1,1,0,0,0,0,1,0,0,0,1,0,0,0,0,0,1,1,0,1,0,0,1
70,60.35,4138.7,59.12428571428571,1,0,1,1,0,1,0,0,0,0,0,0,1,0,1,0,1,0,1,0,1,1,0,0,0,1,0,0,1
56,59.8,3457.45,61.740178571428565,1,0,1,1,1,0,0,0,0,0,1,0,1,0,1,0,0,0,0,0,0,0,1,1,0,0,0,0,1
44,95.1,4060.55,92.28522727272728,0,0,1,0,1,0,1,1,0,0,1,0,1,0,1,0,1,0,0,0,0,0,0,1,1,0,0,0,1
12,49.05,593.05,49.42083333333333,1,0,0,0,1,0,0,0,0,0,0,0,1,0,0,0,0,0,0,0,0,0,0,1,0,0,0,0,0
1,45.7,45.7,45.7,0,0,1,1,1,0,0,0,0,0,0,0,0,0,0,0,0,0,0,0,0,0,0,1,0,1,0,0,0
33,86.15,2745.7,83.2030303030303,0,0,1,1,1,0,1,1,0,0,0,0,0,0,0,0,0,0,0,0,1,0,0,0,1,0,0,1,0
16,95.6,1555.65,97.228125,0,0,0,0,1,0,1,1,0,0,0,0,1,0,1,0,0,0,0,0,1,0,0,1,1,0,0,1,0
43,84.85,3645.6,84.78139534883721,1,1,0,0,1,0,1,1,0,0,0,0,0,0,0,0,0,0,1,0,0,0,0,1,0,1,0,0,1
33,72.75,2447.45,74.1651515151515,1,0,1,0,1,0,1,0,0,0,1,0,1,0,1,0,0,0,1,0,0,0,0,1,0,0,0,1,0
31,89.9,2806.9,90.54516129032258,0,0,0,0,1,0,1,1,0,0,0,0,0,0,1,0,0,0,0,0,1,0,0,1,0,1,0,1,0
3,91.05,289.1,96.36666666666667,1,1,0,0,1,0,1,1,0,0,0,0,0,0,1,0,0,0,1,0,0,0,0,0,0,1,0,0,0
49,84.35,4059.35,82.84387755102041,1,0,1,0,1,0,1,0,0,0,1,0,0,0,1,0,1,0,1,0,1,1,0,0,0,1,0,0,1
2,44.7,93.7,46.85,1,1,0,0,1,0,0,0,0,0,0,0,0,0,0,0,0,0,0,0,0,0,0,1,0,1,0,0,0
8,94.0,773.65,96.70625,1,0,0,0,1,0,1,1,0,0,0,0,1,0,1,0,0,0,1,0,0,0,0,1,0,1,0,0,0
26,89.8,2335.3,89.81923076923077,1,0,0,0,1,0,0,1,0,0,0,0,1,0,1,0,0,0,1,0,0,0,0,0,0,1,0,1,0
1,19.55,19.55,19.55,1,0,0,0,1,0,0,0,1,1,0,1,0,1,0,1,0,1,0,1,0,0,0,0,0,0,1,0,0
71,58.65,4145.25,58.38380281690141,0,0,1,1,0,1,0,0,0,0,1,0,1,0,0,0,1,0,1,0,1,0,1,0,0,0,1,0,1
72,60.0,4264.0,59.22222222222222,0,0,1,1,0,1,0,0,0,0,0,0,1,0,1,0,1,0,1,0,1,0,1,1,0,1,0,0,1
67,75.1,5064.45,75.58880597014925,0,0,1,0,1,0,1,0,0,0,1,0,1,0,1,0,0,0,0,0,1,1,0,0,0,0,1,0,1
18,54.4,957.1,53.172222222222224,0,0,1,1,1,0,0,0,0,0,0,0,0,0,1,0,1,0,0,0,0,1,0,1,1,0,0,1,0
62,96.1,6001.45,96.79758064516129,1,0,1,0,1,0,1,1,0,0,1,0,1,0,0,0,0,0,0,0,1,1,0,0,0,1,0,0,1
31,96.6,2877.95,92.83709677419354,1,1,0,0,1,0,1,1,0,0,0,0,0,0,1,0,1,0,1,0,0,0,0,1,0,0,0,1,0
8,20.25,158.35,19.79375,1,0,1,0,1,0,0,0,1,1,0,1,0,1,0,1,0,1,0,1,0,0,0,0,0,0,1,0,0
70,44.6,3058.15,43.68785714285715,0,0,0,0,0,1,0,0,0,0,1,0,1,0,1,0,1,0,0,0,0,0,1,1,0,0,0,0,1
69,60.8,4263.4,61.78840579710145,1,0,1,0,0,1,0,0,0,0,0,0,1,0,1,0,1,0,1,0,1,1,0,1,1,0,0,0,1
1,90.6,90.6,90.6,0,0,0,0,1,0,0,1,0,0,0,0,0,0,0,0,0,0,1,0,1,0,0,0,0,1,0,0,0
23,78.55,1843.05,80.13260869565217,0,0,0,0,1,0,1,0,0,0,1,0,0,0,1,0,0,0,1,0,1,1,0,1,0,1,0,1,0
72,86.65,6094.25,84.64236111111111,1,0,1,0,1,0,1,0,0,0,1,0,0,0,1,0,1,0,1,0,1,0,1,0,1,0,0,0,1
50,69.75,3557.7,71.154,0,0,1,1,1,0,0,1,0,0,0,0,0,0,0,0,0,0,0,0,0,0,0,1,0,0,0,0,1
44,90.4,4063.0,92.3409090909091,1,0,0,0,1,0,1,1,0,0,0,0,0,0,1,0,0,0,0,0,1,0,0,1,0,0,1,0,1
72,20.05,1423.65,19.772916666666667,0,0,1,0,1,0,0,0,1,1,0,1,0,1,0,1,0,1,0,1,0,0,1,0,0,0,0,0,1
8,29.25,226.95,28.36875,0,0,0,0,0,1,0,0,0,0,0,0,1,0,0,0,0,0,0,0,0,0,0,1,0,0,1,0,0
39,35.55,1309.15,33.56794871794872,1,0,0,0,0,1,0,0,0,0,0,0,0,0,1,0,1,0,0,0,0,1,0,0,0,0,1,0,1
18,50.0,892.7,49.59444444444445,0,0,0,0,1,0,0,0,0,0,0,0,0,0,1,0,0,0,0,0,0,0,0,1,0,0,1,1,0
32,93.95,2861.45,89.4203125,1,1,1,1,1,0,0,1,0,0,0,0,1,0,0,0,0,0,1,0,1,0,0,1,0,0,1,1,0
71,98.65,6962.85,98.06830985915494,1,0,1,0,1,0,1,1,0,0,0,0,0,0,1,0,0,0,1,0,1,1,0,1,1,0,0,0,1
2,70.7,141.45,70.725,0,0,1,0,1,0,0,1,0,0,0,0,0,0,0,0,0,0,0,0,0,0,0,1,0,1,0,0,0
63,19.7,1275.85,20.2515873015873,1,0,1,1,1,0,0,0,1,1,0,1,0,1,0,1,0,1,0,1,0,0,1,0,0,0,1,0,1
43,60.0,2548.55,59.268604651162796,1,0,0,0,1,0,0,0,0,0,0,0,1,0,0,0,0,0,0,0,1,0,1,1,0,1,0,0,1
42,85.9,3729.75,88.80357142857143,0,0,1,0,1,0,1,1,0,0,0,0,0,0,1,0,1,0,0,0,0,0,0,1,1,0,0,0,1
24,25.15,553.0,23.041666666666668,0,0,0,0,1,0,1,0,1,1,0,1,0,1,0,1,0,1,0,1,0,0,1,0,1,0,0,1,0
63,59.0,3707.6,58.85079365079365,1,0,1,1,0,1,0,0,0,0,1,0,1,0,1,0,0,0,1,0,1,0,1,0,0,1,0,0,1
7,20.25,144.35,20.62142857142857,1,0,1,1,1,0,0,0,1,1,0,1,0,1,0,1,0,1,0,1,0,0,0,0,0,0,1,0,0
20,19.4,374.5,18.725,1,0,0,1,1,0,0,0,1,1,0,1,0,1,0,1,0,1,0,1,0,0,0,1,0,1,0,1,0
44,20.5,865.05,19.660227272727273,1,0,1,1,1,0,0,0,1,1,0,1,0,1,0,1,0,1,0,1,0,1,0,1,0,0,0,0,1
28,60.9,1785.65,63.77321428571429,1,0,1,0,1,0,0,0,0,0,1,0,1,0,0,0,1,0,0,0,0,0,0,0,0,0,1,1,0
8,60.9,551.95,68.99375,1,1,1,0,1,0,0,0,0,0,1,0,0,0,0,0,0,0,1,0,0,0,0,0,0,0,0,0,0
70,110.2,7689.8,109.85428571428572,0,0,1,1,1,0,1,1,0,0,0,0,1,0,1,0,1,0,1,0,1,0,1,1,0,1,0,0,1
72,74.4,5360.75,74.45486111111111,1,1,1,0,1,0,0,0,0,0,1,0,1,0,1,0,1,0,1,0,0,0,1,0,0,0,0,0,1
1,61.15,61.15,61.15,1,0,0,0,1,0,1,0,0,0,1,0,1,0,0,0,0,0,0,0,0,0,0,0,0,1,0,0,0
67,25.6,1784.9,26.64029850746269,1,0,1,0,1,0,1,0,1,1,0,1,0,1,0,1,0,1,0,1,0,0,1,0,1,0,0,0,1
35,89.7,3165.6,90.44571428571429,1,0,1,1,1,0,0,1,0,0,0,0,1,0,0,0,1,0,1,0,0,1,0,1,0,1,0,1,0
45,75.15,3480.35,77.3411111111111,1,1,1,0,1,0,1,0,0,0,1,0,0,0,1,0,1,0,0,0,1,0,1,0,1,0,0,0,1
11,19.7,216.2,19.654545454545453,0,0,0,1,1,0,0,0,1,1,0,1,0,1,0,1,0,1,0,1,0,0,0,0,1,0,0,0,0
4,61.3,249.4,62.35,1,0,0,0,1,0,0,0,0,0,0,0,0,0,0,0,1,0,1,0,0,0,0,1,0,1,0,0,0
16,20.1,296.15,18.509375,0,0,0,0,1,0,0,0,1,1,0,1,0,1,0,1,0,1,0,1,0,1,0,0,0,0,1,1,0
18,19.55,389.25,21.625,0,0,0,0,1,0,0,0,1,1,0,1,0,1,0,1,0,1,0,1,0,0,0,1,0,0,1,1,0
4,94.3,424.45,106.1125,0,1,0,0,1,0,1,1,0,0,0,0,0,0,0,0,0,0,1,0,1,0,0,1,0,1,0,0,0
20,20.35,393.15,19.6575,0,0,1,0,1,0,0,0,1,1,0,1,0,1,0,1,0,1,0,1,0,1,0,0,0,0,1,1,0
67,88.8,5903.15,88.10671641791045,1,0,0,0,1,0,1,0,0,0,1,0,1,0,1,0,1,0,1,0,1,1,0,1,0,0,0,0,1
40,98.15,4116.8,102.92,1,1,1,0,1,0,0,1,0,0,1,0,1,0,1,0,1,0,1,0,0,1,0,1,1,0,0,0,1
6,20.95,109.5,18.25,0,0,0,0,1,0,0,0,1,1,0,1,0,1,0,1,0,1,0,1,0,0,0,1,0,0,1,0,0
59,93.35,5386.5,91.29661016949153,0,0,1,0,1,0,1,1,0,0,0,0,0,0,1,0,1,0,1,0,0,0,0,0,0,1,0,0,1
50,39.7,1932.75,38.655,0,0,0,0,0,1,0,0,0,0,0,0,1,0,1,0,1,0,0,0,0,0,1,0,1,0,0,0,1
1,84.8,84.8,84.8,1,0,1,0,1,0,0,1,0,0,0,0,0,0,0,0,1,0,1,0,0,0,0,1,0,1,0,0,0
13,43.8,592.65,45.58846153846154,0,0,1,0,1,0,0,0,0,0,0,0,0,0,0,0,0,0,0,0,0,1,0,0,0,1,0,1,0
21,24.7,467.15,22.245238095238093,1,0,0,1,1,0,1,0,1,1,0,1,0,1,0,1,0,1,0,1,0,0,0,0,0,0,1,1,0
41,106.3,4443.45,108.37682926829268,0,0,0,0,1,0,1,1,0,0,0,0,1,0,1,0,0,0,1,0,1,0,0,1,0,1,0,0,1
34,105.35,3688.6,108.48823529411764,0,0,0,1,1,0,0,1,0,0,1,0,1,0,1,0,0,0,1,0,1,0,0,1,0,0,0,1,0
29,98.8,2807.1,96.79655172413793,1,0,0,0,1,0,0,1,0,0,0,0,0,0,1,0,1,0,1,0,1,0,0,1,1,0,0,1,0
40,65.1,2586.0,64.65,0,0,0,0,1,0,0,0,0,0,1,0,1,0,0,0,0,0,1,0,0,0,0,0,0,0,1,0,1
1,69.95,69.95,69.95,1,0,0,0,1,0,0,1,0,0,0,0,0,0,0,0,0,0,0,0,0,0,0,0,0,1,0,0,0
49,98.35,4889.2,99.7795918367347,0,0,1,1,1,0,1,1,0,0,0,0,1,0,0,0,0,0,1,0,1,0,0,1,0,1,0,0,1
35,59.6,2094.9,59.854285714285716,1,0,0,0,1,0,1,0,0,0,1,0,0,0,1,0,0,0,0,0,0,0,0,1,0,1,0,1,0
8,54.75,438.05,54.75625,1,0,0,0,1,0,0,0,0,0,0,0,0,0,0,0,0,0,0,0,1,0,0,1,1,0,0,0,0
18,68.35,1299.8,72.21111111111111,1,0,0,0,1,0,0,0,0,0,1,0,0,0,1,0,1,0,1,0,0,0,0,1,0,1,0,1,0
50,105.05,5163.3,103.266,1,1,1,0,1,0,1,1,0,0,1,0,0,0,1,0,0,0,1,0,1,0,1,1,1,0,0,0,1
32,85.95,2628.6,82.14375,0,1,1,0,1,0,1,1,0,0,0,0,0,0,0,0,0,0,1,0,0,0,0,1,1,0,0,1,0
23,49.7,1081.25,47.01086956521739,0,0,0,0,1,0,0,0,0,0,0,0,0,0,1,0,0,0,0,0,0,0,0,0,1,0,0,1,0
3,78.5,242.05,80.68333333333334,1,0,0,0,1,0,0,1,0,0,0,0,0,0,0,0,0,0,1,0,0,0,0,1,0,1,0,0,0
38,78.95,2862.55,75.33026315789475,1,0,1,1,1,0,1,0,0,0,0,0,1,0,1,0,0,0,1,0,1,1,0,0,1,0,0,0,1
51,96.4,4911.05,96.29509803921569,1,0,1,0,1,0,1,1,0,0,1,0,1,0,0,0,0,0,0,0,1,1,0,1,1,0,0,0,1
5,56.15,291.45,58.29,1,0,0,0,1,0,0,0,0,0,0,0,0,0,1,0,1,0,0,0,0,0,0,0,0,1,0,0,0
63,96.0,6109.75,96.98015873015873,0,0,1,0,1,0,0,1,0,0,0,0,1,0,0,0,0,0,1,0,1,1,0,1,0,1,0,0,1
1,71.65,71.65,71.65,1,1,0,0,1,0,0,1,0,0,0,0,0,0,0,0,0,0,0,0,0,0,0,1,0,1,0,0,0
4,38.55,156.1,39.025,1,0,1,1,0,1,0,0,0,0,1,0,0,0,0,0,0,0,1,0,0,0,0,0,1,0,0,0,0
42,60.15,2421.6,57.65714285714286,0,0,0,0,1,0,1,0,0,0,1,0,1,0,0,0,0,0,0,0,0,1,0,1,0,0,0,0,1
71,100.5,7030.65,99.02323943661972,0,0,1,1,1,0,1,1,0,0,1,0,1,0,1,0,0,0,1,0,0,0,1,0,0,0,0,0,1
1,45.7,45.7,45.7,1,0,0,0,1,0,0,0,0,0,0,0,0,0,0,0,0,0,0,0,0,0,0,1,0,0,1,0,0
29,90.1,2656.7,91.6103448275862,1,1,1,0,1,0,0,1,0,0,1,0,0,0,1,0,0,0,0,0,1,1,0,0,0,0,0,1,0
31,94.5,2979.2,96.1032258064516,1,0,0,0,1,0,0,1,0,0,0,0,1,0,0,0,0,0,1,0,1,0,0,1,0,1,0,1,0
9,64.95,547.8,60.86666666666666,1,0,0,0,1,0,0,0,0,0,1,0,0,0,0,0,1,0,0,0,1,0,0,0,0,0,1,0,0
16,59.4,1023.9,63.99375,0,1,0,0,1,0,0,0,0,0,0,0,0,0,0,0,1,0,1,0,0,0,0,0,0,1,0,1,0
1,20.4,20.4,20.4,1,0,0,0,1,0,0,0,1,1,0,1,0,1,0,1,0,1,0,1,0,0,0,0,0,0,1,0,0
30,94.1,2804.45,93.48166666666665,0,0,1,0,1,0,1,1,0,0,0,0,1,0,0,0,1,0,1,0,0,0,0,1,1,0,0,1,0
49,19.0,918.7,18.748979591836736,0,0,1,0,1,0,0,0,1,1,0,1,0,1,0,1,0,1,0,1,0,1,0,0,1,0,0,0,1
23,69.5,1652.1,71.83043478260869,0,0,1,1,1,0,1,0,0,0,0,0,1,0,0,0,1,0,1,0,0,0,0,1,1,0,0,1,0
1,74.9,74.9,74.9,0,0,0,0,1,0,0,1,0,0,0,0,0,0,1,0,0,0,0,0,0,0,0,1,0,1,0,0,0
10,49.55,475.7,47.57,1,0,1,1,1,0,0,0,0,0,0,0,1,0,0,0,0,0,0,0,0,1,0,0,0,0,1,0,0
50,24.95,1261.45,25.229,1,0,1,1,1,0,1,0,1,1,0,1,0,1,0,1,0,1,0,1,0,0,1,0,0,0,1,0,1
60,94.1,5475.9,91.265,0,0,1,0,1,0,1,1,0,0,1,0,1,0,0,0,0,0,0,0,1,0,0,1,1,0,0,0,1
1,20.3,20.3,20.3,0,0,0,0,1,0,0,0,1,1,0,1,0,1,0,1,0,1,0,1,0,0,0,1,0,0,1,0,0
2,62.05,118.3,59.15,1,0,0,0,1,0,1,0,0,0,0,0,0,0,0,0,0,0,0,0,1,0,0,0,0,0,0,0,0
32,74.9,2303.35,71.9796875,1,1,1,0,1,0,1,1,0,0,0,0,0,0,0,0,0,0,0,0,0,0,0,1,0,1,0,1,0
33,20.05,669.45,20.28636363636364,0,0,1,0,1,0,0,0,1,1,0,1,0,1,0,1,0,1,0,1,0,0,0,0,0,0,1,1,0
24,96.55,2263.45,94.31041666666665,0,1,1,1,1,0,0,1,0,0,0,0,0,0,1,0,0,0,1,0,1,0,1,1,0,1,0,1,0
41,111.95,4534.9,110.60731707317072,1,1,1,1,1,0,1,1,0,0,0,0,1,0,1,0,1,0,1,0,1,1,0,1,0,1,0,0,1
40,39.3,1637.4,40.935,0,1,1,0,0,1,0,0,0,0,0,0,1,0,0,0,0,0,1,0,0,0,0,1,0,1,0,0,1
38,25.05,963.95,25.367105263157896,1,0,1,1,1,0,1,0,1,1,0,1,0,1,0,1,0,1,0,1,0,0,1,0,1,0,0,0,1
64,111.6,7099.0,110.921875,1,1,1,1,1,0,1,1,0,0,1,0,0,0,1,0,1,0,1,0,1,0,1,1,0,0,0,0,1
68,60.65,3975.9,58.46911764705882,0,1,1,0,1,0,0,0,0,0,0,0,1,0,1,0,1,0,0,0,0,1,0,1,0,0,0,0,1
71,49.35,3515.25,49.51056338028169,1,0,1,0,0,1,0,0,0,0,0,0,1,0,0,0,0,0,1,0,1,0,1,0,0,1,0,0,1
34,103.8,3470.8,102.08235294117648,1,0,0,1,1,0,1,1,0,0,1,0,1,0,0,0,0,0,1,0,1,1,0,1,0,1,0,1,0
19,90.6,1660.0,87.36842105263158,1,1,0,0,1,0,1,1,0,0,1,0,0,0,0,0,0,0,1,0,0,0,0,1,0,1,0,1,0
1,20.2,20.2,20.2,1,0,0,0,1,0,0,0,1,1,0,1,0,1,0,1,0,1,0,1,0,0,0,0,0,0,1,0,0
17,102.55,1742.5,102.5,1,0,1,0,1,0,1,1,0,0,0,0,1,0,1,0,0,0,1,0,1,0,0,1,0,1,0,1,0
54,104.1,5645.8,104.55185185185185,0,0,1,1,1,0,1,1,0,0,1,0,1,0,0,0,0,0,1,0,1,0,0,1,0,0,0,0,1
40,62.05,2511.55,62.78875000000001,1,0,0,0,0,1,0,0,0,0,1,0,1,0,1,0,0,0,1,0,1,1,0,0,1,0,0,0,1
43,115.05,4895.1,113.83953488372094,0,0,0,0,1,0,1,1,0,0,1,0,1,0,1,0,1,0,1,0,1,0,1,0,1,0,0,0,1
13,75.0,999.45,76.88076923076923,0,0,0,0,1,0,1,1,0,0,0,0,0,0,0,0,0,0,0,0,0,0,0,1,0,0,1,1,0
66,25.45,1699.15,25.74469696969697,1,0,0,0,1,0,1,0,1,1,0,1,0,1,0,1,0,1,0,1,0,1,0,0,0,0,0,0,1
1,46.2,46.2,46.2,1,0,0,0,1,0,0,0,0,0,0,0,0,0,0,0,0,0,0,0,0,0,0,0,1,0,0,0,0
2,45.4,80.95,40.475,0,0,0,0,1,0,0,0,0,0,0,0,0,0,0,0,0,0,0,0,0,0,0,1,0,1,0,0,0
29,24.85,788.05,27.17413793103448,1,0,0,0,0,1,0,0,0,0,0,0,0,0,0,0,0,0,0,0,0,1,0,1,0,0,1,1,0
25,100.25,2387.75,95.51,0,0,0,0,1,0,1,1,0,0,0,0,1,0,0,0,0,0,1,0,1,0,0,1,0,1,0,1,0
21,41.9,840.1,40.00476190476191,0,1,0,0,0,1,0,0,0,0,1,0,0,0,0,0,0,0,1,0,0,0,0,1,0,1,0,1,0
38,83.45,3147.15,82.81973684210527,0,1,1,0,1,0,0,1,0,0,1,0,0,0,0,0,0,0,0,0,1,0,0,1,0,1,0,0,1
6,19.0,105.5,17.583333333333332,0,0,1,1,1,0,0,0,1,1,0,1,0,1,0,1,0,1,0,1,0,1,0,0,1,0,0,0,0
55,104.15,5743.05,104.41909090909091,1,0,1,0,1,0,1,1,0,0,0,0,0,0,1,0,1,0,1,0,1,1,0,1,0,1,0,0,1
59,99.5,5861.75,99.35169491525424,1,0,1,1,1,0,1,1,0,0,0,0,0,0,1,0,0,0,1,0,1,0,1,1,1,0,0,0,1
49,19.45,921.3,18.802040816326528,0,0,0,1,1,0,0,0,1,1,0,1,0,1,0,1,0,1,0,1,0,1,0,0,1,0,0,0,1
10,19.6,189.45,18.945,1,0,1,0,1,0,0,0,1,1,0,1,0,1,0,1,0,1,0,1,0,1,0,0,0,0,0,0,0
23,81.0,1917.1,83.35217391304347,1,0,0,0,1,0,1,1,0,0,0,0,0,0,1,0,0,0,0,0,0,0,0,1,0,1,0,1,0
1,20.25,20.25,20.25,0,0,0,0,1,0,0,0,1,1,0,1,0,1,0,1,0,1,0,1,0,0,0,1,0,0,1,0,0
31,98.05,3082.1,99.42258064516129,1,0,1,1,1,0,1,1,0,0,1,0,0,0,1,0,0,0,1,0,0,1,0,0,0,0,0,1,0
56,72.6,4084.35,72.93482142857142,0,1,1,1,1,0,0,0,0,0,1,0,0,0,0,0,1,0,1,0,1,0,1,1,1,0,0,0,1
71,80.7,5705.05,80.35281690140846,0,0,1,0,1,0,0,0,0,0,0,0,1,0,1,0,1,0,1,0,1,0,1,1,1,0,0,0,1
46,79.2,3593.8,78.12608695652175,0,0,0,0,1,0,1,0,0,0,1,0,0,0,1,0,0,0,1,0,1,0,1,0,0,0,1,0,1
15,74.4,1074.3,71.61999999999999,1,1,0,0,1,0,0,1,0,0,0,0,1,0,0,0,0,0,0,0,0,0,0,1,0,1,0,1,0
2,19.85,52.0,26.0,0,0,1,0,1,0,0,0,1,1,0,1,0,1,0,1,0,1,0,1,0,0,0,0,0,0,0,0,0
71,23.85,1672.1,23.55070422535211,0,0,1,0,1,0,1,0,1,1,0,1,0,1,0,1,0,1,0,1,0,0,1,0,0,0,1,0,1
40,19.6,808.95,20.223750000000003,1,0,1,1,1,0,0,0,1,1,0,1,0,1,0,1,0,1,0,1,0,0,1,0,0,0,1,0,1
8,20.15,156.25,19.53125,0,0,1,0,1,0,0,0,1,1,0,1,0,1,0,1,0,1,0,1,0,0,0,0,0,0,0,0,0
12,45.05,523.1,43.59166666666667,0,0,0,0,1,0,0,0,0,0,0,0,0,0,0,0,0,0,0,0,0,0,0,1,0,1,0,0,0
3,94.85,335.75,111.91666666666667,1,1,0,0,1,0,1,1,0,0,0,0,0,0,0,0,0,0,1,0,1,0,0,1,0,1,0,0,0
18,95.45,1752.55,97.36388888888888,1,1,0,0,1,0,1,1,0,0,0,0,0,0,0,0,0,0,1,0,1,0,0,1,0,1,0,1,0
72,108.2,7840.6,108.89722222222223,1,0,1,0,1,0,1,1,0,0,0,0,1,0,1,0,1,0,1,0,1,0,1,1,0,1,0,0,1
70,94.8,6859.05,97.98642857142858,0,0,1,0,1,0,1,0,0,0,1,0,1,0,1,0,1,0,1,0,1,0,1,1,1,0,0,0,1
47,74.45,3510.3,74.6872340425532,0,0,0,0,1,0,0,0,0,0,0,0,0,0,1,0,1,0,1,0,1,0,1,0,0,0,1,0,1
29,58.55,1718.95,59.27413793103448,0,1,0,0,1,0,1,0,0,0,1,0,1,0,0,0,0,0,0,0,0,0,0,1,0,0,0,1,0
72,20.55,1432.55,19.896527777777777,1,0,1,1,1,0,0,0,1,1,0,1,0,1,0,1,0,1,0,1,0,0,1,0,0,1,0,0,1
39,41.1,1597.05,40.949999999999996,0,0,0,0,0,1,0,0,0,0,0,0,1,0,1,0,1,0,0,0,0,0,0,0,0,0,0,0,1
7,20.45,150.75,21.535714285714285,0,0,1,1,1,0,0,0,1,1,0,1,0,1,0,1,0,1,0,1,0,0,0,0,0,0,1,0,0
71,95.65,6856.95,96.57676056338028,0,0,1,0,1,0,1,1,0,0,1,0,1,0,0,0,0,0,1,0,0,1,0,0,0,0,1,0,1
51,87.55,4475.9,87.7627450980392,0,0,0,0,1,0,0,1,0,0,0,0,0,0,0,0,0,0,1,0,1,1,0,0,1,0,0,0,1
52,100.3,5244.45,100.85480769230769,0,0,1,1,1,0,0,1,0,0,1,0,0,0,1,0,0,0,1,0,1,1,0,0,0,1,0,0,1
46,95.25,4424.2,96.17826086956521,0,1,0,0,1,0,0,1,0,0,0,0,1,0,0,0,0,0,1,0,1,1,0,0,1,0,0,0,1
38,94.65,3624.3,95.3763157894737,1,0,1,1,1,0,1,1,0,0,0,0,1,0,1,0,0,0,1,0,0,0,0,1,0,1,0,0,1
10,34.55,362.6,36.260000000000005,1,1,1,1,0,1,0,0,0,0,0,0,0,0,0,0,0,0,0,0,1,0,0,1,0,0,0,0,0
72,114.65,8333.95,115.74930555555557,0,1,1,0,1,0,1,1,0,0,1,0,1,0,1,0,1,0,1,0,1,0,1,1,0,0,0,0,1
19,78.7,1495.1,78.68947368421053,1,0,0,0,1,0,0,1,0,0,0,0,0,0,0,0,0,0,1,0,0,0,0,1,0,0,0,1,0
3,83.9,267.4,89.13333333333333,0,1,1,0,1,0,0,1,0,0,0,0,0,0,0,0,1,0,1,0,0,0,0,1,0,0,1,0,0
69,82.45,5555.3,80.51159420289855,0,0,0,0,1,0,0,0,0,0,1,0,0,0,1,0,1,0,1,0,1,0,1,1,1,0,0,0,1
54,20.1,1079.45,19.989814814814817,0,0,0,0,1,0,0,0,1,1,0,1,0,1,0,1,0,1,0,1,0,0,1,0,0,0,1,0,1
12,43.65,526.95,43.9125,1,1,0,0,0,1,0,0,0,0,0,0,0,0,1,0,1,0,0,0,1,0,0,1,0,1,0,0,0
8,21.05,139.75,17.46875,0,0,1,1,1,0,0,0,1,1,0,1,0,1,0,1,0,1,0,1,0,0,0,0,1,0,0,0,0
23,90.0,2024.1,88.00434782608696,1,1,1,0,1,0,0,1,0,0,1,0,1,0,0,0,0,0,0,0,1,0,0,1,0,1,0,1,0
7,74.35,533.6,76.22857142857143,1,0,0,0,1,0,0,1,0,0,1,0,0,0,0,0,0,0,0,0,0,0,0,0,0,0,1,0,0
6,69.25,418.4,69.73333333333333,0,0,0,0,1,0,0,1,0,0,0,0,0,0,0,0,0,0,0,0,0,0,0,1,0,0,1,0,0
45,18.85,867.3,19.273333333333333,1,0,0,0,1,0,0,0,1,1,0,1,0,1,0,1,0,1,0,1,0,1,0,0,0,0,0,0,1
72,80.85,5824.75,80.89930555555556,0,0,1,1,1,0,1,0,0,0,1,0,1,0,1,0,1,0,0,0,1,0,1,0,0,0,0,0,1
1,20.35,20.35,20.35,0,0,0,0,1,0,0,0,1,1,0,1,0,1,0,1,0,1,0,1,0,0,0,1,0,0,1,0,0
23,23.85,625.65,27.202173913043477,0,0,1,1,1,0,1,0,1,1,0,1,0,1,0,1,0,1,0,1,0,0,1,0,0,0,1,1,0
72,94.65,6747.35,93.71319444444445,1,0,1,0,1,0,0,1,0,0,0,0,0,0,1,0,0,0,1,0,1,0,0,1,0,1,0,0,1
67,75.5,5229.45,78.05149253731344,0,0,1,1,1,0,1,0,0,0,1,0,0,0,0,0,0,0,1,0,1,0,1,1,0,1,0,0,1
43,51.25,2151.6,50.03720930232558,0,0,1,1,0,1,0,0,0,0,1,0,1,0,0,0,1,0,1,0,0,1,0,1,0,0,0,0,1
1,45.65,45.65,45.65,1,0,0,0,1,0,0,0,0,0,0,0,0,0,0,0,0,0,0,0,0,0,0,1,0,1,0,0,0
60,104.35,6339.45,105.6575,1,1,1,0,1,0,1,1,0,0,0,0,1,0,1,0,0,0,1,0,1,1,0,1,0,1,0,0,1
2,79.85,152.45,76.225,1,0,0,0,1,0,0,1,0,0,0,0,0,0,1,0,1,0,0,0,0,0,0,1,0,1,0,0,0
1,75.55,75.55,75.55,0,0,0,0,1,0,0,1,0,0,0,0,0,0,1,0,0,0,0,0,0,0,0,0,0,1,0,0,0
72,78.85,5763.15,80.04374999999999,1,0,1,0,1,0,1,0,0,0,1,0,1,0,1,0,1,0,0,0,1,0,1,0,0,0,0,0,1
32,89.6,2901.8,90.68125,0,0,1,1,1,0,1,1,0,0,1,0,0,0,0,0,0,0,1,0,0,0,0,0,0,1,0,1,0
61,89.65,5308.7,87.02786885245901,0,0,0,0,1,0,1,0,0,0,1,0,1,0,1,0,1,0,1,0,1,0,1,0,0,1,0,0,1
64,110.3,6997.3,109.3328125,0,0,1,1,1,0,1,1,0,0,1,0,1,0,0,0,1,0,1,0,1,0,1,0,0,0,0,0,1
14,19.55,294.5,21.035714285714285,0,0,1,1,1,0,0,0,1,1,0,1,0,1,0,1,0,1,0,1,0,1,0,0,0,0,1,1,0
13,80.5,1011.8,77.83076923076922,0,0,0,0,1,0,0,1,0,0,0,0,0,0,0,0,0,0,0,0,1,0,0,1,0,1,0,1,0
25,20.95,495.15,19.805999999999997,1,0,1,0,1,0,0,0,1,1,0,1,0,1,0,1,0,1,0,1,0,1,0,1,0,0,0,1,0
46,54.35,2460.15,53.481521739130436,0,0,0,0,1,0,0,0,0,0,0,0,0,0,1,0,1,0,0,0,0,0,1,0,1,0,0,0,1
4,45.9,199.75,49.9375,1,0,0,0,1,0,0,0,0,0,0,0,0,0,0,0,0,0,0,0,0,0,0,1,0,1,0,0,0
47,20.45,943.0,20.06382978723404,1,0,0,0,1,0,0,0,1,1,0,1,0,1,0,1,0,1,0,1,0,0,1,0,0,0,0,0,1
53,69.7,3729.6,70.36981132075472,1,0,1,1,1,0,0,0,0,0,1,0,1,0,0,0,1,0,1,0,0,0,1,1,0,0,1,0,1
9,70.05,564.4,62.71111111111111,1,0,1,0,1,0,0,0,0,0,0,0,0,0,1,0,0,0,1,0,1,0,0,1,0,0,1,0,0
70,108.15,7930.55,113.29357142857143,0,0,1,1,1,0,1,1,0,0,1,0,1,0,1,0,0,0,1,0,1,1,0,1,1,0,0,0,1
50,90.1,4549.45,90.98899999999999,1,0,0,0,1,0,0,1,0,0,1,0,1,0,1,0,1,0,0,0,0,1,0,1,1,0,0,0,1
9,73.8,704.3,78.25555555555555,1,0,0,0,1,0,0,1,0,0,0,0,0,0,1,0,0,0,0,0,0,0,0,1,0,1,0,0,0
70,19.8,1397.65,19.966428571428573,0,0,1,0,1,0,0,0,1,1,0,1,0,1,0,1,0,1,0,1,0,0,1,0,0,0,0,0,1
67,118.35,7804.15,116.47985074626865,1,0,0,0,1,0,1,1,0,0,1,0,1,0,1,0,1,0,1,0,1,1,0,1,0,0,0,0,1
1,19.65,19.65,19.65,1,0,0,0,1,0,0,0,1,1,0,1,0,1,0,1,0,1,0,1,0,0,0,1,0,0,0,0,0
66,74.25,4859.25,73.625,0,0,1,1,1,0,1,1,0,0,0,0,0,0,0,0,0,0,0,0,0,1,0,1,0,0,0,0,1
58,20.3,1160.75,20.012931034482758,0,0,1,1,1,0,0,0,1,1,0,1,0,1,0,1,0,1,0,1,0,0,1,0,1,0,0,0,1
0,52.55,0.0,52.55,0,0,1,1,0,1,0,0,0,0,1,0,0,0,1,0,1,0,1,0,0,0,1,1,0,0,0,0,0
2,69.65,145.15,72.575,0,0,0,0,1,0,0,1,0,0,0,0,0,0,0,0,0,0,0,0,0,0,0,0,0,1,0,0,0
41,19.85,810.45,19.76707317073171,0,0,0,0,1,0,0,0,1,1,0,1,0,1,0,1,0,1,0,1,0,0,1,1,0,0,1,0,1
4,78.85,292.8,73.2,0,1,0,0,1,0,0,1,0,0,0,0,0,0,0,0,0,0,1,0,0,0,0,1,0,1,0,0,0
23,20.15,405.6,17.63478260869565,1,0,0,0,1,0,0,0,1,1,0,1,0,1,0,1,0,1,0,1,0,1,0,0,0,0,0,1,0
61,64.05,3902.6,63.97704918032787,1,1,1,0,1,0,1,0,0,0,0,0,1,0,0,0,0,0,0,0,1,1,0,0,0,0,0,0,1
8,20.05,163.6,20.45,0,0,0,1,1,0,0,0,1,1,0,1,0,1,0,1,0,1,0,1,0,0,0,0,0,0,1,0,0
1,75.35,75.35,75.35,1,0,0,1,1,0,0,1,0,0,0,0,1,0,0,0,0,0,0,0,0,0,0,1,0,1,0,0,0
22,26.25,605.9,27.54090909090909,0,0,0,0,1,0,1,0,1,1,0,1,0,1,0,1,0,1,0,1,0,0,1,0,0,0,1,1,0
2,47.8,92.45,46.225,1,0,0,0,1,0,0,0,0,0,1,0,0,0,0,0,0,0,0,0,0,0,0,1,0,1,0,0,0
55,77.75,4458.15,81.05727272727272,0,0,1,0,1,0,1,1,0,0,0,0,0,0,1,0,0,0,0,0,0,0,0,1,0,1,0,0,1
60,74.35,4453.3,74.22166666666666,1,0,1,1,1,0,1,1,0,0,0,0,0,0,0,0,0,0,0,0,0,0,0,0,0,0,0,0,1
51,95.15,5000.05,98.04019607843138,0,0,1,1,1,0,1,1,0,0,1,0,0,0,0,0,1,0,1,0,0,1,0,1,0,0,1,0,1
7,80.3,526.7,75.24285714285715,0,0,0,0,1,0,0,1,0,0,0,0,0,0,0,0,0,0,1,0,0,0,0,1,0,0,1,0,0
2,69.6,131.65,65.825,0,1,0,0,1,0,0,1,0,0,0,0,0,0,0,0,0,0,0,0,0,0,0,1,0,1,0,0,0
35,85.3,2917.5,83.35714285714286,0,0,0,0,1,0,1,1,0,0,0,0,1,0,0,0,1,0,0,0,0,0,0,0,1,0,0,1,0
70,89.75,6367.2,90.96,0,0,0,0,1,0,1,0,0,0,1,0,1,0,1,0,1,0,1,0,1,0,1,0,1,0,0,0,1
1,89.25,89.25,89.25,1,0,0,0,1,0,0,1,0,0,0,0,0,0,0,0,0,0,1,0,1,0,0,1,0,1,0,0,0
30,25.1,789.55,26.31833333333333,0,0,1,1,1,0,1,0,1,1,0,1,0,1,0,1,0,1,0,1,0,0,1,1,0,0,1,1,0
8,49.85,365.55,45.69375,0,0,0,0,1,0,0,0,0,0,1,0,0,0,0,0,0,0,0,0,0,0,0,1,0,1,0,0,0
5,70.25,331.9,66.38,1,1,0,0,1,0,0,1,0,0,0,0,0,0,0,0,0,0,0,0,0,0,0,1,0,0,1,0,0
9,66.25,620.55,68.94999999999999,0,0,0,0,1,0,0,0,0,0,0,0,1,0,0,0,1,0,1,0,0,0,0,0,0,0,1,0,0
11,74.55,824.75,74.97727272727273,1,0,0,0,1,0,0,1,0,0,0,0,1,0,0,0,0,0,0,0,0,0,0,1,0,1,0,0,0
63,39.35,2395.05,38.01666666666667,1,0,1,1,0,1,0,0,0,0,0,0,1,0,1,0,1,0,0,0,0,0,1,0,0,0,0,0,1
39,23.8,903.8,23.174358974358974,1,0,1,1,1,0,1,0,1,1,0,1,0,1,0,1,0,1,0,1,0,0,1,1,0,0,1,0,1
17,94.4,1607.2,94.54117647058824,0,0,1,1,1,0,1,1,0,0,1,0,0,0,1,0,0,0,1,0,0,0,0,0,0,1,0,1,0
14,54.25,773.2,55.228571428571435,0,0,0,0,1,0,1,0,0,0,0,0,1,0,0,0,0,0,0,0,0,1,0,1,0,0,1,1,0
61,93.7,5860.7,96.07704918032786,0,0,1,0,1,0,0,1,0,0,1,0,1,0,0,0,1,0,0,0,1,1,0,0,0,0,0,0,1
72,115.6,8220.4,114.17222222222222,0,0,1,1,1,0,1,1,0,0,1,0,1,0,1,0,1,0,1,0,1,0,1,1,0,0,0,0,1
40,55.8,2283.3,57.0825,1,1,1,0,1,0,0,0,0,0,0,0,0,0,0,0,0,0,0,0,1,1,0,0,0,1,0,0,1
1,20.15,20.15,20.15,0,0,1,1,1,0,0,0,1,1,0,1,0,1,0,1,0,1,0,1,0,0,0,1,1,0,0,0,0
47,39.65,1798.65,38.26914893617022,0,0,0,0,0,1,0,0,0,0,1,0,1,0,0,0,1,0,0,0,0,1,0,0,1,0,0,0,1
34,78.3,2564.3,75.42058823529412,1,0,1,1,1,0,0,1,0,0,0,0,0,0,0,0,0,0,1,0,0,0,0,0,0,1,0,1,0
18,40.2,711.95,39.55277777777778,0,0,0,0,0,1,0,0,0,0,1,0,1,0,0,0,1,0,0,0,0,1,0,1,0,0,1,1,0
27,20.25,538.2,19.933333333333334,0,0,0,0,1,0,0,0,1,1,0,1,0,1,0,1,0,1,0,1,0,0,1,1,0,0,0,1,0
46,20.25,890.35,19.355434782608697,0,0,1,1,1,0,0,0,1,1,0,1,0,1,0,1,0,1,0,1,0,0,1,0,0,0,0,0,1
68,95.1,6683.4,98.28529411764706,1,0,1,1,1,0,0,1,0,0,1,0,1,0,0,0,1,0,0,0,1,0,1,0,0,0,0,0,1
3,19.85,63.75,21.25,0,0,0,0,1,0,0,0,1,1,0,1,0,1,0,1,0,1,0,1,0,0,0,0,0,0,1,0,0
22,94.65,2104.55,95.66136363636365,1,0,0,0,1,0,1,1,0,0,0,0,0,0,0,0,0,0,1,0,1,0,0,1,1,0,0,1,0
36,96.5,3436.1,95.44722222222222,1,1,1,0,1,0,1,1,0,0,0,0,1,0,0,0,0,0,1,0,1,0,0,1,0,1,0,1,0
28,60.0,1682.05,60.073214285714286,1,0,1,1,0,1,0,0,0,0,0,0,1,0,1,0,1,0,1,0,1,1,0,1,1,0,0,1,0
51,19.85,996.95,19.548039215686277,0,0,0,0,1,0,0,0,1,1,0,1,0,1,0,1,0,1,0,1,0,1,0,1,0,0,0,0,1
4,100.85,399.25,99.8125,0,0,0,0,1,0,1,1,0,0,0,0,0,0,0,0,1,0,1,0,1,0,0,1,0,0,1,0,0
26,98.65,2537.0,97.57692307692308,1,0,0,0,1,0,0,1,0,0,0,0,0,0,1,0,1,0,1,0,1,0,0,1,0,1,0,1,0
37,92.95,3415.25,92.30405405405405,1,0,1,1,1,0,1,1,0,0,0,0,1,0,1,0,0,0,1,0,0,0,0,1,0,1,0,0,1
1,44.55,44.55,44.55,0,0,0,0,1,0,0,0,0,0,0,0,0,0,0,0,0,0,0,0,0,0,0,1,1,0,0,0,0
5,19.85,108.05,21.61,0,0,0,0,1,0,0,0,1,1,0,1,0,1,0,1,0,1,0,1,0,0,0,0,1,0,0,0,0
22,101.35,2317.1,105.32272727272726,1,0,0,0,1,0,1,1,0,0,1,0,0,0,0,0,0,0,1,0,1,0,0,1,0,0,0,1,0
56,24.45,1431.65,25.56517857142857,1,0,1,1,1,0,1,0,1,1,0,1,0,1,0,1,0,1,0,1,0,1,0,1,0,0,1,0,1
35,20.6,754.0,21.542857142857144,1,0,0,0,1,0,0,0,1,1,0,1,0,1,0,1,0,1,0,1,0,1,0,0,0,0,0,1,0
11,73.5,791.75,71.97727272727273,1,0,0,0,1,0,0,1,0,0,1,0,0,0,0,0,0,0,0,0,0,0,0,1,0,1,0,0,0
67,54.9,3725.5,55.6044776119403,0,1,0,0,1,0,1,0,0,0,0,0,1,0,0,0,0,0,0,0,0,0,0,0,0,1,0,0,1
13,61.8,750.1,57.7,1,0,1,1,1,0,0,0,0,0,0,0,1,0,1,0,1,0,0,0,0,0,0,0,0,0,0,1,0
40,36.0,1382.9,34.572500000000005,1,0,0,0,0,1,0,0,0,0,0,0,1,0,0,0,1,0,0,0,0,1,0,0,1,0,0,0,1
1,46.3,46.3,46.3,1,1,0,0,1,0,0,0,0,0,0,0,0,0,0,0,0,0,0,0,0,0,0,0,0,1,0,0,0
69,46.25,3121.4,45.23768115942029,0,0,1,1,0,1,0,0,0,0,1,0,1,0,1,0,1,0,0,0,0,0,1,0,0,0,0,0,1
15,29.7,438.25,29.216666666666665,1,0,0,0,0,1,0,0,0,0,0,0,0,0,0,0,1,0,0,0,0,0,0,1,0,1,0,1,0
11,20.35,215.25,19.568181818181817,1,0,0,0,1,0,0,0,1,1,0,1,0,1,0,1,0,1,0,1,0,0,0,0,0,0,1,0,0
2,20.1,39.8,19.9,0,0,0,0,1,0,0,0,1,1,0,1,0,1,0,1,0,1,0,1,0,0,0,0,0,0,1,0,0
2,20.3,40.25,20.125,1,0,1,1,1,0,0,0,1,1,0,1,0,1,0,1,0,1,0,1,0,0,0,0,0,0,1,0,0
35,102.05,3452.55,98.64428571428572,0,1,1,0,1,0,1,1,0,0,0,0,0,0,1,0,0,0,1,0,1,0,0,0,0,0,0,1,0
68,85.0,5607.75,82.46691176470588,0,0,1,1,1,0,0,0,0,0,1,0,1,0,1,0,1,0,1,0,1,0,1,1,1,0,0,0,1
70,77.3,5498.2,78.54571428571428,1,0,1,0,1,0,1,0,0,0,1,0,0,0,1,0,1,0,0,0,1,0,1,0,1,0,0,0,1
52,30.1,1623.4,31.21923076923077,1,0,0,0,0,1,0,0,0,0,0,0,1,0,0,0,0,0,0,0,0,1,0,0,0,0,1,0,1
16,85.05,1391.15,86.946875,1,1,1,0,1,0,1,1,0,0,0,0,0,0,0,0,0,0,1,0,0,0,0,1,1,0,0,1,0
6,19.15,124.4,20.733333333333334,1,0,0,0,1,0,0,0,1,1,0,1,0,1,0,1,0,1,0,1,0,1,0,0,0,0,1,0,0
16,84.75,1350.15,84.384375,0,1,0,0,1,0,1,1,0,0,0,0,0,0,0,0,0,0,1,0,0,0,0,1,0,1,0,1,0
68,111.75,7511.3,110.46029411764707,0,0,1,1,1,0,1,1,0,0,1,0,0,0,1,0,1,0,1,0,1,0,1,0,1,0,0,0,1
12,99.95,1132.75,94.39583333333333,1,0,0,0,1,0,1,1,0,0,0,0,0,0,0,0,1,0,1,0,1,0,0,1,0,0,1,0,0
50,94.4,4914.9,98.29799999999999,1,0,1,0,1,0,1,1,0,0,1,0,1,0,0,0,0,0,0,0,1,0,0,1,1,0,0,0,1
61,20.55,1305.95,21.409016393442624,1,0,1,1,1,0,0,0,1,1,0,1,0,1,0,1,0,1,0,1,0,0,1,0,1,0,0,0,1
4,49.25,208.45,52.1125,1,0,0,0,1,0,0,0,0,0,0,0,1,0,0,0,0,0,0,0,0,0,0,0,0,0,1,0,0
13,95.25,1233.65,94.89615384615385,1,1,1,0,1,0,1,1,0,0,0,0,0,0,0,0,0,0,1,0,1,0,0,1,0,1,0,1,0
19,95.15,1789.25,94.17105263157895,0,0,0,0,1,0,1,1,0,0,1,0,1,0,0,0,0,0,0,0,1,0,0,1,0,1,0,1,0
46,69.1,3168.0,68.8695652173913,0,0,1,0,1,0,0,0,0,0,0,0,1,0,0,0,0,0,1,0,1,0,0,1,1,0,0,0,1
32,76.3,2404.15,75.1296875,0,0,1,1,1,0,0,0,0,0,1,0,1,0,1,0,1,0,0,0,1,0,0,0,0,0,0,1,0
42,40.15,1626.05,38.71547619047619,1,0,1,0,0,1,0,0,0,0,1,0,0,0,0,0,0,0,1,0,0,0,0,1,0,0,0,0,1
4,40.05,162.45,40.6125,1,0,0,0,0,1,0,0,0,0,0,0,0,0,0,0,1,0,0,0,1,0,0,1,0,1,0,0,0
70,89.0,6293.2,89.90285714285714,0,0,1,1,1,0,1,0,0,0,1,0,1,0,1,0,1,0,1,0,1,0,1,1,0,0,0,0,1
47,59.6,2754.0,58.59574468085106,1,1,0,0,1,0,1,0,0,0,0,0,1,0,0,0,1,0,0,0,0,0,1,0,0,0,0,0,1
64,89.45,5692.65,88.94765625,1,0,1,0,1,0,1,1,0,0,1,0,1,0,1,0,0,0,0,0,0,1,0,0,0,0,0,0,1
1,19.25,19.25,19.25,0,0,0,0,1,0,0,0,1,1,0,1,0,1,0,1,0,1,0,1,0,0,0,1,0,0,0,0,0
65,108.65,6937.95,106.7376923076923,1,0,1,1,1,0,1,1,0,0,1,0,0,0,1,0,1,0,1,0,1,0,1,0,0,0,0,0,1
61,51.35,3244.4,53.18688524590164,0,0,1,1,0,1,0,0,0,0,0,0,1,0,1,0,1,0,1,0,0,0,1,0,1,0,0,0,1
2,61.2,125.95,62.975,0,0,0,1,1,0,0,0,0,0,1,0,0,0,0,0,0,0,0,0,1,0,0,1,1,0,0,0,0
21,69.1,1474.75,70.22619047619048,1,1,1,0,1,0,0,1,0,0,0,0,0,0,0,0,0,0,0,0,0,0,0,1,0,1,0,1,0
2,86.2,178.7,89.35,0,0,0,0,1,0,0,1,0,0,0,0,0,0,1,0,0,0,0,0,1,0,0,1,0,0,1,0,0
39,86.3,3266.0,83.74358974358974,1,0,1,1,1,0,0,1,0,0,0,0,1,0,0,0,0,0,1,0,0,0,0,1,0,0,1,0,1
37,99.2,3754.6,101.47567567567567,0,0,1,0,1,0,1,1,0,0,1,0,0,0,1,0,1,0,0,0,1,1,0,1,0,1,0,0,1
8,94.2,777.3,97.1625,0,0,1,1,1,0,0,1,0,0,0,0,0,0,1,0,0,0,1,0,1,0,0,1,0,1,0,0,0
54,110.45,6077.75,112.55092592592592,1,1,1,0,1,0,1,1,0,0,0,0,1,0,1,0,1,0,1,0,1,0,1,1,0,1,0,0,1
56,95.65,5471.75,97.70982142857143,0,1,1,0,1,0,1,1,0,0,1,0,1,0,1,0,1,0,0,0,0,1,0,0,0,1,0,0,1
60,90.95,5453.4,90.89,1,0,1,1,1,0,0,1,0,0,0,0,1,0,1,0,0,0,1,0,0,1,0,0,0,1,0,0,1
68,75.8,5293.95,77.85220588235293,1,0,1,1,1,0,1,0,0,0,0,0,1,0,1,0,1,0,0,0,1,1,0,1,0,0,0,0,1
1,54.75,54.75,54.75,0,0,0,0,1,0,0,0,0,0,0,0,0,0,0,0,0,0,0,0,1,0,0,1,0,0,1,0,0
32,70.5,2201.75,68.8046875,1,0,1,0,1,0,0,0,0,0,1,0,1,0,0,0,1,0,0,0,1,1,0,0,0,0,1,1,0
71,109.3,7782.85,109.61760563380282,1,0,1,1,1,0,0,1,0,0,1,0,1,0,1,0,1,0,1,0,1,0,1,0,1,0,0,0,1
3,84.75,264.85,88.28333333333335,0,0,1,1,1,0,1,1,0,0,0,0,0,0,0,0,0,0,0,0,1,0,0,1,0,0,0,0,0
71,116.1,8310.55,117.04999999999998,1,0,1,0,1,0,1,1,0,0,1,0,1,0,1,0,1,0,1,0,1,0,1,1,0,0,0,0,1
1,19.75,19.75,19.75,1,0,1,1,1,0,0,0,1,1,0,1,0,1,0,1,0,1,0,1,0,0,0,0,0,1,0,0,0
20,89.0,1820.45,91.02250000000001,1,0,1,0,1,0,0,1,0,0,0,0,0,0,0,0,0,0,1,0,1,0,0,1,0,0,1,1,0
18,35.0,553.0,30.72222222222222,0,0,0,1,0,1,0,0,0,0,0,0,0,0,0,0,0,0,0,0,1,0,0,1,0,1,0,1,0
20,64.4,1398.6,69.92999999999999,1,0,0,0,1,0,0,0,0,0,1,0,0,0,1,0,0,0,0,0,1,0,0,0,1,0,0,1,0
2,70.7,151.65,75.825,0,0,0,0,1,0,0,1,0,0,0,0,0,0,0,0,0,0,0,0,0,0,0,1,0,1,0,0,0
40,96.35,3915.4,97.885,0,0,1,1,1,0,1,1,0,0,0,0,1,0,1,0,0,0,1,0,0,0,0,1,1,0,0,0,1
35,20.75,700.45,20.012857142857143,0,0,0,0,1,0,0,0,1,1,0,1,0,1,0,1,0,1,0,1,0,1,0,0,0,0,1,1,0
56,68.75,3815.4,68.13214285714285,0,0,1,1,1,0,1,0,0,0,1,0,1,0,0,0,0,0,0,0,1,1,0,0,0,0,0,0,1
30,100.4,2936.25,97.875,1,0,0,0,1,0,1,1,0,0,1,0,0,0,0,0,0,0,1,0,1,0,0,1,0,0,0,1,0
72,83.55,6093.3,84.62916666666666,1,0,1,1,1,0,1,0,0,0,1,0,0,0,1,0,1,0,1,0,1,0,1,1,1,0,0,0,1
42,103.8,4327.5,103.03571428571429,0,0,0,0,1,0,0,1,0,0,0,0,1,0,1,0,1,0,1,0,1,0,0,1,0,0,0,0,1
21,71.05,1524.85,72.61190476190475,0,0,0,0,1,0,0,0,0,0,1,0,1,0,0,0,1,0,1,0,0,0,1,0,1,0,0,1,0
5,20.1,85.1,17.02,1,0,1,1,1,0,0,0,1,1,0,1,0,1,0,1,0,1,0,1,0,1,0,0,0,0,1,0,0
51,94.8,4837.6,94.85490196078432,1,0,0,0,1,0,1,1,0,0,1,0,1,0,0,0,0,0,1,0,0,1,0,1,0,1,0,0,1
47,19.9,942.95,20.06276595744681,1,0,1,0,1,0,0,0,1,1,0,1,0,1,0,1,0,1,0,1,0,1,0,0,0,0,0,0,1
46,20.2,917.45,19.944565217391304,1,0,1,1,1,0,0,0,1,1,0,1,0,1,0,1,0,1,0,1,0,0,1,1,0,0,1,0,1
62,72.0,4284.2,69.1,0,0,1,0,1,0,0,0,0,0,1,0,1,0,1,0,0,0,1,0,0,0,1,1,1,0,0,0,1
19,87.7,1725.95,90.83947368421053,1,0,0,0,1,0,0,1,0,0,0,0,0,0,0,0,1,0,0,0,1,1,0,1,1,0,0,1,0
32,84.05,2781.85,86.9328125,0,0,0,0,1,0,1,1,0,0,0,0,0,0,0,0,0,0,1,0,0,1,0,0,0,1,0,1,0
52,109.3,5731.4,110.21923076923076,1,0,0,0,1,0,1,1,0,0,1,0,0,0,1,0,1,0,1,0,1,0,1,1,0,1,0,0,1
4,19.5,96.85,24.2125,1,0,1,1,1,0,0,0,1,1,0,1,0,1,0,1,0,1,0,1,0,0,1,0,1,0,0,0,0
63,50.65,3221.25,51.13095238095238,0,0,1,1,1,0,0,0,0,0,1,0,0,0,0,0,0,0,0,0,0,0,1,1,0,0,0,0,1
10,54.5,568.2,56.82000000000001,1,0,0,0,1,0,1,0,0,0,1,0,0,0,0,0,0,0,0,0,0,0,0,1,1,0,0,0,0
6,19.55,128.6,21.433333333333334,1,0,0,1,1,0,0,0,1,1,0,1,0,1,0,1,0,1,0,1,0,0,0,0,0,0,1,0,0
56,100.65,5688.05,101.57232142857143,0,1,1,0,1,0,1,1,0,0,0,0,0,0,1,0,0,0,1,0,1,0,0,1,0,0,0,0,1
54,69.9,3883.3,71.91296296296296,1,0,0,0,1,0,0,0,0,0,1,0,1,0,0,0,1,0,1,0,0,0,0,1,0,0,1,0,1
15,76.0,1130.85,75.39,1,0,0,0,1,0,1,1,0,0,0,0,0,0,0,0,0,0,0,0,0,0,0,1,0,0,1,1,0
20,81.0,1683.7,84.185,0,0,1,0,1,0,0,1,0,0,0,0,0,0,1,0,1,0,0,0,0,0,0,1,0,0,1,1,0
21,96.8,2030.3,96.68095238095238,1,1,0,0,1,0,0,1,0,0,0,0,0,0,1,0,0,0,1,0,1,0,0,1,0,0,0,1,0
25,54.3,1296.8,51.872,1,0,1,1,1,0,0,0,0,0,1,0,0,0,0,0,1,0,0,0,0,0,0,0,0,1,0,1,0
62,89.8,5629.55,90.7991935483871,1,1,1,0,1,0,1,1,0,0,0,0,1,0,0,0,0,0,0,0,1,0,0,1,0,0,0,0,1
66,105.2,6936.85,105.10378787878788,0,0,1,0,1,0,1,1,0,0,0,0,1,0,1,0,0,0,1,0,1,0,0,1,0,1,0,0,1
59,106.75,6252.9,105.98135593220339,1,0,1,0,1,0,1,1,0,0,1,0,1,0,1,0,1,0,1,0,0,0,0,1,0,1,0,0,1
71,105.55,7405.5,104.30281690140845,1,0,1,1,1,0,1,1,0,0,1,0,0,0,1,0,0,0,1,0,1,0,1,0,0,1,0,0,1
16,112.95,1882.55,117.659375,0,0,1,1,1,0,1,1,0,0,1,0,0,0,1,0,1,0,1,0,1,0,0,1,0,1,0,1,0
31,64.0,1910.75,61.63709677419355,0,0,1,0,1,0,0,0,0,0,1,0,0,0,0,0,1,0,0,0,1,1,0,1,0,1,0,1,0
14,76.1,1054.8,75.34285714285714,1,0,0,1,1,0,0,0,0,0,1,0,1,0,1,0,1,0,0,0,1,0,1,0,0,0,0,1,0
11,20.0,196.35,17.849999999999998,0,0,1,1,1,0,0,0,1,1,0,1,0,1,0,1,0,1,0,1,0,1,0,1,0,0,1,0,0
4,29.9,118.25,29.5625,1,1,1,0,0,1,0,0,0,0,0,0,0,0,1,0,0,0,0,0,0,0,0,1,0,1,0,0,0
30,89.9,2723.15,90.77166666666668,1,0,0,0,1,0,1,1,0,0,0,0,0,0,0,0,1,0,0,0,1,0,0,1,1,0,0,1,0
7,44.65,322.5,46.07142857142857,1,0,0,0,1,0,0,0,0,0,0,0,0,0,0,0,0,0,0,0,0,0,0,1,0,0,0,0,0
44,59.85,2603.95,59.18068181818182,1,0,1,0,1,0,0,0,0,0,1,0,1,0,0,0,1,0,0,0,0,1,0,1,0,0,0,0,1
42,20.7,828.85,19.73452380952381,1,0,1,1,1,0,0,0,1,1,0,1,0,1,0,1,0,1,0,1,0,0,1,0,0,0,1,0,1
1,55.0,55.0,55.0,1,0,0,0,1,0,0,0,0,0,0,0,0,0,0,0,0,0,0,0,1,0,0,1,0,1,0,0,0
69,84.7,5878.9,85.20144927536231,1,0,1,0,1,0,0,0,0,0,1,0,1,0,1,0,1,0,1,0,1,0,1,1,0,0,1,0,1
44,89.2,4040.2,91.82272727272726,1,1,1,0,1,0,1,1,0,0,0,0,0,0,1,0,0,0,1,0,0,0,0,1,0,1,0,0,1
15,58.6,939.7,62.64666666666667,1,0,0,0,1,0,1,0,0,0,0,0,1,0,0,0,1,0,0,0,0,0,0,1,1,0,0,1,0
54,20.0,1149.65,21.289814814814818,1,0,0,0,1,0,0,0,1,1,0,1,0,1,0,1,0,1,0,1,0,0,1,0,0,0,1,0,1
21,19.6,397.0,18.904761904761905,1,0,0,1,1,0,0,0,1,1,0,1,0,1,0,1,0,1,0,1,0,0,1,0,0,0,1,1,0
23,83.75,1849.95,80.43260869565218,0,0,1,1,1,0,1,1,0,0,0,0,0,0,0,0,0,0,1,0,0,0,0,1,0,1,0,1,0
2,51.4,96.8,48.4,0,0,0,0,0,1,0,0,0,0,0,0,1,0,0,0,0,0,1,0,1,0,0,0,0,1,0,0,0
7,69.55,521.35,74.47857142857143,1,0,0,0,1,0,0,1,0,0,0,0,0,0,0,0,0,0,0,0,0,0,0,1,0,1,0,0,0
46,19.25,864.2,18.786956521739132,0,0,1,1,1,0,0,0,1,1,0,1,0,1,0,1,0,1,0,1,0,0,1,1,0,0,1,0,1
7,64.2,475.0,67.85714285714286,1,1,1,0,1,0,1,0,0,0,1,0,1,0,0,0,1,0,0,0,0,0,0,0,0,1,0,0,0
48,55.5,2627.35,54.73645833333333,0,0,0,0,1,0,0,0,0,0,1,0,1,0,0,0,0,0,0,0,0,0,1,0,1,0,0,0,1
56,98.25,5508.35,98.36339285714287,0,0,1,0,1,0,1,1,0,0,0,0,1,0,0,0,0,0,1,0,1,1,0,1,0,1,0,0,1
58,20.8,1212.25,20.900862068965516,1,0,0,0,1,0,0,0,1,1,0,1,0,1,0,1,0,1,0,1,0,0,1,0,0,0,1,0,1
16,98.75,1587.55,99.221875,1,1,1,0,1,0,1,1,0,0,0,0,0,0,1,0,0,0,1,0,1,0,0,1,0,1,0,1,0
1,21.05,21.05,21.05,1,0,0,1,1,0,0,0,1,1,0,1,0,1,0,1,0,1,0,1,0,0,0,1,0,0,1,0,0
58,60.3,3563.8,61.4448275862069,1,0,1,0,1,0,0,0,0,0,1,0,1,0,1,0,0,0,0,0,0,1,0,0,1,0,0,0,1
24,20.15,456.85,19.035416666666666,0,0,1,0,1,0,0,0,1,1,0,1,0,1,0,1,0,1,0,1,0,1,0,0,0,0,1,1,0
26,79.3,2015.8,77.53076923076922,0,0,1,0,1,0,1,1,0,0,0,0,1,0,0,0,0,0,0,0,0,0,0,0,0,0,0,1,0
69,20.2,1376.5,19.94927536231884,1,0,1,1,1,0,0,0,1,1,0,1,0,1,0,1,0,1,0,1,0,0,1,0,0,0,0,0,1
8,84.9,764.95,95.61875,0,0,1,0,1,0,1,1,0,0,0,0,0,0,0,0,0,0,0,0,1,0,0,1,0,1,0,0,0
58,45.35,2540.1,43.79482758620689,0,0,1,0,0,1,0,0,0,0,1,0,1,0,0,0,0,0,1,0,0,1,0,1,0,1,0,0,1
22,20.55,469.85,21.356818181818184,0,0,0,1,1,0,0,0,1,1,0,1,0,1,0,1,0,1,0,1,0,0,0,1,0,1,0,1,0
70,101.0,7085.5,101.22142857142858,1,0,1,0,1,0,0,1,0,0,1,0,1,0,1,0,1,0,0,0,1,0,1,0,1,0,0,0,1
12,25.4,313.0,26.083333333333332,1,0,1,1,1,0,1,0,1,1,0,1,0,1,0,1,0,1,0,1,0,0,1,1,0,0,0,0,0
4,19.9,76.65,19.1625,1,0,1,1,1,0,0,0,1,1,0,1,0,1,0,1,0,1,0,1,0,0,1,0,0,0,1,0,0
5,24.95,100.4,20.080000000000002,1,0,1,0,0,1,0,0,0,0,0,0,0,0,0,0,0,0,0,0,0,0,0,1,0,1,0,0,0
38,95.0,3605.6,94.88421052631578,1,0,0,0,1,0,1,1,0,0,0,0,0,0,1,0,1,0,1,0,0,1,0,0,0,0,0,0,1
2,80.45,137.1,68.55,0,0,0,0,1,0,0,1,0,0,1,0,0,0,1,0,0,0,0,0,0,0,0,1,0,1,0,0,0
59,65.5,3801.3,64.42881355932204,0,0,1,1,1,0,1,0,0,0,1,0,1,0,0,0,1,0,0,0,0,1,0,0,0,0,1,0,1
47,90.05,4137.2,88.02553191489362,1,0,1,1,1,0,0,1,0,0,1,0,0,0,1,0,0,0,0,0,1,0,0,0,0,1,0,0,1
21,60.25,1258.35,59.921428571428564,0,0,0,0,1,0,0,0,0,0,1,0,0,0,1,0,1,0,0,0,0,1,0,1,0,1,0,1,0
15,74.45,1145.7,76.38000000000001,0,1,0,0,1,0,1,1,0,0,0,0,0,0,0,0,0,0,0,0,0,0,0,1,0,0,1,1,0
5,30.5,167.2,33.44,0,0,1,1,0,1,0,0,0,0,0,0,1,0,0,0,0,0,0,0,0,0,0,1,0,1,0,0,0
15,59.45,892.65,59.51,0,0,0,0,1,0,0,0,0,0,0,0,0,0,1,0,0,0,0,0,1,0,0,1,0,1,0,1,0
72,104.45,7459.0,103.59722222222223,1,0,1,1,1,0,1,1,0,0,0,0,1,0,1,0,0,0,1,0,1,1,0,1,1,0,0,0,1
45,50.25,2221.55,49.36777777777778,0,0,1,0,1,0,0,0,0,0,0,0,0,0,1,0,0,0,0,0,0,0,0,1,1,0,0,0,1
48,39.4,1978.65,41.221875000000004,0,0,1,1,0,1,0,0,0,0,1,0,1,0,0,0,1,0,0,0,0,0,1,0,0,0,1,0,1
17,101.8,1752.45,103.08529411764707,1,1,0,0,1,0,0,1,0,0,0,0,1,0,1,0,0,0,1,0,1,0,0,1,0,1,0,1,0
27,50.35,1411.35,52.27222222222222,1,0,0,0,1,0,0,0,0,0,1,0,0,0,0,0,0,0,0,0,0,0,0,0,0,0,1,1,0
45,109.75,4900.65,108.90333333333332,1,0,1,1,1,0,1,1,0,0,0,0,1,0,1,0,1,0,1,0,1,0,1,1,0,0,0,0,1
10,102.1,1068.85,106.88499999999999,0,0,1,1,1,0,1,1,0,0,0,0,1,0,1,0,0,0,1,0,1,0,0,1,1,0,0,0,0
1,49.3,49.3,49.3,1,0,0,0,1,0,0,0,0,0,0,0,0,0,0,0,1,0,0,0,0,0,0,1,0,1,0,0,0
22,94.95,2142.8,97.4,1,0,0,0,1,0,0,1,0,0,0,0,1,0,1,0,1,0,0,0,1,0,0,1,0,0,0,1,0
20,70.55,1493.55,74.6775,1,0,0,0,1,0,0,1,0,0,0,0,0,0,0,0,0,0,0,0,0,0,0,0,1,0,0,1,0
7,24.7,149.05,21.292857142857144,0,0,1,1,0,1,0,0,0,0,0,0,0,0,0,0,0,0,0,0,0,0,0,1,0,1,0,0,0
1,50.7,50.7,50.7,1,0,0,0,1,0,0,0,0,0,1,0,0,0,0,0,0,0,0,0,0,0,0,1,0,0,1,0,0
24,53.6,1315.35,54.80625,1,0,1,0,1,0,0,0,0,0,1,0,0,0,0,0,1,0,0,0,0,0,0,0,0,0,1,1,0
68,24.0,1664.3,24.474999999999998,1,0,1,1,1,0,1,0,1,1,0,1,0,1,0,1,0,1,0,1,0,0,1,1,0,0,0,0,1
20,84.35,1745.2,87.26,1,1,0,0,1,0,1,1,0,0,0,0,0,0,0,0,0,0,1,0,0,0,0,1,0,1,0,1,0
25,38.1,970.4,38.816,1,0,1,0,0,1,0,0,0,0,0,0,0,0,1,0,0,0,1,0,0,1,0,1,1,0,0,1,0
1,43.3,43.3,43.3,1,1,0,0,0,1,0,0,0,0,0,0,1,0,1,0,0,0,0,0,1,0,0,1,0,1,0,0,0
64,43.85,2751.0,42.984375,0,1,0,0,0,1,0,0,0,0,0,0,1,0,0,0,1,0,1,0,0,0,0,1,0,1,0,0,1
64,99.0,6375.8,99.621875,0,0,1,0,1,0,0,1,0,0,1,0,0,0,1,0,0,0,1,0,1,0,1,1,0,0,0,0,1
20,25.55,507.4,25.369999999999997,0,0,1,1,1,0,1,0,1,1,0,1,0,1,0,1,0,1,0,1,0,0,0,1,0,0,0,1,0
35,99.25,3532.0,100.91428571428571,0,0,0,0,1,0,0,1,0,0,0,0,0,0,1,0,1,0,1,0,1,1,0,1,0,1,0,1,0
72,114.3,8058.55,111.92430555555556,1,0,1,1,1,0,1,1,0,0,1,0,1,0,1,0,1,0,1,0,1,0,1,1,1,0,0,0,1
43,94.35,3921.3,91.19302325581396,1,0,0,0,1,0,1,1,0,0,0,0,0,0,0,0,0,0,1,0,1,1,0,0,0,0,1,0,1
53,95.95,5036.9,95.03584905660377,1,0,0,1,1,0,0,1,0,0,1,0,1,0,1,0,0,0,0,0,1,1,0,0,0,1,0,0,1
69,23.95,1713.1,24.827536231884057,1,0,0,0,1,0,1,0,1,1,0,1,0,1,0,1,0,1,0,1,0,0,1,0,0,0,0,0,1
1,49.65,49.65,49.65,1,0,0,0,1,0,0,0,0,0,0,0,0,0,1,0,0,0,0,0,0,0,0,1,0,0,1,0,0
32,93.4,2979.3,93.103125,1,0,0,0,1,0,0,1,0,0,1,0,1,0,1,0,0,0,0,0,1,0,0,1,1,0,0,1,0
71,19.1,1372.45,19.330281690140847,0,0,1,0,1,0,0,0,1,1,0,1,0,1,0,1,0,1,0,1,0,0,1,0,1,0,0,0,1
33,20.35,689.75,20.901515151515152,1,0,0,0,1,0,0,0,1,1,0,1,0,1,0,1,0,1,0,1,0,0,1,0,0,0,1,1,0
10,19.85,193.05,19.305,1,0,0,0,1,0,0,0,1,1,0,1,0,1,0,1,0,1,0,1,0,0,0,1,0,0,1,0,0
37,26.45,911.6,24.63783783783784,0,0,1,1,1,0,1,0,1,1,0,1,0,1,0,1,0,1,0,1,0,0,0,0,0,0,1,0,1
7,71.35,515.75,73.67857142857143,1,0,1,1,1,0,0,0,0,0,1,0,0,0,1,0,1,0,0,0,1,0,0,1,1,0,0,0,0
57,53.75,3196.0,56.07017543859649,1,0,0,0,0,1,0,0,0,0,1,0,0,0,1,0,0,0,1,0,1,0,0,1,0,1,0,0,1
47,20.25,1029.8,21.91063829787234,0,0,0,0,1,0,0,0,1,1,0,1,0,1,0,1,0,1,0,1,0,0,1,0,1,0,0,0,1
5,68.95,351.5,70.3,0,0,1,0,1,0,0,1,0,0,0,0,0,0,0,0,0,0,0,0,0,0,0,1,0,1,0,0,0
61,105.55,6281.45,102.97459016393442,1,0,1,0,1,0,1,1,0,0,0,0,1,0,1,0,0,0,1,0,1,0,0,1,0,1,0,0,1
72,83.7,6096.9,84.67916666666666,0,0,1,1,1,0,0,0,0,0,1,0,1,0,1,0,1,0,1,0,1,0,1,1,0,0,0,0,1
35,19.6,686.95,19.627142857142857,1,0,1,1,1,0,0,0,1,1,0,1,0,1,0,1,0,1,0,1,0,0,1,0,0,0,1,1,0
56,101.05,5594.0,99.89285714285714,1,1,0,0,1,0,1,1,0,0,0,0,0,0,1,0,0,0,1,0,1,0,0,1,0,1,0,0,1
36,91.95,3301.05,91.69583333333334,0,1,1,0,1,0,1,1,0,0,0,0,1,0,0,0,0,0,1,0,0,0,0,1,1,0,0,1,0
20,98.55,2031.95,101.5975,1,0,0,0,1,0,1,1,0,0,0,0,0,0,0,0,1,0,1,0,1,0,0,1,0,0,1,1,0
38,20.45,781.25,20.55921052631579,0,0,1,1,1,0,0,0,1,1,0,1,0,1,0,1,0,1,0,1,0,0,0,0,0,0,1,0,1
43,104.6,4759.85,110.69418604651163,0,0,0,0,1,0,1,1,0,0,0,0,1,0,1,0,0,0,1,0,1,0,1,1,0,1,0,0,1
8,87.1,713.6,89.2,0,1,0,0,1,0,0,1,0,0,0,0,1,0,0,0,0,0,1,0,0,0,0,1,0,1,0,0,0
9,19.9,164.6,18.288888888888888,1,0,0,0,1,0,0,0,1,1,0,1,0,1,0,1,0,1,0,1,0,1,0,1,0,1,0,0,0
67,89.55,6038.55,90.12761194029851,1,0,1,1,1,0,1,1,0,0,1,0,1,0,0,0,1,0,0,0,0,1,0,0,0,1,0,0,1
1,44.45,44.45,44.45,1,0,0,0,1,0,0,0,0,0,0,0,0,0,0,0,0,0,0,0,0,0,0,0,0,0,1,0,0
54,103.95,5639.05,104.42685185185185,0,0,0,0,1,0,1,1,0,0,1,0,0,0,1,0,0,0,1,0,1,1,0,1,0,0,0,0,1
1,20.05,20.05,20.05,1,1,0,0,1,0,0,0,1,1,0,1,0,1,0,1,0,1,0,1,0,0,0,0,0,0,1,0,0
23,84.4,1936.85,84.2108695652174,0,0,1,1,1,0,0,1,0,0,1,0,1,0,0,0,1,0,0,0,0,0,0,0,0,0,1,1,0
20,94.1,1782.4,89.12,0,1,0,0,1,0,1,1,0,0,0,0,1,0,1,0,0,0,0,0,1,0,0,1,0,1,0,1,0
14,84.8,1203.9,85.99285714285715,0,0,1,1,1,0,1,1,0,0,0,0,0,0,0,0,0,0,1,0,0,0,0,1,0,1,0,1,0
18,49.85,865.75,48.09722222222222,0,1,0,0,1,0,0,0,0,0,0,0,1,0,0,0,0,0,0,0,0,0,0,1,1,0,0,1,0
52,84.1,4348.65,83.6278846153846,1,0,1,0,1,0,0,1,0,0,1,0,0,0,0,0,0,0,1,0,0,0,0,0,0,1,0,0,1
1,20.9,20.9,20.9,0,0,0,0,1,0,0,0,1,1,0,1,0,1,0,1,0,1,0,1,0,0,0,0,0,0,1,0,0
38,19.3,755.5,19.88157894736842,0,0,0,0,1,0,0,0,1,1,0,1,0,1,0,1,0,1,0,1,0,1,0,0,0,0,1,0,1
5,75.55,413.65,82.72999999999999,0,0,0,0,1,0,1,1,0,0,0,0,0,0,0,0,0,0,0,0,0,0,0,0,0,1,0,0,0
1,19.6,19.6,19.6,1,0,0,0,1,0,0,0,1,1,0,1,0,1,0,1,0,1,0,1,0,0,0,1,0,0,1,0,0
26,93.6,2404.1,92.46538461538461,1,1,0,0,1,0,1,1,0,0,0,0,0,0,0,0,0,0,1,0,1,0,0,1,0,1,0,1,0
66,108.1,7181.95,108.81742424242424,0,1,1,0,1,0,1,1,0,0,0,0,1,0,1,0,1,0,1,0,1,1,0,1,1,0,0,0,1
51,60.5,3121.45,61.20490196078431,1,0,1,1,1,0,0,0,0,0,1,0,1,0,0,0,1,0,0,0,0,0,1,0,1,0,0,0,1
10,75.05,786.3,78.63,1,0,0,0,1,0,1,1,0,0,0,0,0,0,0,0,0,0,0,0,0,0,0,0,0,1,0,0,0
5,21.05,113.85,22.77,1,0,0,0,1,0,0,0,1,1,0,1,0,1,0,1,0,1,0,1,0,0,0,0,0,0,1,0,0
4,70.5,294.2,73.55,1,0,1,0,1,0,0,1,0,0,0,0,0,0,0,0,0,0,0,0,0,0,0,0,0,1,0,0,0
59,94.75,5597.65,94.87542372881356,0,0,1,0,1,0,1,1,0,0,1,0,1,0,0,0,0,0,1,0,0,0,0,1,0,1,0,0,1
5,74.35,334.8,66.96000000000001,0,1,1,0,1,0,1,1,0,0,0,0,0,0,0,0,0,0,0,0,0,0,0,1,0,1,0,0,0
5,64.35,352.65,70.53,0,0,0,0,1,0,0,0,0,0,1,0,0,0,0,0,1,0,1,0,0,0,0,1,0,1,0,0,0
3,46.1,130.15,43.38333333333333,0,0,1,0,1,0,0,0,0,0,0,0,0,0,0,0,0,0,0,0,0,0,0,1,0,0,1,0,0
48,44.8,2104.55,43.84479166666667,0,0,0,0,0,1,0,0,0,0,1,0,1,0,0,0,0,0,1,0,0,0,0,1,0,1,0,0,1
72,24.85,1871.85,25.997916666666665,0,0,1,0,1,0,1,0,1,1,0,1,0,1,0,1,0,1,0,1,0,0,1,0,1,0,0,0,1
12,79.8,1001.2,83.43333333333334,0,0,0,0,1,0,1,1,0,0,1,0,0,0,0,0,0,0,0,0,0,0,0,1,0,1,0,0,0
2,95.1,180.25,90.125,1,1,0,0,1,0,0,1,0,0,0,0,1,0,1,0,1,0,0,0,1,0,0,1,1,0,0,0,0
72,109.15,7789.6,108.1888888888889,0,0,1,0,1,0,1,1,0,0,0,0,1,0,1,0,1,0,1,0,1,1,0,0,1,0,0,0,1
18,44.35,768.05,42.669444444444444,1,0,1,0,1,0,0,0,0,0,0,0,0,0,0,0,0,0,0,0,0,0,0,1,0,0,0,1,0
45,81.0,3533.6,78.52444444444444,0,0,1,1,1,0,0,0,0,0,1,0,0,0,1,0,1,0,1,0,1,0,1,1,0,0,1,0,1
31,76.05,2227.8,71.86451612903227,0,0,0,0,1,0,1,1,0,0,0,0,0,0,0,0,0,0,0,0,0,0,0,1,0,1,0,1,0
10,20.0,198.7,19.869999999999997,1,0,0,0,1,0,0,0,1,1,0,1,0,1,0,1,0,1,0,1,0,0,0,0,1,0,0,0,0
41,83.75,3273.55,79.84268292682927,1,1,1,0,1,0,1,1,0,0,1,0,0,0,1,0,0,0,0,0,0,0,0,1,0,0,0,0,1
2,49.4,106.55,53.275,0,0,0,0,1,0,1,0,0,0,0,0,0,0,0,0,0,0,0,0,0,0,0,1,0,1,0,0,0
2,68.95,119.75,59.875,0,0,0,0,1,0,0,1,0,0,0,0,0,0,0,0,0,0,0,0,0,0,0,0,0,1,0,0,0
56,85.85,4793.8,85.60357142857143,1,0,1,1,1,0,0,1,0,0,0,0,1,0,1,0,1,0,0,0,0,1,0,1,0,0,1,0,1
71,100.55,7113.75,100.19366197183099,1,0,1,1,1,0,1,1,0,0,0,0,1,0,0,0,0,0,1,0,1,1,0,0,0,0,0,0,1
25,19.6,411.15,16.445999999999998,1,0,1,1,1,0,0,0,1,1,0,1,0,1,0,1,0,1,0,1,0,1,0,0,0,1,0,1,0
11,19.55,223.15,20.286363636363635,1,0,0,0,1,0,0,0,1,1,0,1,0,1,0,1,0,1,0,1,0,0,1,0,1,0,0,0,0
12,89.55,1021.75,85.14583333333333,1,0,0,0,1,0,1,1,0,0,0,0,0,0,1,0,0,0,1,0,0,0,0,1,0,1,0,0,0
72,82.15,5784.3,80.3375,1,0,1,0,1,0,1,0,0,0,0,0,1,0,1,0,0,0,1,0,1,0,1,0,0,0,0,0,1
71,113.15,7993.3,112.58169014084507,0,0,0,0,1,0,1,1,0,0,1,0,1,0,1,0,1,0,1,0,1,0,1,1,1,0,0,0,1
27,30.75,805.1,29.81851851851852,1,1,1,0,0,1,0,0,0,0,1,0,0,0,0,0,0,0,0,0,0,0,0,0,1,0,0,1,0
14,50.75,712.75,50.910714285714285,1,0,0,0,0,1,0,0,0,0,0,0,0,0,1,0,0,0,1,0,1,0,0,1,0,1,0,1,0
17,80.85,1445.95,85.05588235294118,1,0,0,1,1,0,0,0,0,0,0,0,1,0,1,0,1,0,1,0,1,1,0,0,0,1,0,1,0
33,103.75,3361.05,101.85000000000001,0,0,1,0,1,0,0,1,0,0,1,0,0,0,1,0,1,0,1,0,1,1,0,1,0,1,0,1,0
10,85.55,851.75,85.175,1,1,1,0,1,0,1,1,0,0,0,0,0,0,0,0,0,0,0,0,1,0,0,0,0,1,0,0,0
45,84.55,3713.95,82.53222222222222,1,0,1,0,1,0,1,1,0,0,1,0,0,0,1,0,0,0,0,0,0,0,0,1,0,0,1,0,1
57,20.75,1118.8,19.628070175438594,1,0,0,0,1,0,0,0,1,1,0,1,0,1,0,1,0,1,0,1,0,0,1,0,0,0,1,0,1
42,45.1,2049.05,48.786904761904765,1,0,1,1,0,1,0,0,0,0,0,0,1,0,1,0,0,0,0,0,1,1,0,1,1,0,0,0,1
1,45.4,45.4,45.4,0,0,0,0,1,0,0,0,0,0,0,0,0,0,0,0,0,0,0,0,0,0,0,1,0,0,1,0,0
8,49.55,393.45,49.18125,1,0,1,0,1,0,0,0,0,0,0,0,1,0,0,0,0,0,0,0,0,0,0,1,0,0,0,0,0
24,20.3,459.95,19.164583333333333,0,1,0,0,1,0,0,0,1,1,0,1,0,1,0,1,0,1,0,1,0,0,0,1,0,0,1,1,0
24,81.0,1923.85,80.16041666666666,1,0,1,1,1,0,1,0,0,0,1,0,0,0,0,0,1,0,1,0,1,0,0,0,0,0,0,1,0
32,19.8,607.7,18.990625,1,0,0,0,1,0,0,0,1,1,0,1,0,1,0,1,0,1,0,1,0,1,0,0,0,0,1,1,0
3,75.8,246.3,82.10000000000001,0,0,0,0,1,0,1,1,0,0,0,0,0,0,0,0,0,0,0,0,0,0,0,1,0,1,0,0,0
50,95.7,4816.7,96.334,1,1,0,0,1,0,1,1,0,0,0,0,0,0,0,0,0,0,1,0,1,0,0,1,0,1,0,0,1
12,49.2,571.15,47.59583333333333,1,0,1,1,1,0,0,0,0,0,1,0,0,0,0,0,0,0,0,0,0,0,0,1,0,1,0,0,0
10,88.85,929.45,92.94500000000001,0,0,1,1,1,0,0,1,0,0,0,0,0,0,0,0,0,0,1,0,1,0,0,1,0,1,0,0,0
2,19.35,46.35,23.175,1,0,0,0,1,0,0,0,1,1,0,1,0,1,0,1,0,1,0,1,0,0,0,0,0,0,1,0,0
10,95.35,898.35,89.83500000000001,1,1,0,0,1,0,1,1,0,0,0,0,0,0,0,0,0,0,1,0,1,0,0,1,0,1,0,0,0
9,95.5,829.1,92.12222222222222,1,0,0,0,1,0,1,1,0,0,0,0,0,0,0,0,0,0,1,0,1,0,0,1,0,1,0,0,0
8,105.5,829.55,103.69375,0,1,0,0,1,0,1,1,0,0,0,0,1,0,1,0,0,0,1,0,1,0,0,1,0,1,0,0,0
49,75.2,3678.3,75.06734693877551,1,0,0,1,1,0,1,1,0,0,0,0,0,0,0,0,0,0,0,0,0,0,0,0,1,0,0,0,1
7,74.65,544.55,77.79285714285713,1,0,0,0,1,0,0,1,0,0,0,0,0,0,1,0,0,0,0,0,0,0,0,0,0,0,1,0,0
3,20.25,61.45,20.483333333333334,1,0,0,0,1,0,0,0,1,1,0,1,0,1,0,1,0,1,0,1,0,0,0,1,0,1,0,0,0
33,93.8,3124.5,94.68181818181819,0,0,1,1,1,0,0,1,0,0,0,0,0,0,1,0,0,0,1,0,1,1,0,1,0,1,0,1,0
48,105.1,5083.55,105.90729166666667,0,0,1,0,1,0,1,1,0,0,0,0,1,0,0,0,1,0,1,0,1,0,0,1,1,0,0,0,1
3,74.45,221.1,73.7,1,0,0,0,1,0,0,1,0,0,0,0,1,0,0,0,0,0,0,0,0,0,0,0,1,0,0,0,0
40,54.55,2236.2,55.904999999999994,0,0,0,0,0,1,0,0,0,0,1,0,0,0,0,0,1,0,1,0,1,1,0,1,0,0,0,0,1
5,69.75,324.6,64.92,1,0,0,0,1,0,0,1,0,0,0,0,0,0,0,0,0,0,0,0,0,0,0,1,0,1,0,0,0
5,94.85,462.8,92.56,1,0,0,0,1,0,1,1,0,0,0,0,0,0,0,0,0,0,1,0,1,0,0,1,0,0,0,0,0
3,107.95,313.6,104.53333333333335,1,0,0,0,1,0,1,1,0,0,0,0,1,0,1,0,0,0,1,0,1,0,0,0,0,0,1,0,0
47,63.8,3007.25,63.984042553191486,0,0,1,1,1,0,0,0,0,0,0,0,1,0,0,0,1,0,0,0,1,0,1,0,0,0,0,0,1
38,24.25,914.4,24.063157894736843,0,0,0,0,1,0,1,0,1,1,0,1,0,1,0,1,0,1,0,1,0,1,0,1,0,1,0,0,1
67,50.9,3281.65,48.97985074626866,1,0,1,1,0,1,0,0,0,0,1,0,0,0,0,0,0,0,1,0,1,0,1,0,1,0,0,0,1
19,20.25,383.65,20.192105263157895,0,0,0,0,1,0,0,0,1,1,0,1,0,1,0,1,0,1,0,1,0,1,0,0,1,0,0,1,0
55,19.4,1083.0,19.69090909090909,0,0,1,1,1,0,0,0,1,1,0,1,0,1,0,1,0,1,0,1,0,0,1,0,1,0,0,0,1
70,106.15,7475.1,106.78714285714287,1,0,1,1,1,0,0,1,0,0,0,0,1,0,1,0,1,0,1,0,1,1,0,1,0,1,0,0,1
58,50.3,2878.55,49.630172413793105,1,0,1,0,1,0,0,0,0,0,0,0,0,0,1,0,0,0,0,0,0,1,0,0,1,0,0,0,1
8,94.7,740.3,92.5375,1,0,0,0,1,0,0,1,0,0,0,0,0,0,1,0,0,0,1,0,1,0,0,1,0,1,0,0,0
4,80.85,302.75,75.6875,0,0,1,1,1,0,0,1,0,0,0,0,0,0,0,0,0,0,0,0,1,0,0,0,0,1,0,0,0
2,49.25,97.0,48.5,1,0,0,0,1,0,0,0,0,0,0,0,1,0,0,0,0,0,0,0,0,0,0,0,0,0,1,0,0
13,49.95,587.45,45.18846153846154,1,0,1,1,1,0,0,0,0,0,1,0,0,0,0,0,0,0,0,0,0,0,0,1,0,0,1,1,0
3,69.65,220.1,73.36666666666666,1,0,0,1,1,0,0,1,0,0,0,0,0,0,0,0,0,0,0,0,0,0,0,0,0,1,0,0,0
10,29.6,299.05,29.905,0,0,0,0,0,1,0,0,0,0,0,0,0,0,0,0,1,0,0,0,0,0,1,1,0,0,1,0,0
48,100.05,4834.0,100.70833333333333,0,0,1,0,1,0,0,1,0,0,0,0,0,0,1,0,1,0,1,0,1,0,0,1,1,0,0,0,1
9,74.05,678.45,75.38333333333334,1,1,0,0,1,0,1,1,0,0,0,0,0,0,0,0,0,0,0,0,0,0,0,1,0,1,0,0,0
42,99.45,4138.05,98.525,1,0,1,0,1,0,1,1,0,0,0,0,1,0,1,0,1,0,0,0,1,0,0,1,0,1,0,0,1
35,25.4,949.8,27.137142857142855,0,0,1,1,1,0,1,0,1,1,0,1,0,1,0,1,0,1,0,1,0,0,1,1,1,0,0,1,0
2,54.85,104.2,52.1,0,1,0,0,1,0,0,0,0,0,1,0,1,0,0,0,0,0,0,0,0,0,0,0,0,0,1,0,0
69,35.75,2492.25,36.119565217391305,1,0,0,0,0,1,0,0,0,0,0,0,1,0,1,0,0,0,0,0,0,1,0,1,0,0,0,0,1
1,19.45,19.45,19.45,0,0,1,1,1,0,0,0,1,1,0,1,0,1,0,1,0,1,0,1,0,0,0,0,0,0,1,0,0
6,50.05,288.35,48.05833333333334,1,0,0,0,1,0,0,0,0,0,0,0,0,0,0,0,1,0,0,0,0,0,0,0,0,0,1,0,0
1,19.75,19.75,19.75,0,0,0,0,1,0,0,0,1,1,0,1,0,1,0,1,0,1,0,1,0,0,0,0,0,1,0,0,0
43,26.45,1110.05,25.815116279069766,1,0,0,0,1,0,1,0,1,1,0,1,0,1,0,1,0,1,0,1,0,0,1,0,0,0,0,0,1
24,24.2,609.05,25.37708333333333,1,0,1,1,1,0,1,0,1,1,0,1,0,1,0,1,0,1,0,1,0,0,1,0,0,0,1,1,0
9,20.4,181.8,20.200000000000003,1,0,0,0,1,0,0,0,1,1,0,1,0,1,0,1,0,1,0,1,0,0,0,0,0,0,1,0,0
23,96.9,2085.45,90.67173913043477,1,0,0,0,1,0,1,1,0,0,0,0,0,0,1,0,1,0,1,0,0,0,0,1,1,0,0,1,0
70,19.55,1462.05,20.88642857142857,0,1,1,0,1,0,0,0,1,1,0,1,0,1,0,1,0,1,0,1,0,0,1,1,1,0,0,0,1
12,78.95,927.35,77.27916666666667,0,0,0,0,1,0,1,1,0,0,1,0,0,0,0,0,0,0,0,0,0,0,0,1,0,1,0,0,0
46,72.8,3249.4,70.63913043478261,1,0,0,0,1,0,1,1,0,0,0,0,0,0,0,0,0,0,0,0,0,0,0,0,0,0,0,0,1
52,19.2,1054.75,20.283653846153847,1,0,1,1,1,0,0,0,1,1,0,1,0,1,0,1,0,1,0,1,0,0,1,0,0,0,1,0,1
72,24.3,1643.25,22.822916666666668,1,0,1,1,1,0,1,0,1,1,0,1,0,1,0,1,0,1,0,1,0,0,1,0,0,0,0,0,1
18,80.65,1451.9,80.66111111111111,1,0,0,0,1,0,1,1,0,0,0,0,1,0,0,0,0,0,0,0,0,0,0,1,0,1,0,1,0
16,68.25,1114.85,69.678125,0,0,1,1,1,0,0,0,0,0,1,0,1,0,0,0,1,0,0,0,1,0,1,0,0,0,0,1,0
64,68.3,4378.8,68.41875,0,0,1,0,1,0,0,0,0,0,0,0,1,0,1,0,1,0,0,0,1,0,1,1,0,0,1,0,1
2,46.6,87.9,43.95,1,0,0,0,1,0,0,0,0,0,0,0,0,0,0,0,0,0,0,0,0,0,0,1,0,0,0,0,0
72,90.45,6565.85,91.19236111111111,1,0,1,1,1,0,1,1,0,0,0,0,1,0,1,0,1,0,0,0,0,0,1,0,0,0,0,0,1
63,40.6,2588.95,41.09444444444444,1,0,0,1,0,1,0,0,0,0,1,0,1,0,0,0,1,0,0,0,0,1,0,1,0,0,0,0,1
1,70.3,70.3,70.3,0,0,0,0,1,0,0,1,0,0,0,0,0,0,0,0,0,0,0,0,0,0,0,1,0,1,0,0,0
1,20.15,20.15,20.15,1,0,0,0,1,0,0,0,1,1,0,1,0,1,0,1,0,1,0,1,0,0,0,0,0,0,1,0,0
59,34.8,1980.3,33.56440677966101,1,0,1,1,0,1,0,0,0,0,1,0,0,0,1,0,0,0,0,0,0,1,0,0,0,0,1,0,1
51,80.75,4116.9,80.7235294117647,0,0,1,1,1,0,1,1,0,0,0,0,0,0,0,0,1,0,0,0,0,0,0,1,0,1,0,0,1
6,63.4,348.8,58.13333333333333,0,0,0,0,0,1,0,0,0,0,1,0,1,0,1,0,1,0,1,0,1,0,1,1,0,0,1,0,0
57,69.75,3894.4,68.32280701754387,0,0,0,0,1,0,0,0,0,0,0,0,1,0,1,0,1,0,1,0,0,0,1,0,0,0,1,0,1
46,100.25,4753.85,103.3445652173913,0,1,1,0,1,0,1,1,0,0,0,0,0,0,0,0,1,0,1,0,1,1,0,0,0,1,0,0,1
14,55.0,771.95,55.13928571428572,1,0,0,0,0,1,0,0,0,0,0,0,0,0,1,0,1,0,1,0,1,0,0,1,0,1,0,1,0
11,53.75,608.0,55.27272727272727,1,0,0,0,1,0,1,0,0,0,0,0,0,0,1,0,0,0,0,0,0,0,0,0,0,1,0,0,0
3,20.0,61.7,20.566666666666666,0,0,0,0,1,0,0,0,1,1,0,1,0,1,0,1,0,1,0,1,0,0,0,1,0,0,1,0,0
40,63.9,2635.0,65.875,0,0,1,0,1,0,1,0,0,0,0,0,1,0,0,0,0,0,1,0,0,1,0,0,0,0,0,0,1
33,79.0,2576.8,78.0848484848485,1,0,0,0,1,0,0,1,0,0,0,0,1,0,1,0,0,0,0,0,0,0,0,1,1,0,0,1,0
9,81.15,784.45,87.16111111111111,1,0,0,0,1,0,1,1,0,0,1,0,0,0,0,0,0,0,0,0,0,0,0,1,0,1,0,0,0
22,61.15,1422.05,64.63863636363637,0,0,1,1,1,0,0,0,0,0,1,0,1,0,1,0,0,0,0,0,0,0,0,0,0,0,1,1,0
15,19.6,331.6,22.10666666666667,0,0,0,0,1,0,0,0,1,1,0,1,0,1,0,1,0,1,0,1,0,0,1,0,0,0,1,1,0
0,25.75,0.0,25.75,1,0,1,1,1,0,1,0,1,1,0,1,0,1,0,1,0,1,0,1,0,0,1,0,0,0,1,0,0
3,73.6,232.5,77.5,1,0,0,0,1,0,0,1,0,0,0,0,0,0,1,0,0,0,0,0,0,0,0,1,1,0,0,0,0
13,83.2,1060.6,81.58461538461538,1,0,0,0,1,0,0,1,0,0,0,0,0,0,1,0,0,0,1,0,0,0,0,1,0,1,0,1,0
21,20.0,417.7,19.89047619047619,1,0,0,0,1,0,0,0,1,1,0,1,0,1,0,1,0,1,0,1,0,0,0,0,0,0,1,1,0
6,59.45,357.6,59.6,1,0,0,0,1,0,0,0,0,0,0,0,1,0,0,0,0,0,1,0,0,0,0,0,0,1,0,0,0
8,75.6,535.55,66.94375,0,0,0,0,1,0,0,1,0,0,0,0,1,0,0,0,0,0,0,0,0,0,0,0,0,1,0,0,0
3,50.5,147.75,49.25,1,0,0,0,1,0,0,0,0,0,0,0,0,0,0,0,1,0,0,0,0,0,0,1,0,0,1,0,0
63,19.55,1245.6,19.77142857142857,1,0,1,1,1,0,0,0,1,1,0,1,0,1,0,1,0,1,0,1,0,0,1,0,0,0,1,0,1
50,19.85,943.1,18.862000000000002,0,0,1,0,1,0,0,0,1,1,0,1,0,1,0,1,0,1,0,1,0,1,0,1,0,0,0,0,1
65,111.05,7107.0,109.33846153846154,0,0,0,0,1,0,1,1,0,0,1,0,1,0,1,0,0,0,1,0,1,0,0,1,1,0,0,0,1
44,73.85,3122.4,70.96363636363637,1,1,0,0,1,0,0,1,0,0,0,0,0,0,1,0,0,0,0,0,0,0,0,0,0,1,0,0,1
2,49.05,91.1,45.55,0,0,0,0,1,0,0,0,0,0,0,0,1,0,0,0,0,0,0,0,0,0,0,1,1,0,0,0,0
10,79.95,857.2,85.72,1,0,1,0,1,0,0,1,0,0,0,0,0,0,0,0,0,0,1,0,0,0,0,1,0,1,0,0,0
47,100.05,4871.05,103.63936170212766,1,1,1,0,1,0,1,1,0,0,0,0,0,0,1,0,0,0,1,0,1,0,0,1,0,1,0,0,1
69,95.75,6511.25,94.3659420289855,1,0,1,1,1,0,1,1,0,0,0,0,1,0,1,0,0,0,1,0,0,1,0,0,1,0,0,0,1
25,34.0,853.0,34.12,0,0,1,0,0,1,0,0,0,0,0,0,0,0,0,0,0,0,1,0,0,0,0,1,0,0,0,1,0
12,50.95,605.75,50.479166666666664,1,0,0,0,0,1,0,0,0,0,1,0,1,0,0,0,1,0,1,0,0,0,0,1,0,0,0,0,0
72,25.0,1802.55,25.035416666666666,1,1,1,0,1,0,1,0,1,1,0,1,0,1,0,1,0,1,0,1,0,0,1,1,0,0,0,0,1
31,25.0,789.2,25.458064516129035,1,0,0,1,0,1,0,0,0,0,0,0,0,0,0,0,0,0,0,0,0,0,0,0,1,0,0,1,0
1,69.4,69.4,69.4,0,0,1,0,1,0,0,1,0,0,0,0,0,0,0,0,0,0,0,0,0,0,0,1,0,0,1,0,0
26,47.85,1190.5,45.78846153846154,0,0,1,0,0,1,0,0,0,0,1,0,1,0,1,0,0,0,1,0,0,1,0,0,0,0,0,1,0
8,83.55,680.05,85.00625,0,0,1,1,1,0,0,1,0,0,0,0,1,0,0,0,0,0,1,0,0,0,0,1,0,1,0,0,0
35,94.55,3365.4,96.15428571428572,1,1,1,0,1,0,1,1,0,0,1,0,1,0,0,0,0,0,0,0,1,0,0,1,0,1,0,1,0
28,100.2,2688.45,96.01607142857142,1,0,0,0,1,0,1,1,0,0,0,0,1,0,0,0,0,0,1,0,1,1,0,0,0,1,0,1,0
21,104.55,2239.4,106.63809523809525,0,0,0,0,1,0,0,1,0,0,0,0,1,0,1,0,1,0,1,0,1,1,0,1,0,0,1,1,0
13,66.4,831.75,63.98076923076923,1,0,0,1,1,0,0,0,0,0,0,0,0,0,0,0,0,0,1,0,1,0,0,0,1,0,0,1,0
72,98.65,7129.45,99.02013888888888,0,0,1,1,1,0,1,1,0,0,0,0,1,0,1,0,1,0,0,0,1,0,1,1,0,0,0,0,1
1,44.4,44.4,44.4,0,0,0,0,1,0,0,0,0,0,0,0,0,0,0,0,0,0,0,0,0,0,0,0,0,0,1,0,0
70,19.85,1433.8,20.482857142857142,1,0,1,0,1,0,0,0,1,1,0,1,0,1,0,1,0,1,0,1,0,0,1,0,1,0,0,0,1
3,63.6,155.65,51.88333333333333,0,0,0,0,1,0,1,0,0,0,0,0,0,0,0,0,1,0,1,0,0,0,0,1,0,1,0,0,0
13,67.8,842.25,64.78846153846153,0,0,0,0,1,0,0,0,0,0,1,0,1,0,0,0,1,0,0,0,1,0,0,0,0,0,0,1,0
67,116.1,7839.85,117.01268656716418,1,1,0,0,1,0,1,1,0,0,1,0,1,0,1,0,1,0,1,0,1,0,1,1,1,0,0,0,1
48,70.55,3420.5,71.26041666666667,1,0,1,0,1,0,1,0,0,0,0,0,1,0,1,0,0,0,0,0,1,1,0,1,1,0,0,0,1
41,104.4,4133.95,100.8280487804878,0,1,0,0,1,0,1,1,0,0,0,0,1,0,1,0,0,0,1,0,1,0,0,1,0,1,0,0,1
57,74.3,4166.35,73.09385964912282,0,0,0,0,1,0,0,0,0,0,1,0,1,0,1,0,1,0,1,0,0,0,1,1,1,0,0,0,1
1,44.95,44.95,44.95,1,0,0,0,1,0,0,0,0,0,0,0,0,0,0,0,0,0,0,0,0,0,0,1,0,0,1,0,0
40,24.6,973.95,24.348750000000003,1,0,0,0,1,0,1,0,1,1,0,1,0,1,0,1,0,1,0,1,0,0,1,1,0,0,1,0,1
1,75.75,75.75,75.75,1,1,0,0,1,0,1,1,0,0,0,0,0,0,0,0,0,0,0,0,0,0,0,1,0,1,0,0,0
23,19.65,436.9,18.995652173913044,1,0,1,1,1,0,0,0,1,1,0,1,0,1,0,1,0,1,0,1,0,1,0,0,0,0,1,1,0
44,61.5,2722.2,61.86818181818182,0,0,1,0,1,0,0,0,0,0,1,0,1,0,1,0,0,0,0,0,0,1,0,1,0,0,1,0,1
9,79.35,661.25,73.47222222222223,1,0,1,1,1,0,1,1,0,0,0,0,0,0,1,0,0,0,0,0,0,0,0,1,0,0,0,0,0
29,80.15,2265.25,78.11206896551724,1,0,1,0,1,0,1,1,0,0,0,0,1,0,0,0,0,0,0,0,0,0,0,1,0,0,0,1,0
17,55.5,934.15,54.949999999999996,1,0,0,0,1,0,0,0,0,0,1,0,1,0,0,0,0,0,0,0,0,0,0,1,1,0,0,1,0
26,59.45,1507.0,57.96153846153846,1,0,0,0,1,0,0,0,0,0,0,0,0,0,0,0,1,0,1,0,0,1,0,0,1,0,0,1,0
44,70.95,3250.45,73.87386363636364,1,0,1,0,1,0,0,0,0,0,0,0,1,0,1,0,1,0,1,0,0,1,0,1,0,1,0,0,1
36,106.05,3834.4,106.51111111111112,0,0,1,0,1,0,1,1,0,0,1,0,1,0,1,0,1,0,0,0,1,0,1,1,1,0,0,1,0
68,83.65,5733.4,84.31470588235294,0,0,1,1,1,0,1,1,0,0,0,0,1,0,0,0,1,0,0,0,0,1,0,1,0,0,0,0,1
5,34.25,163.55,32.71,0,0,1,1,0,1,0,0,0,0,0,0,1,0,0,0,1,0,0,0,0,0,0,0,0,1,0,0,0
51,97.8,4913.3,96.33921568627451,1,1,0,0,1,0,1,1,0,0,0,0,0,0,1,0,0,0,1,0,1,0,0,1,0,1,0,0,1
57,89.55,5012.35,87.93596491228071,1,0,0,1,1,0,1,0,0,0,1,0,1,0,1,0,1,0,1,0,1,0,1,0,0,0,1,0,1
72,67.2,4671.7,64.88472222222222,1,0,0,1,0,1,0,0,0,0,1,0,1,0,1,0,1,0,1,0,1,0,1,0,1,0,0,0,1
11,45.9,521.9,47.445454545454545,1,0,1,0,1,0,0,0,0,0,0,0,0,0,0,0,0,0,0,0,0,0,0,1,0,0,0,0,0
3,58.7,168.6,56.199999999999996,0,0,1,1,1,0,0,0,0,0,0,0,1,0,0,0,0,0,1,0,0,0,0,1,1,0,0,0,0
22,81.7,1820.9,82.76818181818182,0,1,0,0,1,0,0,1,0,0,1,0,1,0,0,0,0,0,0,0,0,0,0,0,0,1,0,1,0
59,20.6,1286.0,21.796610169491526,0,0,1,1,1,0,0,0,1,1,0,1,0,1,0,1,0,1,0,1,0,0,1,0,0,0,1,0,1
61,103.9,6449.15,105.72377049180328,1,0,1,1,1,0,0,1,0,0,0,0,1,0,1,0,1,0,1,0,1,1,0,0,1,0,0,0,1
59,82.95,4903.15,83.1042372881356,1,1,1,0,1,0,0,1,0,0,1,0,1,0,1,0,0,0,0,0,0,1,0,1,1,0,0,0,1
36,94.8,3565.65,99.04583333333333,0,0,0,0,1,0,0,1,0,0,0,0,1,0,0,0,0,0,1,0,1,0,0,1,1,0,0,1,0
5,20.25,109.8,21.96,1,0,0,0,1,0,0,0,1,1,0,1,0,1,0,1,0,1,0,1,0,0,0,0,0,0,1,0,0
1,50.15,50.15,50.15,1,0,0,0,1,0,1,0,0,0,0,0,0,0,0,0,0,0,0,0,0,0,0,1,0,1,0,0,0
12,73.3,828.05,69.00416666666666,1,1,0,0,1,0,1,1,0,0,0,0,0,0,0,0,0,0,0,0,0,0,0,1,1,0,0,0,0
1,20.65,20.65,20.65,1,0,0,0,1,0,0,0,1,1,0,1,0,1,0,1,0,1,0,1,0,0,0,0,0,1,0,0,0
40,70.75,2921.75,73.04375,1,0,1,0,1,0,1,0,0,0,0,0,1,0,0,0,1,0,1,0,0,1,0,0,1,0,0,0,1
42,92.15,3875.4,92.27142857142857,0,0,1,1,1,0,0,1,0,0,0,0,0,0,1,0,0,0,1,0,1,0,0,1,0,1,0,0,1
69,19.7,1396.9,20.244927536231884,0,0,1,1,1,0,0,0,1,1,0,1,0,1,0,1,0,1,0,1,0,0,1,0,0,0,0,0,1
28,64.4,1802.15,64.3625,1,0,1,1,1,0,1,0,0,0,0,0,1,0,0,0,0,0,0,0,1,0,0,0,0,1,0,1,0
58,99.15,5720.95,98.63706896551724,1,0,0,0,1,0,0,1,0,0,1,0,1,0,0,0,0,0,1,0,1,1,0,0,0,0,0,0,1
71,116.25,8564.75,120.63028169014085,1,0,1,0,1,0,1,1,0,0,1,0,1,0,1,0,1,0,1,0,1,0,1,1,0,1,0,0,1
70,80.6,5460.2,78.00285714285714,0,0,1,1,1,0,1,0,0,0,1,0,0,0,0,0,1,0,1,0,1,0,1,1,0,0,0,0,1
52,24.8,1229.1,23.63653846153846,1,0,1,1,1,0,1,0,1,1,0,1,0,1,0,1,0,1,0,1,0,0,1,0,0,0,1,0,1
18,25.55,467.85,25.991666666666667,1,0,1,1,0,1,0,0,0,0,0,0,0,0,0,0,0,0,0,0,0,0,0,0,1,0,0,1,0
72,82.3,5980.55,83.06319444444445,1,0,1,0,1,0,1,0,0,0,1,0,1,0,1,0,1,0,0,0,1,0,1,1,0,0,0,0,1
18,49.4,874.8,48.599999999999994,1,0,0,0,1,0,0,0,0,0,1,0,0,0,0,0,0,0,0,0,0,0,0,0,0,1,0,1,0
57,70.35,4124.65,72.36228070175439,0,0,1,0,1,0,0,0,0,0,1,0,1,0,0,0,1,0,1,0,0,0,1,1,1,0,0,0,1
27,56.7,1652.95,61.220370370370375,0,0,0,0,1,0,0,0,0,0,1,0,1,0,0,0,0,0,0,0,0,0,0,1,0,0,1,1,0
24,104.65,2542.45,105.93541666666665,1,0,1,0,1,0,1,1,0,0,0,0,1,0,1,0,0,0,1,0,1,0,0,1,0,1,0,1,0
10,20.45,242.4,24.240000000000002,1,0,1,1,1,0,0,0,1,1,0,1,0,1,0,1,0,1,0,1,0,1,0,0,0,0,1,0,0
72,24.9,1859.2,25.822222222222223,0,0,1,1,1,0,1,0,1,1,0,1,0,1,0,1,0,1,0,1,0,0,1,0,0,0,1,0,1
7,25.05,152.95,21.849999999999998,1,0,0,0,1,0,1,0,1,1,0,1,0,1,0,1,0,1,0,1,0,0,0,1,0,0,0,0,0
54,70.7,3770.0,69.81481481481481,1,0,1,1,1,0,1,0,0,0,0,0,1,0,0,0,1,0,1,0,0,1,0,1,0,1,0,0,1
44,85.15,3670.5,83.42045454545455,0,1,1,0,1,0,0,1,0,0,1,0,1,0,0,0,1,0,0,0,0,0,0,1,0,1,0,0,1
56,80.9,4557.5,81.38392857142857,1,0,1,0,1,0,0,1,0,0,0,0,0,0,0,0,0,0,0,0,1,1,0,1,0,1,0,0,1
1,19.55,19.55,19.55,1,0,0,0,1,0,0,0,1,1,0,1,0,1,0,1,0,1,0,1,0,0,0,0,0,0,1,0,0
72,111.6,8012.75,111.28819444444444,0,0,0,0,1,0,1,1,0,0,0,0,1,0,1,0,1,0,1,0,1,0,1,1,0,0,0,0,1
12,78.3,909.25,75.77083333333333,0,0,0,1,1,0,1,1,0,0,1,0,0,0,0,0,0,0,0,0,0,0,0,1,0,1,0,0,0
28,54.35,1426.45,50.94464285714286,1,0,1,0,1,0,0,0,0,0,1,0,0,0,0,0,1,0,0,0,0,1,0,0,0,0,1,1,0
72,104.15,7303.05,101.43125,0,0,1,1,1,0,1,1,0,0,1,0,1,0,0,0,0,0,1,0,1,1,0,1,0,1,0,0,1
5,50.35,237.25,47.45,1,1,0,0,1,0,0,0,0,0,0,0,0,0,1,0,0,0,0,0,0,0,0,0,0,1,0,0,0
30,95.0,2852.4,95.08,1,0,0,0,1,0,1,1,0,0,1,0,1,0,1,0,1,0,0,0,0,0,0,1,1,0,0,1,0
22,100.65,2415.95,109.81590909090909,1,0,0,0,1,0,1,1,0,0,0,0,1,0,0,0,0,0,1,0,1,0,0,1,0,1,0,1,0
65,104.25,6812.95,104.81461538461538,1,0,1,0,1,0,1,1,0,0,1,0,0,0,1,0,0,0,1,0,1,0,0,1,0,1,0,0,1
49,84.5,3906.7,79.72857142857143,0,0,0,0,1,0,1,1,0,0,0,0,0,0,0,0,0,0,0,0,1,0,0,1,0,1,0,0,1
13,81.15,952.3,73.25384615384615,0,0,0,0,1,0,0,1,0,0,0,0,1,0,1,0,0,0,0,0,0,0,0,1,0,1,0,1,0
54,109.75,6110.2,113.15185185185184,1,0,1,0,1,0,0,1,0,0,1,0,1,0,1,0,1,0,1,0,1,0,1,0,0,0,0,0,1
57,20.75,1123.15,19.704385964912284,1,0,1,1,1,0,0,0,1,1,0,1,0,1,0,1,0,1,0,1,0,0,1,0,0,0,1,0,1
1,44.15,44.15,44.15,0,0,0,0,1,0,0,0,0,0,0,0,0,0,0,0,0,0,0,0,0,0,0,0,0,0,0,0,0
71,90.3,6287.3,88.55352112676057,1,0,1,1,1,0,1,0,0,0,1,0,1,0,1,0,1,0,1,0,1,0,1,0,1,0,0,0,1
1,48.45,48.45,48.45,0,0,0,0,1,0,0,0,0,0,1,0,0,0,0,0,0,0,0,0,0,0,0,1,0,0,0,0,0
70,79.4,5528.9,78.9842857142857,1,0,1,0,1,0,1,0,0,0,1,0,1,0,1,0,1,0,1,0,0,1,0,0,0,0,0,0,1
52,66.25,3330.1,64.04038461538461,0,0,1,0,0,1,0,0,0,0,1,0,1,0,1,0,1,0,1,0,1,0,1,0,1,0,0,0,1
56,90.55,5116.6,91.36785714285715,0,0,1,0,1,0,1,1,0,0,0,0,1,0,1,0,1,0,0,0,0,0,0,0,0,1,0,0,1
11,29.6,346.45,31.495454545454546,0,0,1,1,0,1,0,0,0,0,1,0,0,0,0,0,0,0,0,0,0,0,0,1,0,1,0,0,0
5,19.95,107.05,21.41,1,0,0,0,1,0,0,0,1,1,0,1,0,1,0,1,0,1,0,1,0,0,0,0,0,0,1,0,0
12,34.0,442.45,36.87083333333333,1,0,0,0,0,1,0,0,0,0,0,0,1,0,0,0,1,0,0,0,0,0,0,0,0,0,1,0,0
6,91.1,455.3,75.88333333333334,0,0,0,0,1,0,0,1,0,0,0,0,0,0,0,0,0,0,1,0,1,0,0,1,0,1,0,0,0
2,79.75,159.4,79.7,0,1,0,0,1,0,0,1,0,0,0,0,0,0,0,0,0,0,0,0,1,0,0,1,0,0,0,0,0
50,103.05,5153.5,103.07,0,0,1,1,1,0,0,1,0,0,0,0,0,0,1,0,1,0,1,0,1,1,0,0,0,0,1,0,1
41,80.25,3439.0,83.8780487804878,1,0,1,0,1,0,1,1,0,0,0,0,1,0,0,0,0,0,0,0,0,0,0,1,0,1,0,0,1
68,86.5,5882.75,86.51102941176471,1,0,0,1,1,0,1,0,0,0,1,0,1,0,0,0,1,0,1,0,1,0,1,1,0,0,0,0,1
22,80.0,1706.45,77.56590909090909,0,0,1,0,1,0,0,1,0,0,0,0,0,0,0,0,0,0,1,0,0,0,0,1,1,0,0,1,0
51,106.8,5498.8,107.81960784313726,1,0,1,0,1,0,1,1,0,0,0,0,1,0,1,0,0,0,1,0,1,1,0,1,0,0,0,0,1
30,68.95,2038.7,67.95666666666666,0,0,0,0,1,0,1,0,0,0,0,0,1,0,1,0,0,0,1,0,0,1,0,1,1,0,0,1,0
40,89.6,3488.15,87.20375,1,0,0,0,1,0,0,1,0,0,0,0,1,0,0,0,1,0,0,0,1,1,0,1,1,0,0,0,1
65,99.35,6347.55,97.65461538461538,1,0,1,0,1,0,1,1,0,0,1,0,1,0,1,0,0,0,1,0,0,0,1,1,0,1,0,0,1
68,19.5,1193.55,17.55220588235294,1,1,1,1,1,0,0,0,1,1,0,1,0,1,0,1,0,1,0,1,0,1,0,0,0,0,0,0,1
10,59.65,638.95,63.895,1,0,0,0,1,0,0,0,0,0,0,0,1,0,0,0,0,0,1,0,0,0,0,1,0,0,1,0,0
64,94.6,5948.7,92.9484375,0,0,1,0,1,0,1,1,0,0,1,0,0,0,1,0,0,0,1,0,0,0,1,1,1,0,0,0,1
58,106.45,6145.85,105.96293103448276,0,0,0,0,1,0,0,1,0,0,1,0,1,0,1,0,0,0,1,0,1,1,0,1,0,1,0,0,1
15,19.5,239.75,15.983333333333333,1,0,1,1,1,0,0,0,1,1,0,1,0,1,0,1,0,1,0,1,0,1,0,1,0,0,1,1,0
71,106.75,7283.25,102.58098591549296,0,0,0,0,1,0,1,1,0,0,1,0,1,0,1,0,0,0,1,0,1,0,1,1,1,0,0,0,1
4,98.1,396.3,99.075,0,0,0,1,1,0,0,1,0,0,0,0,0,0,1,0,1,0,1,0,1,0,0,1,0,0,0,0,0
72,86.6,6350.5,88.20138888888889,0,0,0,0,1,0,1,0,0,0,0,0,1,0,1,0,1,0,1,0,1,0,1,0,0,0,0,0,1
25,94.7,2362.1,94.484,1,0,0,0,1,0,1,1,0,0,0,0,0,0,0,0,0,0,1,0,1,0,0,1,0,0,0,1,0
44,77.55,3471.1,78.88863636363637,0,0,0,1,1,0,1,0,0,0,0,0,1,0,0,0,0,0,1,0,1,1,0,1,0,0,1,0,1
5,75.15,392.65,78.53,1,0,0,0,1,0,0,0,0,0,0,0,0,0,1,0,1,0,1,0,1,0,0,0,0,0,0,0,0
33,44.55,1462.6,44.32121212121212,1,0,1,0,1,0,0,0,0,0,0,0,0,0,0,0,0,0,0,0,0,0,0,1,1,0,0,1,0
1,49.9,49.9,49.9,1,0,0,1,1,0,0,0,0,0,0,0,1,0,0,0,0,0,0,0,0,0,0,1,0,1,0,0,0
14,92.9,1337.45,95.53214285714286,1,0,0,0,1,0,0,1,0,0,0,0,0,0,0,0,0,0,1,0,1,0,0,1,0,1,0,1,0
20,20.35,442.6,22.130000000000003,0,0,1,1,1,0,0,0,1,1,0,1,0,1,0,1,0,1,0,1,0,0,0,0,0,0,1,1,0
8,66.7,579.0,72.375,1,0,0,0,1,0,0,0,0,0,1,0,0,0,1,0,0,0,0,0,1,0,0,1,0,1,0,0,0
3,29.8,94.4,31.46666666666667,1,0,1,0,0,1,0,0,0,0,0,0,1,0,0,0,0,0,0,0,0,0,0,0,1,0,0,0,0
67,19.4,1284.2,19.16716417910448,1,0,1,1,1,0,0,0,1,1,0,1,0,1,0,1,0,1,0,1,0,0,1,1,1,0,0,0,1
72,87.55,6463.15,89.76597222222222,1,0,1,1,1,0,1,0,0,0,1,0,1,0,1,0,1,0,1,0,1,0,1,1,0,0,0,0,1
1,71.15,71.15,71.15,0,1,0,0,1,0,0,1,0,0,0,0,0,0,0,0,0,0,0,0,0,0,0,1,0,1,0,0,0
40,71.35,2847.2,71.17999999999999,0,0,1,1,1,0,0,0,0,0,1,0,1,0,0,0,1,0,0,0,1,0,0,1,0,0,1,0,1
60,23.95,1506.4,25.10666666666667,1,0,1,1,1,0,1,0,1,1,0,1,0,1,0,1,0,1,0,1,0,1,0,0,1,0,0,0,1
56,44.85,2564.95,45.802678571428565,0,0,0,0,0,1,0,0,0,0,0,0,0,0,0,0,0,0,1,0,1,0,0,1,1,0,0,0,1
24,83.15,2033.05,84.71041666666666,0,0,1,1,1,0,1,1,0,0,0,0,1,0,1,0,0,0,0,0,0,1,0,0,0,0,0,1,0
72,68.4,4855.35,67.43541666666667,1,0,1,1,1,0,0,0,0,0,1,0,1,0,0,0,1,0,1,0,0,0,1,0,0,0,0,0,1
12,19.8,202.25,16.854166666666668,1,0,1,0,1,0,0,0,1,1,0,1,0,1,0,1,0,1,0,1,0,1,0,0,0,0,0,0,0
52,44.25,2276.1,43.771153846153844,1,0,1,1,0,1,0,0,0,0,1,0,0,0,1,0,0,0,0,0,1,1,0,0,0,0,0,0,1
4,25.15,99.95,24.9875,0,0,1,0,0,1,0,0,0,0,0,0,0,0,0,0,0,0,0,0,0,0,0,1,0,1,0,0,0
6,49.15,295.65,49.275,1,0,1,1,1,0,0,0,0,0,1,0,0,0,0,0,0,0,0,0,0,0,0,1,0,1,0,0,0
6,47.95,305.1,50.85,0,0,0,0,0,1,0,0,0,0,0,0,0,0,1,0,0,0,1,0,1,0,0,1,0,1,0,0,0
66,110.9,7432.05,112.60681818181818,1,1,0,0,1,0,1,1,0,0,0,0,1,0,1,0,1,0,1,0,1,1,0,0,1,0,0,0,1
71,19.45,1378.45,19.414788732394367,1,0,1,1,1,0,0,0,1,1,0,1,0,1,0,1,0,1,0,1,0,0,1,0,0,0,1,0,1
12,19.8,229.6,19.133333333333333,0,0,1,1,1,0,0,0,1,1,0,1,0,1,0,1,0,1,0,1,0,1,0,0,0,0,0,0,0
3,74.4,229.55,76.51666666666667,1,0,0,0,1,0,1,1,0,0,0,0,0,0,0,0,0,0,0,0,0,0,0,1,0,1,0,0,0
13,56.0,764.55,58.81153846153846,0,0,0,1,1,0,0,0,0,0,1,0,1,0,0,0,0,0,0,0,0,0,0,1,0,1,0,1,0
53,104.05,5566.4,105.02641509433961,0,0,1,1,1,0,1,1,0,0,1,0,1,0,1,0,1,0,0,0,1,0,1,1,0,0,0,0,1
11,20.05,237.7,21.60909090909091,0,0,0,0,1,0,0,0,1,1,0,1,0,1,0,1,0,1,0,1,0,1,0,0,1,0,0,0,0
13,85.95,1215.65,93.51153846153846,0,0,0,0,1,0,1,1,0,0,0,0,0,0,0,0,0,0,0,0,1,0,0,1,0,1,0,1,0
11,25.2,245.15,22.286363636363635,0,0,0,0,1,0,1,0,1,1,0,1,0,1,0,1,0,1,0,1,0,1,0,0,0,1,0,0,0
12,99.7,1238.45,103.20416666666667,0,0,0,0,1,0,1,1,0,0,1,0,1,0,1,0,0,0,0,0,1,0,0,1,0,0,0,0,0
33,20.1,620.55,18.804545454545455,1,0,1,1,1,0,0,0,1,1,0,1,0,1,0,1,0,1,0,1,0,1,0,0,1,0,0,1,0
63,19.35,1263.85,20.06111111111111,0,0,1,1,1,0,0,0,1,1,0,1,0,1,0,1,0,1,0,1,0,0,1,0,0,1,0,0,1
13,73.75,956.65,73.58846153846153,1,0,0,0,1,0,0,1,0,0,1,0,0,0,0,0,0,0,0,0,0,0,0,1,1,0,0,1,0
18,55.2,1058.1,58.78333333333333,1,0,0,0,1,0,0,0,0,0,0,0,0,0,1,0,1,0,0,0,0,0,0,0,1,0,0,1,0
6,74.4,434.1,72.35000000000001,0,1,0,0,1,0,0,1,0,0,0,0,0,0,1,0,0,0,0,0,0,0,0,0,0,1,0,0,0
46,80.4,3605.2,78.37391304347825,1,1,1,0,1,0,0,1,0,0,0,0,0,0,0,0,0,0,0,0,1,0,0,1,0,1,0,0,1
10,79.85,887.35,88.735,1,0,0,0,1,0,0,1,0,0,1,0,0,0,1,0,0,0,0,0,0,0,0,1,0,0,1,0,0
34,70.0,2416.1,71.06176470588235,0,0,0,0,1,0,0,1,0,0,0,0,0,0,0,0,0,0,0,0,0,0,0,1,1,0,0,1,0
67,25.1,1672.15,24.957462686567165,1,1,0,0,1,0,1,0,1,1,0,1,0,1,0,1,0,1,0,1,0,0,1,0,1,0,0,0,1
4,74.4,299.7,74.925,1,0,0,0,1,0,0,0,0,0,0,0,0,0,1,0,1,0,1,0,1,0,0,1,0,1,0,0,0
20,68.7,1416.2,70.81,1,0,0,0,1,0,1,0,0,0,0,0,1,0,0,0,1,0,1,0,0,1,0,1,0,1,0,1,0
1,70.0,70.0,70.0,1,0,1,0,1,0,0,1,0,0,0,0,0,0,0,0,0,0,0,0,0,0,0,0,0,1,0,0,0
1,20.5,20.5,20.5,0,0,0,0,1,0,0,0,1,1,0,1,0,1,0,1,0,1,0,1,0,0,0,0,0,0,1,0,0
14,75.35,1025.95,73.28214285714286,0,0,0,0,1,0,0,1,0,0,0,0,0,0,1,0,0,0,0,0,0,0,0,0,0,1,0,1,0
46,84.8,3958.85,86.06195652173913,0,0,0,1,1,0,1,1,0,0,0,0,0,0,1,0,1,0,0,0,0,0,0,1,0,0,0,0,1
14,69.2,944.65,67.475,1,0,1,1,1,0,1,0,0,0,1,0,1,0,0,0,0,0,0,0,1,0,0,0,0,0,1,1,0
8,19.2,156.85,19.60625,0,0,0,0,1,0,0,0,1,1,0,1,0,1,0,1,0,1,0,1,0,0,0,0,0,0,1,0,0
8,45.15,438.4,54.8,1,0,0,0,1,0,0,0,0,0,0,0,0,0,0,0,0,0,0,0,0,0,0,1,0,0,1,0,0
36,94.7,3512.5,97.56944444444444,1,0,0,1,1,0,0,1,0,0,0,0,1,0,0,0,0,0,1,0,1,0,0,1,0,1,0,1,0
5,79.9,343.95,68.78999999999999,1,1,1,0,1,0,1,1,0,0,0,0,0,0,1,0,0,0,0,0,0,0,0,1,0,0,0,0,0
22,51.1,1232.9,56.040909090909096,1,0,1,1,1,0,0,0,0,0,0,0,0,0,0,0,1,0,0,0,0,0,0,1,0,1,0,1,0
42,33.55,1445.3,34.41190476190476,0,0,1,0,0,1,0,0,0,0,0,0,1,0,0,0,1,0,0,0,0,1,0,0,0,0,1,0,1
6,19.55,122.9,20.483333333333334,1,0,1,1,1,0,0,0,1,1,0,1,0,1,0,1,0,1,0,1,0,0,0,0,0,0,1,0,0
26,85.8,2193.65,84.37115384615385,0,1,0,0,1,0,0,1,0,0,1,0,0,0,0,0,0,0,1,0,0,0,0,1,1,0,0,1,0
57,39.3,2111.45,37.04298245614035,1,0,0,0,0,1,0,0,0,0,0,0,1,0,0,0,0,0,1,0,0,0,0,1,0,1,0,0,1
42,80.45,3375.9,80.37857142857143,1,0,1,0,1,0,1,0,0,0,1,0,0,0,0,0,1,0,1,0,1,1,0,0,1,0,0,0,1
1,79.65,79.65,79.65,0,0,0,0,1,0,0,1,0,0,0,0,0,0,0,0,0,0,1,0,0,0,0,1,0,1,0,0,0
16,91.55,1540.05,96.253125,1,1,1,0,1,0,0,1,0,0,0,0,0,0,1,0,1,0,0,0,1,0,0,1,0,1,0,1,0
18,95.05,1679.4,93.30000000000001,0,0,0,0,1,0,1,1,0,0,0,0,0,0,1,0,1,0,0,0,1,0,0,1,0,0,0,1,0
22,69.75,1545.4,70.24545454545455,0,1,0,0,1,0,0,0,0,0,1,0,0,0,1,0,1,0,0,0,1,0,0,1,0,0,1,1,0
56,24.45,1385.85,24.74732142857143,0,0,1,1,1,0,1,0,1,1,0,1,0,1,0,1,0,1,0,1,0,0,1,1,0,0,1,0,1
4,68.65,261.25,65.3125,0,0,0,0,1,0,0,0,0,0,0,0,1,0,0,0,0,0,1,0,1,0,0,1,0,0,0,0,0
26,19.3,504.2,19.392307692307693,1,1,0,0,1,0,0,0,1,1,0,1,0,1,0,1,0,1,0,1,0,1,0,0,1,0,0,1,0
34,56.25,1765.95,51.93970588235294,0,1,0,0,0,1,0,0,0,0,0,0,1,0,1,0,0,0,1,0,1,0,0,1,0,1,0,1,0
26,49.15,1237.3,47.58846153846154,1,0,0,0,1,0,0,0,0,0,0,0,0,0,0,0,1,0,0,0,0,0,0,0,0,0,0,1,0
26,69.05,1815.65,69.83269230769231,0,0,0,0,1,0,0,1,0,0,0,0,0,0,0,0,0,0,0,0,0,0,0,1,1,0,0,1,0
32,101.35,3334.9,104.215625,0,0,0,0,1,0,1,1,0,0,0,0,0,0,1,0,0,0,1,0,1,0,0,1,0,1,0,1,0
4,84.8,371.9,92.975,1,0,1,1,1,0,1,1,0,0,0,0,1,0,1,0,0,0,0,0,0,0,0,1,0,0,0,0,0
1,74.0,74.0,74.0,1,0,0,0,1,0,0,1,0,0,0,0,0,0,0,0,1,0,0,0,0,0,0,0,0,1,0,0,0
7,84.35,609.65,87.09285714285714,0,1,0,0,1,0,0,1,0,0,0,0,0,0,1,0,0,0,1,0,0,0,0,1,0,1,0,0,0
53,20.8,1021.8,19.279245283018867,0,0,1,0,1,0,0,0,1,1,0,1,0,1,0,1,0,1,0,1,0,1,0,0,0,0,0,0,1
3,30.4,82.15,27.383333333333336,1,0,0,0,0,1,0,0,0,0,0,0,0,0,0,0,1,0,0,0,0,0,0,0,0,1,0,0,0
67,19.95,1311.75,19.578358208955223,1,0,0,0,1,0,0,0,1,1,0,1,0,1,0,1,0,1,0,1,0,0,1,0,0,0,0,0,1
50,95.7,4729.75,94.595,0,0,0,0,1,0,1,1,0,0,0,0,0,0,0,0,0,0,1,0,1,0,0,1,0,1,0,0,1
1,19.65,19.65,19.65,1,0,0,0,1,0,0,0,1,1,0,1,0,1,0,1,0,1,0,1,0,0,0,0,0,0,1,0,0
9,20.25,186.15,20.683333333333334,0,0,0,0,1,0,0,0,1,1,0,1,0,1,0,1,0,1,0,1,0,0,0,0,0,0,1,0,0
2,44.6,80.55,40.275,0,0,1,0,1,0,0,0,0,0,0,0,0,0,0,0,0,0,0,0,0,0,0,1,1,0,0,0,0
1,25.25,25.25,25.25,0,1,0,0,0,1,0,0,0,0,0,0,0,0,0,0,0,0,0,0,0,0,0,0,0,1,0,0,0
43,104.3,4451.85,103.53139534883722,1,0,1,1,1,0,1,1,0,0,0,0,0,0,1,0,1,0,1,0,1,1,0,1,1,0,0,0,1
70,48.4,3442.8,49.182857142857145,1,0,0,0,0,1,0,0,0,0,1,0,0,0,1,0,1,0,0,0,1,0,1,0,0,0,0,0,1
71,19.8,1388.45,19.555633802816903,1,1,1,1,1,0,0,0,1,1,0,1,0,1,0,1,0,1,0,1,0,0,1,0,1,0,0,0,1
44,92.95,4122.9,93.70227272727271,1,0,1,1,1,0,0,1,0,0,0,0,0,0,1,0,0,0,1,0,1,0,0,1,0,0,0,0,1
2,70.7,140.7,70.35,1,0,0,0,1,0,0,1,0,0,0,0,0,0,0,0,0,0,0,0,0,0,0,0,1,0,0,0,0
4,77.95,305.55,76.3875,0,0,0,0,1,0,1,1,0,0,0,0,1,0,0,0,0,0,0,0,0,0,0,0,0,0,0,0,0
3,55.1,154.65,51.550000000000004,0,0,0,1,1,0,0,0,0,0,1,0,0,0,0,0,1,0,0,0,0,0,0,1,0,0,1,0,0
28,64.45,1867.6,66.7,0,1,0,0,1,0,1,0,0,0,0,0,1,0,1,0,1,0,0,0,0,0,0,0,0,0,0,1,0
29,75.3,2263.4,78.04827586206896,1,0,1,0,1,0,0,1,0,0,0,0,0,0,1,0,0,0,0,0,0,0,0,1,1,0,0,1,0
1,70.05,70.05,70.05,1,1,0,0,1,0,0,1,0,0,0,0,0,0,0,0,0,0,0,0,0,0,0,1,0,1,0,0,0
9,99.45,919.4,102.15555555555555,1,1,0,0,1,0,1,1,0,0,0,0,1,0,0,0,0,0,1,0,1,0,0,1,1,0,0,0,0
71,108.05,7532.15,106.08661971830985,1,0,0,0,1,0,1,1,0,0,1,0,0,0,1,0,1,0,1,0,1,0,1,1,0,1,0,0,1
41,73.0,3001.2,73.19999999999999,1,0,1,0,1,0,1,0,0,0,0,0,0,0,1,0,0,0,1,0,1,1,0,1,0,1,0,0,1
56,100.3,5614.45,100.25803571428571,1,0,1,0,1,0,1,1,0,0,0,0,1,0,0,0,0,0,1,0,1,1,0,0,1,0,0,0,1
1,25.7,25.7,25.7,0,1,0,0,0,1,0,0,0,0,0,0,0,0,0,0,0,0,0,0,0,0,0,1,0,0,1,0,0
52,39.1,1982.1,38.11730769230769,0,0,0,0,0,1,0,0,0,0,1,0,1,0,0,0,1,0,0,0,0,0,1,0,0,0,1,0,1
67,102.95,6886.25,102.77985074626865,0,0,0,0,1,0,1,1,0,0,1,0,1,0,1,0,0,0,1,0,0,0,0,1,1,0,0,0,1
29,19.4,554.25,19.112068965517242,0,0,0,0,1,0,0,0,1,1,0,1,0,1,0,1,0,1,0,1,0,0,1,0,0,0,1,1,0
42,67.7,2882.25,68.625,0,0,0,0,1,0,0,0,0,0,1,0,1,0,0,0,1,0,0,0,1,1,0,1,0,0,1,0,1
16,50.15,762.25,47.640625,0,0,0,0,1,0,0,0,0,0,1,0,0,0,0,0,0,0,0,0,0,0,0,1,0,1,0,1,0
14,31.1,419.7,29.978571428571428,1,0,0,0,0,1,0,0,0,0,0,0,1,0,0,0,0,0,0,0,0,0,0,1,0,0,1,1,0
18,74.7,1294.6,71.92222222222222,0,1,0,0,1,0,0,1,0,0,0,0,1,0,0,0,0,0,0,0,0,0,0,1,0,1,0,1,0
12,99.45,1200.15,100.0125,1,1,0,0,1,0,1,1,0,0,0,0,0,0,1,0,0,0,1,0,1,0,0,1,0,1,0,0,0
39,19.9,791.15,20.285897435897436,1,0,0,0,1,0,0,0,1,1,0,1,0,1,0,1,0,1,0,1,0,1,0,0,0,0,1,0,1
32,69.75,2347.9,73.371875,1,0,1,1,1,0,0,1,0,0,0,0,0,0,0,0,0,0,0,0,0,0,0,1,0,0,0,1,0
62,43.7,2618.3,42.230645161290326,1,0,0,0,0,1,0,0,0,0,1,0,1,0,1,0,1,0,0,0,0,0,1,1,0,0,0,0,1
1,20.95,20.95,20.95,1,0,0,0,1,0,0,0,1,1,0,1,0,1,0,1,0,1,0,1,0,0,0,0,0,0,0,0,0
45,62.7,2791.5,62.03333333333333,1,1,0,0,1,0,0,0,0,0,1,0,0,0,1,0,0,0,0,0,1,1,0,0,1,0,0,0,1
16,80.55,1248.9,78.05625,1,0,0,0,1,0,1,1,0,0,0,0,1,0,0,0,0,0,0,0,0,0,0,1,0,0,1,1,0
1,62.8,62.8,62.8,1,0,0,0,1,0,0,0,0,0,0,0,0,0,0,0,0,0,1,0,1,0,0,1,0,0,1,0,0
72,92.0,6782.15,94.19652777777777,1,0,1,0,1,0,1,0,0,0,1,0,1,0,1,0,1,0,1,0,1,0,1,1,1,0,0,0,1
3,35.15,99.75,33.25,1,0,1,0,0,1,0,0,0,0,0,0,0,0,0,0,0,0,0,0,1,0,0,1,0,1,0,0,0
29,58.0,1734.5,59.810344827586206,0,0,0,0,1,0,0,0,0,0,1,0,0,0,1,0,1,0,0,0,0,1,0,0,1,0,0,1,0
15,19.65,332.65,22.176666666666666,1,0,1,1,1,0,0,0,1,1,0,1,0,1,0,1,0,1,0,1,0,1,0,0,0,0,1,1,0
68,107.15,7379.8,108.5264705882353,1,1,1,1,1,0,1,1,0,0,0,0,0,0,1,0,1,0,1,0,1,1,0,1,1,0,0,0,1
0,56.05,0.0,56.05,0,0,1,1,0,1,0,0,0,0,1,0,1,0,1,0,1,0,1,0,0,0,1,0,1,0,0,0,0
22,85.35,1961.6,89.16363636363636,0,1,1,1,1,0,1,1,0,0,0,0,0,0,0,0,0,0,1,0,0,0,0,0,0,0,0,1,0
1,84.5,84.5,84.5,1,0,0,0,1,0,1,1,0,0,0,0,0,0,0,0,0,0,1,0,0,0,0,0,0,1,0,0,0
45,73.55,3349.1,74.42444444444445,0,0,0,0,1,0,1,0,0,0,1,0,0,0,0,0,1,0,0,0,1,0,1,0,0,0,1,0,1
26,88.8,2274.35,87.475,0,0,0,0,1,0,0,1,0,0,0,0,0,0,0,0,0,0,1,0,1,0,0,1,0,0,0,1,0
72,91.95,6614.9,91.8736111111111,1,0,1,1,1,0,1,0,0,0,1,0,1,0,1,0,1,0,1,0,1,0,1,1,1,0,0,0,1
67,111.3,7567.2,112.94328358208955,1,0,1,0,1,0,1,1,0,0,0,0,1,0,1,0,1,0,1,0,1,0,1,1,0,0,0,0,1
10,95.25,1021.55,102.155,1,0,0,0,1,0,1,1,0,0,0,0,1,0,1,0,0,0,0,0,1,0,0,1,0,1,0,0,0
1,89.9,89.9,89.9,1,0,0,0,1,0,0,1,0,0,0,0,0,0,0,0,0,0,1,0,1,0,0,1,0,1,0,0,0
51,30.05,1529.45,29.98921568627451,1,0,1,0,0,1,0,0,0,0,0,0,1,0,0,0,0,0,0,0,0,0,0,1,1,0,0,0,1
1,93.3,93.3,93.3,1,0,0,1,1,0,1,1,0,0,0,0,0,0,0,0,0,0,1,0,1,0,0,1,0,1,0,0,0
56,25.15,1327.15,23.699107142857144,1,0,1,0,1,0,1,0,1,1,0,1,0,1,0,1,0,1,0,1,0,0,1,1,1,0,0,0,1
72,95.9,6954.15,96.58541666666666,0,0,1,1,1,0,1,1,0,0,1,0,1,0,0,0,0,0,1,0,0,0,1,1,0,0,0,0,1
10,24.0,226.55,22.655,1,0,0,0,1,0,1,0,1,1,0,1,0,1,0,1,0,1,0,1,0,0,0,1,0,1,0,0,0
22,20.3,475.1,21.595454545454547,1,0,0,0,1,0,0,0,1,1,0,1,0,1,0,1,0,1,0,1,0,1,0,0,0,0,1,1,0
5,20.55,96.1,19.22,0,0,0,0,1,0,0,0,1,1,0,1,0,1,0,1,0,1,0,1,0,0,0,0,1,0,0,0,0
30,77.9,2351.45,78.38166666666666,1,1,1,0,1,0,1,1,0,0,0,0,0,0,0,0,0,0,0,0,0,0,0,0,0,0,1,1,0
44,53.95,2375.4,53.98636363636364,1,0,0,0,0,1,0,0,0,0,0,0,1,0,1,0,0,0,1,0,1,1,0,1,0,0,1,0,1
18,101.3,1794.65,99.70277777777778,1,0,0,0,1,0,0,1,0,0,0,0,1,0,1,0,0,0,1,0,1,0,0,0,1,0,0,1,0
2,44.3,89.3,44.65,0,1,0,0,1,0,0,0,0,0,0,0,0,0,0,0,0,0,0,0,0,0,0,1,0,1,0,0,0
54,44.1,2369.7,43.88333333333333,0,0,0,0,0,1,0,0,0,0,1,0,0,0,0,0,1,0,0,0,1,1,0,0,0,0,0,0,1
1,94.4,94.4,94.4,0,0,0,0,1,0,0,1,0,0,0,0,0,0,1,0,0,0,1,0,1,0,0,0,0,1,0,0,0
70,20.35,1458.1,20.83,1,0,1,1,1,0,0,0,1,1,0,1,0,1,0,1,0,1,0,1,0,0,1,0,1,0,0,0,1
10,84.6,865.55,86.55499999999999,0,1,0,0,1,0,0,1,0,0,0,0,0,0,1,0,0,0,0,0,1,0,0,1,1,0,0,0,0
29,94.65,2649.15,91.35000000000001,1,0,1,1,1,0,0,1,0,0,1,0,0,0,0,0,0,0,1,0,1,0,0,0,1,0,0,1,0
9,100.5,918.6,102.06666666666666,1,1,0,0,1,0,1,1,0,0,0,0,0,0,1,0,0,0,1,0,1,0,0,1,0,1,0,0,0
60,84.95,4984.85,83.08083333333335,1,0,0,1,1,0,1,0,0,0,1,0,0,0,1,0,1,0,1,0,1,0,1,1,0,1,0,0,1
27,89.2,2383.6,88.28148148148148,0,0,0,0,1,0,0,1,0,0,0,0,0,0,1,0,1,0,0,0,1,0,0,1,0,1,0,1,0
42,19.35,867.3,20.65,1,0,1,1,1,0,0,0,1,1,0,1,0,1,0,1,0,1,0,1,0,0,1,0,0,0,1,0,1
64,91.8,5960.5,93.1328125,1,0,1,1,1,0,1,1,0,0,1,0,1,0,1,0,0,0,0,0,0,0,0,1,0,1,0,0,1
65,24.75,1715.1,26.386153846153846,1,0,1,1,1,0,1,0,1,1,0,1,0,1,0,1,0,1,0,1,0,0,1,0,1,0,0,0,1
2,70.15,123.8,61.9,0,0,0,0,1,0,0,1,0,0,0,0,0,0,0,0,0,0,0,0,0,0,0,1,0,1,0,0,0
68,44.95,3085.35,45.37279411764706,0,0,0,0,0,1,0,0,0,0,0,0,1,0,0,0,1,0,0,0,1,0,0,0,0,1,0,0,1
70,113.0,7987.6,114.10857142857144,0,1,1,0,1,0,1,1,0,0,1,0,1,0,1,0,1,0,1,0,1,0,1,1,1,0,0,0,1
52,72.95,3829.75,73.64903846153847,1,1,0,0,1,0,1,1,0,0,0,0,0,0,0,0,0,0,0,0,0,0,0,1,0,0,0,0,1
68,70.8,4859.95,71.46985294117647,1,0,1,1,1,0,1,0,0,0,0,0,1,0,0,0,1,0,0,0,1,0,1,0,1,0,0,0,1
70,19.45,1303.5,18.62142857142857,0,0,1,0,1,0,0,0,1,1,0,1,0,1,0,1,0,1,0,1,0,0,1,0,0,0,0,0,1
67,60.5,3870.0,57.76119402985075,0,0,0,0,1,0,0,0,0,0,1,0,1,0,0,0,1,0,0,0,0,1,0,0,1,0,0,0,1
28,85.45,2289.9,81.78214285714286,1,0,1,1,1,0,0,1,0,0,0,0,0,0,1,0,0,0,1,0,0,0,0,0,0,1,0,1,0
24,84.85,2048.8,85.36666666666667,1,0,0,0,1,0,1,1,0,0,0,0,1,0,1,0,0,0,0,0,0,0,0,1,0,0,0,1,0
2,80.15,194.55,97.275,0,0,1,0,1,0,0,1,0,0,1,0,0,0,0,0,1,0,0,0,0,0,0,1,0,1,0,0,0
68,78.45,5333.35,78.43161764705883,0,0,1,1,1,0,1,0,0,0,1,0,1,0,1,0,1,0,0,0,1,1,0,1,0,1,0,0,1
58,86.1,4890.5,84.31896551724138,1,0,1,0,1,0,1,0,0,0,1,0,1,0,1,0,0,0,1,0,1,0,1,1,0,1,0,0,1
25,104.95,2566.5,102.66,0,0,1,0,1,0,1,1,0,0,0,0,0,0,1,0,1,0,1,0,1,0,0,1,0,0,0,1,0
10,35.75,389.8,38.980000000000004,1,0,0,0,0,1,0,0,0,0,0,0,1,0,0,0,1,0,0,0,0,0,0,0,0,1,0,0,0
56,99.75,5608.4,100.14999999999999,0,0,1,1,1,0,1,1,0,0,0,0,1,0,1,0,1,0,0,0,1,1,0,1,1,0,0,0,1
31,90.55,2929.75,94.50806451612904,1,0,1,0,1,0,1,1,0,0,1,0,1,0,0,0,1,0,0,0,0,0,0,1,1,0,0,1,0
63,19.5,1215.1,19.287301587301585,0,0,0,1,1,0,0,0,1,1,0,1,0,1,0,1,0,1,0,1,0,0,1,0,1,0,0,0,1
22,55.15,1193.05,54.22954545454545,1,0,0,0,1,0,0,0,0,0,0,0,1,0,0,0,1,0,0,0,0,1,0,1,1,0,0,1,0
7,20.65,134.05,19.150000000000002,0,0,1,1,1,0,0,0,1,1,0,1,0,1,0,1,0,1,0,1,0,1,0,0,0,0,1,0,0
40,55.8,2109.35,52.73375,0,1,0,0,0,1,0,0,0,0,1,0,1,0,0,0,0,0,1,0,1,0,0,1,0,1,0,0,1
54,79.85,4308.25,79.7824074074074,1,0,0,0,1,0,1,1,0,0,0,0,1,0,0,0,0,0,0,0,0,0,0,1,0,0,0,0,1
43,25.7,1188.2,27.632558139534886,0,0,0,0,1,0,1,0,1,1,0,1,0,1,0,1,0,1,0,1,0,0,1,1,1,0,0,0,1
3,91.5,242.95,80.98333333333333,0,0,1,0,1,0,1,1,0,0,0,0,1,0,0,0,0,0,0,0,1,0,0,1,1,0,0,0,0
14,78.85,1043.8,74.55714285714285,0,1,0,0,1,0,0,1,0,0,1,0,1,0,0,0,0,0,0,0,0,0,0,0,0,1,0,1,0
1,19.65,19.65,19.65,1,0,1,1,1,0,0,0,1,1,0,1,0,1,0,1,0,1,0,1,0,1,0,0,0,0,1,0,0
68,84.65,5683.6,83.58235294117648,1,1,1,1,1,0,1,1,0,0,0,0,1,0,1,0,0,0,0,0,0,0,0,1,0,1,0,0,1
62,20.45,1297.35,20.924999999999997,1,0,1,1,1,0,0,0,1,1,0,1,0,1,0,1,0,1,0,1,0,0,1,0,0,0,0,0,1
63,90.45,5825.5,92.46825396825396,1,0,0,0,1,0,1,1,0,0,0,0,1,0,0,0,0,0,0,0,1,1,0,0,1,0,0,0,1
29,80.1,2211.8,76.26896551724138,1,0,1,1,1,0,1,0,0,0,0,0,1,0,1,0,0,0,1,0,1,0,0,0,1,0,0,1,0
29,87.8,2621.75,90.40517241379311,0,0,1,1,1,0,0,1,0,0,0,0,0,0,0,0,0,0,1,0,1,0,0,1,1,0,0,1,0
23,44.95,996.85,43.34130434782609,0,0,0,0,0,1,0,0,0,0,0,0,0,0,0,0,0,0,1,0,1,0,0,1,0,1,0,1,0
2,80.55,188.1,94.05,0,0,0,1,1,0,1,1,0,0,1,0,0,0,0,0,0,0,0,0,0,0,0,0,1,0,0,0,0
8,80.0,624.6,78.075,0,0,0,0,1,0,0,1,0,0,0,0,0,0,0,0,0,0,1,0,0,0,0,1,0,0,0,0,0
36,80.4,2937.65,81.60138888888889,0,0,1,0,1,0,0,1,0,0,0,0,0,0,0,0,0,0,0,0,1,0,0,0,0,1,0,1,0
66,104.9,6891.45,104.41590909090908,0,1,1,1,1,0,1,1,0,0,0,0,1,0,1,0,0,0,1,0,1,1,0,1,0,1,0,0,1
16,89.45,1430.25,89.390625,0,0,1,1,1,0,0,1,0,0,0,0,1,0,1,0,0,0,1,0,0,0,0,1,1,0,0,1,0
0,61.9,0.0,61.9,1,0,0,1,1,0,1,0,0,0,1,0,1,0,0,0,1,0,0,0,0,0,1,1,0,0,0,0,0
65,85.75,5688.45,87.51461538461538,1,1,1,1,1,0,1,1,0,0,1,0,1,0,0,0,0,0,0,0,0,0,0,1,0,1,0,0,1
49,103.0,5166.2,105.43265306122449,0,1,0,0,1,0,1,1,0,0,1,0,1,0,1,0,1,0,0,0,1,1,0,0,0,0,0,0,1
9,91.75,865.8,96.19999999999999,0,0,1,0,1,0,1,1,0,0,1,0,1,0,1,0,0,0,0,0,0,0,0,0,0,0,0,0,0
29,85.8,2440.25,84.14655172413794,1,0,1,0,1,0,1,1,0,0,0,0,1,0,1,0,0,0,0,0,0,0,0,1,0,1,0,1,0
1,76.4,76.4,76.4,0,1,1,0,1,0,0,1,0,0,0,0,1,0,0,0,0,0,0,0,0,0,0,1,0,0,1,0,0
23,94.75,2293.6,99.72173913043478,0,1,0,0,1,0,0,1,0,0,0,0,1,0,0,0,0,0,1,0,1,0,0,1,0,1,0,1,0
72,84.05,6052.25,84.05902777777777,0,0,1,0,1,0,1,1,0,0,1,0,1,0,0,0,0,0,0,0,0,0,1,1,0,0,0,0,1
65,19.55,1218.65,18.74846153846154,1,0,0,0,1,0,0,0,1,1,0,1,0,1,0,1,0,1,0,1,0,0,1,1,1,0,0,0,1
9,102.6,897.75,99.75,1,0,1,1,1,0,1,1,0,0,0,0,1,0,1,0,0,0,1,0,1,0,0,1,1,0,0,0,0
27,104.3,2867.75,106.21296296296296,0,1,1,0,1,0,1,1,0,0,1,0,0,0,0,0,1,0,1,0,1,0,0,1,0,0,0,1,0
71,56.45,3985.35,56.131690140845066,1,1,0,0,0,1,0,0,0,0,1,0,1,0,0,0,0,0,1,0,1,1,0,1,0,1,0,0,1
24,19.7,494.05,20.585416666666667,0,0,1,1,1,0,0,0,1,1,0,1,0,1,0,1,0,1,0,1,0,0,1,1,0,0,1,1,0
64,25.65,1740.8,27.2,1,1,1,0,1,0,1,0,1,1,0,1,0,1,0,1,0,1,0,1,0,0,1,0,1,0,0,0,1
72,61.2,4390.25,60.97569444444444,1,0,0,0,0,1,0,0,0,0,1,0,0,0,1,0,1,0,1,0,1,0,1,1,1,0,0,0,1
58,82.5,4828.05,83.24224137931034,1,0,1,1,1,0,1,1,0,0,0,0,0,0,0,0,0,0,1,0,0,0,1,0,0,0,0,0,1
17,54.6,934.8,54.98823529411764,1,0,1,0,0,1,0,0,0,0,0,0,0,0,1,0,1,0,1,0,1,1,0,0,0,1,0,1,0
5,80.1,398.55,79.71000000000001,1,0,0,0,1,0,0,1,0,0,0,0,0,0,0,0,0,0,1,0,0,0,0,1,0,0,1,0,0
61,68.05,4158.25,68.16803278688525,1,0,1,1,1,0,0,0,0,0,1,0,1,0,1,0,1,0,0,0,0,0,1,1,0,0,0,0,1
69,87.3,6055.55,87.76159420289855,0,1,1,0,1,0,0,1,0,0,1,0,1,0,0,0,0,0,0,0,1,1,0,0,1,0,0,0,1
50,114.35,5791.1,115.822,1,0,0,0,1,0,1,1,0,0,1,0,1,0,1,0,1,0,1,0,1,1,0,0,1,0,0,0,1
45,24.65,1171.3,26.028888888888886,0,0,1,1,1,0,1,0,1,1,0,1,0,1,0,1,0,1,0,1,0,0,1,1,1,0,0,0,1
10,19.8,196.75,19.675,0,0,1,1,1,0,0,0,1,1,0,1,0,1,0,1,0,1,0,1,0,0,0,1,0,0,0,0,0
29,84.45,2467.1,85.07241379310345,1,0,1,0,1,0,1,1,0,0,1,0,1,0,0,0,0,0,0,0,0,0,0,1,0,1,0,1,0
66,105.95,6975.25,105.68560606060606,0,1,1,0,1,0,1,1,0,0,0,0,0,0,1,0,1,0,1,0,1,1,0,1,1,0,0,0,1
12,20.05,264.55,22.045833333333334,0,0,1,0,1,0,0,0,1,1,0,1,0,1,0,1,0,1,0,1,0,0,1,1,0,1,0,0,0
58,24.35,1423.85,24.54913793103448,0,0,0,0,1,0,1,0,1,1,0,1,0,1,0,1,0,1,0,1,0,0,1,0,1,0,0,0,1
8,66.25,546.45,68.30625,1,0,0,0,1,0,0,0,0,0,0,0,0,0,0,0,0,0,1,0,1,0,0,1,0,1,0,0,0
54,24.05,1230.9,22.794444444444448,1,0,1,1,1,0,1,0,1,1,0,1,0,1,0,1,0,1,0,1,0,0,1,1,0,0,0,0,1
42,84.35,3571.6,85.03809523809524,0,0,1,0,1,0,1,0,0,0,1,0,0,0,1,0,1,0,1,0,1,0,1,0,1,0,0,0,1
38,99.25,3777.15,99.39868421052631,1,0,0,1,1,0,1,1,0,0,0,0,0,0,1,0,0,0,1,0,1,0,0,1,0,0,0,0,1
12,84.45,1059.55,88.29583333333333,1,0,0,0,1,0,1,1,0,0,0,0,0,0,0,0,0,0,1,0,0,0,0,1,0,1,0,0,0
14,80.05,1112.3,79.45,0,0,0,0,1,0,0,1,0,0,0,0,1,0,0,0,1,0,0,0,0,0,0,1,1,0,0,1,0
68,88.0,6161.9,90.61617647058823,0,0,1,1,1,0,1,0,0,0,1,0,1,0,1,0,1,0,1,0,1,0,1,0,1,0,0,0,1
9,76.85,663.55,73.72777777777777,0,0,0,0,1,0,1,1,0,0,0,0,0,0,0,0,0,0,0,0,0,0,0,1,0,1,0,0,0
6,83.55,477.55,79.59166666666667,1,0,1,1,1,0,0,1,0,0,0,0,1,0,0,0,0,0,0,0,1,0,0,1,1,0,0,0,0
67,90.6,6056.15,90.39029850746267,1,0,1,0,1,0,0,1,0,0,1,0,1,0,0,0,0,0,0,0,1,1,0,1,1,0,0,0,1
52,106.5,5621.85,108.11250000000001,0,1,1,0,1,0,1,1,0,0,0,0,1,0,1,0,0,0,1,0,1,1,0,1,0,1,0,0,1
40,80.0,3168.75,79.21875,1,0,1,0,1,0,0,1,0,0,0,0,1,0,1,0,0,0,0,0,0,0,0,1,0,1,0,0,1
1,69.95,69.95,69.95,0,0,0,0,1,0,0,1,0,0,0,0,0,0,0,0,0,0,0,0,0,0,0,1,0,0,1,0,0
10,95.1,865.1,86.51,1,0,0,0,1,0,0,1,0,0,0,0,0,0,0,0,1,0,1,0,1,0,0,1,1,0,0,0,0
42,25.25,1108.2,26.385714285714286,0,0,1,0,1,0,1,0,1,1,0,1,0,1,0,1,0,1,0,1,0,0,1,0,0,1,0,0,1
20,71.3,1389.2,69.46000000000001,1,1,0,0,1,0,0,1,0,0,0,0,0,0,0,0,0,0,0,0,0,0,0,0,1,0,0,1,0
46,19.95,907.05,19.718478260869563,1,0,0,0,1,0,0,0,1,1,0,1,0,1,0,1,0,1,0,1,0,0,1,0,0,1,0,0,1
7,96.2,639.7,91.38571428571429,1,0,0,0,1,0,1,1,0,0,0,0,0,0,0,0,0,0,1,0,1,0,0,0,0,1,0,0,0
70,25.15,1790.15,25.57357142857143,1,0,1,1,1,0,1,0,1,1,0,1,0,1,0,1,0,1,0,1,0,0,1,0,1,0,0,0,1
66,102.4,6471.85,98.05833333333334,0,1,0,0,1,0,1,1,0,0,1,0,0,0,0,0,0,0,1,0,1,0,1,1,0,0,0,0,1
16,90.8,1442.2,90.1375,1,0,1,1,1,0,1,1,0,0,0,0,0,0,1,0,0,0,1,0,0,0,0,1,0,0,0,1,0
22,25.25,555.4,25.245454545454546,0,0,1,1,1,0,1,0,1,1,0,1,0,1,0,1,0,1,0,1,0,0,1,0,1,0,0,1,0
1,69.65,69.65,69.65,0,1,0,0,1,0,0,1,0,0,0,0,0,0,0,0,0,0,0,0,0,0,0,1,0,1,0,0,0
3,30.75,82.85,27.616666666666664,0,1,1,0,0,1,0,0,0,0,0,0,1,0,0,0,0,0,0,0,0,0,0,1,0,1,0,0,0
11,55.6,580.8,52.8,0,1,0,0,1,0,1,0,0,0,1,0,0,0,0,0,0,0,0,0,0,0,0,1,0,1,0,0,0
2,20.0,40.9,20.45,0,0,0,0,1,0,0,0,1,1,0,1,0,1,0,1,0,1,0,1,0,0,0,1,0,0,1,0,0
17,93.85,1625.65,95.62647058823529,1,0,0,0,1,0,0,1,0,0,1,0,0,0,0,0,0,0,1,0,1,0,0,0,0,1,0,1,0
1,70.1,70.1,70.1,0,0,0,0,1,0,0,1,0,0,0,0,0,0,0,0,0,0,0,0,0,0,0,1,0,1,0,0,0
1,20.2,20.2,20.2,1,0,0,0,1,0,0,0,1,1,0,1,0,1,0,1,0,1,0,1,0,0,0,0,0,0,1,0,0
1,44.0,44.0,44.0,1,0,0,1,1,0,0,0,0,0,0,0,0,0,0,0,0,0,0,0,0,0,0,0,0,1,0,0,0
64,24.7,1642.75,25.66796875,0,0,0,0,1,0,1,0,1,1,0,1,0,1,0,1,0,1,0,1,0,1,0,0,0,0,1,0,1
2,78.55,149.55,74.775,0,1,0,0,1,0,1,1,0,0,0,0,0,0,1,0,0,0,0,0,0,0,0,1,0,1,0,0,0
1,80.3,80.3,80.3,1,1,1,0,1,0,1,1,0,0,1,0,0,0,0,0,0,0,0,0,0,0,0,1,0,1,0,0,0
72,53.8,3952.45,54.89513888888889,0,0,1,1,0,1,0,0,0,0,1,0,0,0,1,0,0,0,1,0,1,0,1,1,1,0,0,0,1
72,116.95,8594.4,119.36666666666666,1,0,1,0,1,0,1,1,0,0,1,0,1,0,1,0,1,0,1,0,1,0,1,1,1,0,0,0,1
67,67.85,4627.65,69.06940298507462,1,0,1,1,1,0,0,0,0,0,1,0,0,0,1,0,1,0,0,0,1,0,1,0,0,0,1,0,1
72,73.45,5329.0,74.01388888888889,1,1,1,0,1,0,1,0,0,0,0,0,0,0,1,0,0,0,1,0,1,0,1,1,1,0,0,0,1
65,108.8,7082.45,108.96076923076923,0,1,1,0,1,0,1,1,0,0,0,0,1,0,1,0,0,0,1,0,1,0,0,1,0,0,0,0,1
72,19.75,1567.0,21.76388888888889,0,0,0,1,1,0,0,0,1,1,0,1,0,1,0,1,0,1,0,1,0,0,1,1,0,0,1,0,1
20,89.4,1871.15,93.5575,0,0,0,0,1,0,0,1,0,0,1,0,0,0,1,0,0,0,1,0,0,0,0,1,0,0,0,1,0
2,86.85,156.35,78.175,1,1,1,0,1,0,1,1,0,0,0,0,0,0,0,0,0,0,1,0,0,0,0,1,0,0,1,0,0
70,99.35,6944.5,99.20714285714286,1,0,1,0,1,0,1,1,0,0,1,0,1,0,1,0,0,0,1,0,0,0,1,1,1,0,0,0,1
68,44.8,2983.65,43.87720588235294,1,0,1,1,0,1,0,0,0,0,1,0,1,0,0,0,0,0,1,0,0,1,0,0,0,0,1,0,1
49,88.2,4159.45,84.88673469387754,1,1,1,0,1,0,1,1,0,0,1,0,1,0,1,0,0,0,0,0,0,0,0,1,0,1,0,0,1
68,54.1,3794.5,55.8014705882353,1,0,1,0,0,1,0,0,0,0,1,0,0,0,1,0,0,0,1,0,1,0,1,1,0,0,0,0,1
30,19.7,625.05,20.834999999999997,1,0,0,0,1,0,0,0,1,1,0,1,0,1,0,1,0,1,0,1,0,1,0,0,0,0,1,1,0
34,64.35,2053.05,60.38382352941177,0,0,0,0,1,0,0,0,0,0,1,0,1,0,0,0,0,0,0,0,1,1,0,0,0,1,0,1,0
58,99.25,5846.65,100.80431034482758,0,0,1,1,1,0,0,1,0,0,1,0,1,0,0,0,0,0,1,0,1,1,0,0,1,0,0,0,1
12,21.05,235.8,19.650000000000002,1,0,0,1,1,0,0,0,1,1,0,1,0,1,0,1,0,1,0,1,0,0,0,0,1,0,0,0,0
19,55.0,1046.5,55.078947368421055,1,0,0,0,1,0,0,0,0,0,0,0,0,0,1,0,1,0,0,0,0,0,0,1,1,0,0,1,0
24,89.55,2259.35,94.13958333333333,0,0,0,0,1,0,1,1,0,0,0,0,0,0,0,0,1,0,0,0,1,0,0,1,0,1,0,1,0
22,94.7,1914.9,87.0409090909091,1,0,1,0,1,0,0,1,0,0,0,0,0,0,1,0,0,0,1,0,1,0,0,1,1,0,0,1,0
59,93.85,5574.75,94.48728813559322,1,1,1,0,1,0,1,1,0,0,0,0,0,0,0,0,0,0,1,0,1,0,0,1,0,0,0,0,1
22,25.25,566.5,25.75,1,0,0,0,1,0,1,0,1,1,0,1,0,1,0,1,0,1,0,1,0,0,1,0,0,0,1,1,0
56,54.05,2959.8,52.853571428571435,1,0,1,0,0,1,0,0,0,0,0,0,0,0,1,0,1,0,1,0,1,1,0,1,0,0,0,0,1
32,90.95,2897.95,90.5609375,0,1,0,0,1,0,0,1,0,0,0,0,0,0,0,0,0,0,1,0,1,0,0,0,0,1,0,1,0
1,19.2,19.2,19.2,1,0,0,0,1,0,0,0,1,1,0,1,0,1,0,1,0,1,0,1,0,0,0,0,0,1,0,0,0
72,106.1,7848.5,109.00694444444444,1,0,1,1,1,0,1,1,0,0,1,0,0,0,1,0,0,0,1,0,1,1,0,1,0,0,0,0,1
70,76.1,5264.25,75.20357142857142,1,0,1,0,1,0,1,0,0,0,0,0,1,0,1,0,1,0,1,0,0,0,1,0,1,0,0,0,1
18,99.85,1776.95,98.71944444444445,0,0,0,0,1,0,1,1,0,0,0,0,0,0,0,0,1,0,1,0,1,0,0,1,0,0,0,1,0
70,79.15,5536.5,79.09285714285714,1,0,1,0,1,0,1,0,0,0,1,0,1,0,1,0,1,0,1,0,0,0,1,0,0,0,1,0,1
66,75.1,5013.0,75.95454545454545,1,0,1,1,1,0,0,0,0,0,1,0,1,0,1,0,1,0,1,0,0,1,0,1,0,1,0,0,1
51,34.2,1782.0,34.94117647058823,0,0,1,1,0,1,0,0,0,0,1,0,0,0,0,0,1,0,0,0,0,0,1,0,0,0,0,0,1
6,19.85,138.85,23.141666666666666,1,0,1,1,1,0,0,0,1,1,0,1,0,1,0,1,0,1,0,1,0,0,0,0,1,0,0,0,0
2,93.85,196.75,98.375,1,1,0,0,1,0,1,1,0,0,0,0,0,0,0,0,0,0,1,0,1,0,0,1,0,1,0,0,0
67,50.55,3260.1,48.65820895522388,1,0,0,0,1,0,0,0,0,0,0,0,0,0,0,0,1,0,0,0,0,0,1,0,0,0,0,0,1
3,55.35,165.2,55.06666666666666,0,0,0,0,1,0,0,0,0,0,1,0,1,0,0,0,0,0,0,0,0,0,0,0,0,1,0,0,0
71,19.9,1355.1,19.085915492957746,1,0,0,0,1,0,0,0,1,1,0,1,0,1,0,1,0,1,0,1,0,0,1,1,1,0,0,0,1
17,56.1,946.95,55.70294117647059,1,0,0,0,1,0,0,0,0,0,1,0,1,0,0,0,0,0,0,0,0,1,0,0,0,0,1,1,0
45,100.85,4740.0,105.33333333333333,1,0,0,0,1,0,1,1,0,0,0,0,1,0,0,0,0,0,1,0,1,0,0,1,1,0,0,0,1
8,19.75,145.0,18.125,0,0,1,1,1,0,0,0,1,1,0,1,0,1,0,1,0,1,0,1,0,1,0,1,0,0,1,0,0
71,85.75,6223.8,87.65915492957747,0,0,1,0,1,0,1,0,0,0,1,0,1,0,1,0,1,0,1,0,1,0,1,0,1,0,0,0,1
68,86.45,5762.95,84.74926470588235,0,0,1,0,1,0,1,1,0,0,0,0,1,0,1,0,0,0,0,0,0,1,0,0,1,0,0,0,1
2,80.65,144.15,72.075,0,0,0,0,1,0,0,1,0,0,0,0,0,0,0,0,0,0,1,0,0,0,0,1,0,1,0,0,0
37,19.8,813.3,21.98108108108108,0,0,0,0,1,0,0,0,1,1,0,1,0,1,0,1,0,1,0,1,0,0,1,0,0,0,1,0,1
31,88.65,2683.2,86.55483870967741,1,0,1,0,1,0,1,1,0,0,0,0,0,0,1,0,0,0,1,0,0,0,0,0,1,0,0,1,0
64,103.5,6548.65,102.32265625,1,1,0,0,1,0,1,1,0,0,1,0,1,0,0,0,0,0,1,0,1,0,0,1,0,0,0,0,1
52,80.95,4233.95,81.42211538461538,0,0,0,0,1,0,1,0,0,0,0,0,0,0,1,0,1,0,1,0,1,0,1,1,0,0,0,0,1
54,65.25,3529.95,65.36944444444444,1,1,0,0,1,0,0,0,0,0,0,0,0,0,1,0,1,0,0,0,1,1,0,0,0,0,0,0,1
42,74.15,3229.4,76.89047619047619,0,1,1,0,1,0,0,1,0,0,1,0,0,0,0,0,0,0,0,0,0,0,0,1,1,0,0,0,1
27,19.4,529.8,19.62222222222222,1,0,0,0,1,0,0,0,1,1,0,1,0,1,0,1,0,1,0,1,0,0,0,1,0,1,0,1,0
5,80.7,374.8,74.96000000000001,0,1,0,0,1,0,0,1,0,0,1,0,1,0,0,0,0,0,0,0,0,0,0,0,0,1,0,0,0
71,84.2,5956.85,83.8992957746479,1,0,1,0,1,0,1,0,0,0,0,0,1,0,1,0,1,0,1,0,1,0,1,0,1,0,0,0,1
7,89.35,631.85,90.26428571428572,1,0,0,0,1,0,1,1,0,0,0,0,0,0,1,0,0,0,1,0,0,0,0,1,1,0,0,0,0
4,29.15,110.05,27.5125,0,0,0,0,0,1,0,0,0,0,1,0,0,0,0,0,0,0,0,0,0,0,0,1,0,0,1,0,0
9,59.9,542.4,60.266666666666666,1,0,0,0,1,0,1,0,0,0,0,0,0,0,0,0,0,0,0,0,1,0,0,0,0,0,1,0,0
72,108.65,7726.35,107.31041666666667,0,0,1,1,1,0,0,1,0,0,1,0,1,0,1,0,1,0,1,0,1,0,1,1,0,0,0,0,1
62,84.95,5150.55,83.0733870967742,0,0,1,0,1,0,1,0,0,0,1,0,1,0,0,0,1,0,1,0,1,0,1,1,0,1,0,0,1
71,23.9,1626.4,22.907042253521126,1,0,1,1,1,0,1,0,1,1,0,1,0,1,0,1,0,1,0,1,0,0,1,0,1,0,0,0,1
14,89.95,1178.4,84.17142857142858,1,0,0,0,1,0,1,1,0,0,0,0,0,0,0,0,1,0,1,0,0,0,0,1,0,1,0,1,0
2,70.35,120.25,60.125,0,0,1,0,1,0,0,1,0,0,0,0,0,0,0,0,0,0,0,0,0,0,0,1,0,1,0,0,0
48,103.85,4946.05,103.04270833333334,0,0,0,0,1,0,1,1,0,0,0,0,0,0,1,0,1,0,1,0,1,0,0,1,0,1,0,0,1
72,112.75,8192.6,113.78611111111111,0,0,0,0,1,0,1,1,0,0,1,0,1,0,1,0,1,0,1,0,1,0,1,1,1,0,0,0,1
19,34.95,610.2,32.11578947368421,1,0,1,1,0,1,0,0,0,0,1,0,1,0,0,0,0,0,0,0,0,0,0,1,0,0,1,1,0
18,50.3,908.75,50.486111111111114,0,0,1,0,1,0,0,0,0,0,0,0,0,0,0,0,1,0,0,0,0,0,0,1,0,0,1,1,0
54,80.6,4299.95,79.6287037037037,0,0,0,0,1,0,0,0,0,0,1,0,0,0,1,0,1,0,1,0,1,0,1,0,0,1,0,0,1
33,107.55,3645.5,110.46969696969697,0,0,0,0,1,0,1,1,0,0,0,0,1,0,1,0,0,0,1,0,1,0,0,0,0,1,0,1,0
6,78.65,483.3,80.55,1,0,0,0,1,0,0,0,0,0,1,0,0,0,1,0,1,0,1,0,1,0,0,0,1,0,0,0,0
57,49.9,2782.4,48.8140350877193,0,0,1,0,0,1,0,0,0,0,1,0,0,0,1,0,1,0,0,0,1,0,0,1,0,0,0,0,1
17,20.5,365.8,21.51764705882353,1,0,0,0,1,0,0,0,1,1,0,1,0,1,0,1,0,1,0,1,0,1,0,1,0,0,1,1,0
1,74.3,74.3,74.3,0,0,0,0,1,0,0,1,0,0,0,0,1,0,0,0,0,0,0,0,0,0,0,1,1,0,0,0,0
1,20.35,20.35,20.35,0,0,1,1,1,0,0,0,1,1,0,1,0,1,0,1,0,1,0,1,0,0,1,0,0,0,1,0,0
57,19.6,1170.55,20.5359649122807,1,0,0,1,1,0,0,0,1,1,0,1,0,1,0,1,0,1,0,1,0,0,1,1,0,0,1,0,1
1,19.7,19.7,19.7,1,0,0,0,1,0,0,0,1,1,0,1,0,1,0,1,0,1,0,1,0,0,0,0,0,0,1,0,0
39,89.55,3474.45,89.08846153846153,0,0,1,1,1,0,1,1,0,0,0,0,1,0,1,0,1,0,0,0,0,1,0,1,0,1,0,0,1
33,68.25,2171.15,65.79242424242425,1,0,0,0,1,0,0,1,0,0,0,0,0,0,0,0,0,0,0,0,0,0,0,0,0,1,0,1,0
60,95.4,5812.0,96.86666666666666,1,0,1,1,1,0,1,1,0,0,1,0,0,0,1,0,0,0,1,0,0,1,0,1,0,0,0,0,1
24,93.15,2231.05,92.96041666666667,1,1,1,0,1,0,0,1,0,0,0,0,0,0,1,0,0,0,1,0,1,0,0,1,0,1,0,1,0
33,80.1,2603.3,78.88787878787879,1,0,0,0,1,0,1,1,0,0,1,0,0,0,0,0,0,0,0,0,0,1,0,0,0,0,0,1,0
70,105.55,7195.35,102.79071428571429,0,1,1,0,1,0,1,1,0,0,0,0,1,0,0,0,1,0,1,0,1,1,0,1,0,0,0,0,1
36,95.0,3440.25,95.5625,1,0,1,0,1,0,1,1,0,0,0,0,0,0,0,0,0,0,1,0,1,0,0,1,0,0,0,1,0
72,108.5,8003.8,111.16388888888889,0,0,1,0,1,0,1,1,0,0,0,0,1,0,1,0,1,0,1,0,1,1,0,1,0,0,0,0,1
1,79.2,79.2,79.2,0,1,0,0,1,0,0,1,0,0,0,0,0,0,0,0,0,0,1,0,0,0,0,1,0,1,0,0,0
3,50.15,160.85,53.61666666666667,1,0,0,0,1,0,0,0,0,0,1,0,0,0,0,0,0,0,0,0,0,0,0,1,0,0,1,0,0
1,20.0,20.0,20.0,0,0,1,1,1,0,0,0,1,1,0,1,0,1,0,1,0,1,0,1,0,0,0,0,0,1,0,0,0
56,76.85,4275.75,76.35267857142857,0,1,1,0,1,0,1,1,0,0,0,0,0,0,0,0,1,0,0,0,0,0,0,1,0,0,0,0,1
66,95.3,6273.4,95.05151515151515,1,0,1,0,1,0,1,1,0,0,0,0,1,0,1,0,0,0,0,0,1,1,0,0,0,1,0,0,1
57,104.9,5913.95,103.75350877192982,1,1,0,0,1,0,1,1,0,0,0,0,1,0,0,0,1,0,1,0,1,0,0,1,0,0,0,0,1
62,84.45,4959.15,79.98629032258064,0,1,0,0,1,0,1,1,0,0,0,0,0,0,0,0,0,0,1,0,0,1,0,0,0,1,0,0,1
7,19.4,168.65,24.092857142857145,1,0,0,0,1,0,0,0,1,1,0,1,0,1,0,1,0,1,0,1,0,0,0,1,0,0,1,0,0
24,54.15,1240.25,51.677083333333336,0,0,0,0,0,1,0,0,0,0,0,0,1,0,1,0,0,0,1,0,1,0,0,1,1,0,0,1,0
60,19.95,1258.15,20.96916666666667,1,0,1,0,1,0,0,0,1,1,0,1,0,1,0,1,0,1,0,1,0,0,1,0,0,0,1,0,1
63,63.55,4014.2,63.717460317460315,0,0,1,1,1,0,0,0,0,0,1,0,1,0,1,0,1,0,0,0,0,0,1,0,0,0,1,0,1
55,103.65,5676.65,103.21181818181817,0,0,1,0,1,0,1,1,0,0,0,0,1,0,1,0,0,0,1,0,1,0,0,1,1,0,0,0,1
68,110.2,7467.5,109.81617647058823,1,0,1,1,1,0,1,1,0,0,1,0,1,0,1,0,0,0,1,0,1,0,1,1,0,1,0,0,1
23,20.75,485.2,21.09565217391304,1,1,1,0,1,0,0,0,1,1,0,1,0,1,0,1,0,1,0,1,0,1,0,1,0,1,0,1,0
28,74.9,2068.55,73.87678571428572,1,0,0,1,1,0,0,1,0,0,1,0,0,0,0,0,0,0,0,0,0,0,0,1,0,0,0,1,0
71,84.4,5969.3,84.07464788732395,0,0,1,0,1,0,0,0,0,0,1,0,1,0,1,0,1,0,1,0,1,0,1,1,1,0,0,0,1
64,20.05,1198.05,18.71953125,1,1,0,0,1,0,0,0,1,1,0,1,0,1,0,1,0,1,0,1,0,0,1,1,0,0,0,0,1
18,77.8,1358.6,75.47777777777777,0,0,0,0,1,0,0,1,0,0,0,0,1,0,1,0,0,0,0,0,0,0,0,0,0,1,0,1,0
6,89.75,552.65,92.10833333333333,0,0,0,0,1,0,1,1,0,0,0,0,1,0,0,0,0,0,1,0,0,0,0,1,0,1,0,0,0
9,85.05,746.5,82.94444444444444,1,1,0,0,1,0,1,1,0,0,0,0,0,0,0,0,0,0,0,0,1,0,0,1,0,1,0,0,0
18,90.1,1612.75,89.59722222222223,0,0,0,0,1,0,1,1,0,0,0,0,0,0,0,0,1,0,0,0,1,0,0,1,0,1,0,1,0
59,79.85,4786.1,81.12033898305086,0,0,0,0,1,0,1,0,0,0,1,0,1,0,1,0,1,0,0,0,1,1,0,0,1,0,0,0,1
1,20.2,20.2,20.2,1,0,0,0,1,0,0,0,1,1,0,1,0,1,0,1,0,1,0,1,0,0,0,1,0,0,1,0,0
71,100.45,7159.7,100.84084507042253,0,0,1,1,1,0,1,1,0,0,1,0,0,0,1,0,1,0,0,0,1,0,1,0,0,1,0,0,1
12,78.1,947.3,78.94166666666666,0,0,0,0,1,0,0,1,0,0,0,0,0,0,0,0,0,0,0,0,1,0,0,0,0,0,0,0,0
17,96.65,1588.25,93.42647058823529,1,0,1,0,1,0,0,1,0,0,0,0,0,0,1,0,0,0,1,0,1,1,0,1,0,0,0,1,0
38,24.85,955.75,25.151315789473685,1,1,1,0,0,1,0,0,0,0,0,0,0,0,0,0,0,0,0,0,0,0,0,1,0,1,0,0,1
22,20.15,419.9,19.086363636363636,1,0,1,1,1,0,0,0,1,1,0,1,0,1,0,1,0,1,0,1,0,1,0,0,0,0,1,1,0
7,19.3,144.95,20.707142857142856,0,0,0,0,1,0,0,0,1,1,0,1,0,1,0,1,0,1,0,1,0,0,0,0,0,0,1,0,0
71,71.1,5224.95,73.59084507042253,0,0,1,1,1,0,1,0,0,0,1,0,1,0,1,0,1,0,0,0,0,0,1,0,0,0,1,0,1
43,91.65,3954.1,91.95581395348837,0,0,0,0,1,0,0,1,0,0,0,0,1,0,1,0,0,0,1,0,0,0,0,1,0,1,0,0,1
17,25.1,382.8,22.51764705882353,1,0,0,0,0,1,0,0,0,0,0,0,0,0,0,0,0,0,0,0,0,0,0,0,1,0,0,1,0
6,84.35,474.9,79.14999999999999,0,1,1,0,1,0,1,1,0,0,0,0,0,0,0,0,0,0,0,0,1,0,0,1,0,1,0,0,0
9,88.4,788.6,87.62222222222222,0,0,0,0,1,0,0,1,0,0,0,0,0,0,0,0,0,0,1,0,1,0,0,1,0,0,1,0,0
64,105.65,6903.1,107.8609375,1,0,0,0,1,0,1,1,0,0,0,0,1,0,0,0,1,0,1,0,1,1,0,1,1,0,0,0,1
72,79.35,5753.25,79.90625,1,0,1,0,1,0,0,0,0,0,1,0,1,0,0,0,1,0,1,0,1,0,1,1,0,0,0,0,1
28,89.9,2433.5,86.91071428571429,0,0,1,0,1,0,0,1,0,0,0,0,1,0,1,0,0,0,0,0,1,0,0,0,1,0,0,1,0
5,80.6,415.55,83.11,1,0,0,0,1,0,0,1,0,0,0,0,0,0,0,0,0,0,1,0,0,0,0,1,0,1,0,0,0
72,84.3,5997.1,83.29305555555555,1,0,0,0,1,0,1,0,0,0,1,0,0,0,1,0,1,0,1,0,1,0,1,0,1,0,0,0,1
1,19.55,19.55,19.55,0,0,0,0,1,0,0,0,1,1,0,1,0,1,0,1,0,1,0,1,0,0,0,0,0,0,1,0,0
51,29.45,1459.35,28.61470588235294,1,1,1,0,0,1,0,0,0,0,0,0,1,0,0,0,0,0,0,0,0,0,0,1,1,0,0,0,1
35,95.5,3418.2,97.66285714285713,1,0,0,0,1,0,1,1,0,0,0,0,0,0,1,0,1,0,1,0,0,0,0,0,0,1,0,1,0
2,80.2,146.05,73.025,0,0,0,0,1,0,0,1,0,0,0,0,0,0,0,0,0,0,1,0,0,0,0,1,0,1,0,0,0
10,45.25,428.7,42.87,0,0,0,0,1,0,0,0,0,0,0,0,0,0,0,0,0,0,0,0,0,0,0,0,0,0,1,0,0
30,82.05,2570.2,85.67333333333333,1,0,1,1,1,0,0,1,0,0,0,0,1,0,1,0,0,0,0,0,0,0,0,0,0,0,0,1,0
43,50.2,2169.4,50.45116279069768,0,0,1,1,1,0,0,0,0,0,0,0,1,0,0,0,0,0,0,0,0,0,0,0,0,0,1,0,1
35,100.25,3527.6,100.78857142857143,0,0,0,0,1,0,1,1,0,0,0,0,0,0,1,0,0,0,1,0,1,0,0,1,0,1,0,1,0
27,19.15,501.35,18.56851851851852,0,0,0,0,1,0,0,0,1,1,0,1,0,1,0,1,0,1,0,1,0,1,0,0,0,0,1,1,0
53,90.8,4921.2,92.85283018867923,0,0,0,0,1,0,1,1,0,0,1,0,1,0,1,0,0,0,0,0,0,0,0,0,0,1,0,0,1
27,70.55,1943.9,71.9962962962963,1,1,1,0,1,0,0,1,0,0,0,0,0,0,0,0,0,0,0,0,0,0,0,1,0,1,0,1,0
72,109.25,8109.8,112.63611111111112,0,0,1,0,1,0,1,1,0,0,0,0,1,0,1,0,1,0,1,0,1,1,0,1,0,1,0,0,1
3,24.75,66.95,22.316666666666666,1,0,0,0,0,1,0,0,0,0,0,0,0,0,0,0,0,0,0,0,0,0,0,0,0,1,0,0,0
45,87.25,3941.7,87.59333333333333,0,0,0,0,1,0,1,1,0,0,0,0,0,0,1,0,1,0,0,0,0,0,0,1,0,1,0,0,1
67,94.1,6302.8,94.07164179104478,0,0,1,1,1,0,1,1,0,0,0,0,1,0,0,0,1,0,1,0,0,0,1,0,1,0,0,0,1
49,99.4,5025.0,102.55102040816327,0,0,1,0,1,0,0,1,0,0,0,0,1,0,1,0,0,0,1,0,1,0,0,0,0,1,0,0,1
2,19.65,31.2,15.6,1,0,0,0,1,0,0,0,1,1,0,1,0,1,0,1,0,1,0,1,0,0,0,1,0,1,0,0,0
1,45.1,45.1,45.1,1,0,0,0,1,0,0,0,0,0,0,0,0,0,0,0,0,0,0,0,0,0,0,1,0,0,0,0,0
38,81.85,3141.7,82.67631578947368,1,0,0,1,1,0,1,1,0,0,0,0,1,0,0,0,0,0,0,0,0,0,0,1,0,0,1,0,1
3,95.1,307.4,102.46666666666665,0,0,0,0,1,0,0,1,0,0,0,0,1,0,0,0,0,0,1,0,1,0,0,1,0,1,0,0,0
13,45.55,597.0,45.92307692307692,1,0,0,0,0,1,0,0,0,0,1,0,0,0,0,0,1,0,1,0,0,0,0,1,1,0,0,1,0
25,95.15,2395.7,95.82799999999999,0,0,1,0,1,0,0,1,0,0,0,0,0,0,0,0,1,0,1,0,1,0,0,1,0,1,0,1,0
50,104.4,5232.9,104.65799999999999,0,0,1,0,1,0,1,1,0,0,1,0,0,0,1,0,0,0,1,0,1,1,0,1,0,0,1,0,1
2,59.5,130.5,65.25,1,0,1,1,1,0,0,0,0,0,1,0,1,0,0,0,1,0,0,0,0,0,1,0,0,0,1,0,0
16,86.6,1281.0,80.0625,1,1,0,0,1,0,1,1,0,0,0,0,0,0,0,0,0,0,1,0,0,0,0,1,0,1,0,1,0
60,110.0,6668.35,111.13916666666667,0,1,1,0,1,0,0,1,0,0,1,0,1,0,1,0,1,0,1,0,1,0,1,1,0,0,0,0,1
68,105.75,7322.5,107.68382352941177,1,0,1,1,1,0,0,1,0,0,0,0,1,0,1,0,1,0,1,0,1,1,0,0,1,0,0,0,1
43,33.45,1500.25,34.88953488372093,0,1,0,0,0,1,0,0,0,0,1,0,1,0,0,0,0,0,0,0,0,0,0,1,1,0,0,0,1
17,66.7,1077.05,63.35588235294117,1,0,1,1,1,0,1,0,0,0,0,0,1,0,1,0,1,0,0,0,0,0,0,1,0,0,1,1,0
56,80.3,4513.65,80.60089285714285,0,0,1,0,1,0,0,1,0,0,1,0,0,0,1,0,0,0,0,0,0,0,1,0,0,0,0,0,1
1,40.1,40.1,40.1,0,0,1,1,0,1,0,0,0,0,0,0,0,0,0,0,1,0,1,0,0,0,0,0,0,1,0,0,0
72,118.75,8672.45,120.45069444444445,0,0,1,1,1,0,1,1,0,0,1,0,1,0,1,0,1,0,1,0,1,0,1,1,0,0,0,0,1
15,19.9,320.45,21.363333333333333,0,0,0,0,1,0,0,0,1,1,0,1,0,1,0,1,0,1,0,1,0,0,0,0,0,0,1,1,0
30,25.35,723.3,24.11,1,0,0,1,1,0,1,0,1,1,0,1,0,1,0,1,0,1,0,1,0,1,0,0,0,0,0,1,0
22,39.2,849.9,38.63181818181818,0,0,1,1,0,1,0,0,0,0,0,0,1,0,0,0,0,0,1,0,0,0,0,0,0,1,0,1,0
48,102.5,4904.25,102.171875,0,0,0,0,1,0,0,1,0,0,1,0,0,0,1,0,1,0,1,0,1,0,1,1,1,0,0,0,1
5,69.35,341.6,68.32000000000001,0,1,1,0,1,0,0,1,0,0,0,0,0,0,0,0,0,0,0,0,0,0,0,1,0,1,0,0,0
19,20.5,398.55,20.976315789473684,0,0,0,1,1,0,0,0,1,1,0,1,0,1,0,1,0,1,0,1,0,0,1,0,0,0,1,1,0
28,54.3,1546.3,55.225,0,0,0,0,1,0,0,0,0,0,1,0,0,0,0,0,1,0,0,0,0,1,0,0,0,0,1,1,0
54,65.3,3512.9,65.0537037037037,1,0,0,0,1,0,0,0,0,0,1,0,1,0,0,0,0,0,1,0,0,0,1,1,0,0,0,0,1
24,70.0,1732.6,72.19166666666666,1,1,0,0,1,0,0,1,0,0,0,0,0,0,0,0,0,0,0,0,0,0,0,0,1,0,0,1,0
39,19.35,779.2,19.97948717948718,1,0,0,1,1,0,0,0,1,1,0,1,0,1,0,1,0,1,0,1,0,1,0,0,0,0,0,0,1
28,19.55,543.8,19.42142857142857,0,0,1,1,1,0,0,0,1,1,0,1,0,1,0,1,0,1,0,1,0,0,0,1,0,0,0,1,0
18,73.55,1359.45,75.525,0,1,0,0,1,0,0,1,0,0,0,0,1,0,0,0,0,0,0,0,0,0,0,1,0,1,0,1,0
33,93.35,3092.0,93.6969696969697,1,0,1,0,1,0,1,1,0,0,0,0,1,0,1,0,0,0,0,0,1,0,0,1,0,1,0,1,0
43,85.1,3662.25,85.1686046511628,0,0,0,0,1,0,1,0,0,0,0,0,1,0,1,0,1,0,1,0,1,1,0,0,1,0,0,0,1
71,77.55,5574.35,78.51197183098591,0,0,1,1,1,0,0,0,0,0,1,0,0,0,1,0,0,0,1,0,1,0,1,0,1,0,0,0,1
11,44.05,483.7,43.97272727272727,0,0,1,0,1,0,0,0,0,0,0,0,0,0,0,0,0,0,0,0,0,0,0,1,0,1,0,0,0
16,49.45,799.0,49.9375,1,0,0,0,1,0,0,0,0,0,0,0,0,0,0,0,1,0,0,0,0,0,0,1,0,0,1,1,0
3,76.1,257.6,85.86666666666667,0,0,0,0,1,0,1,1,0,0,0,0,0,0,0,0,0,0,0,0,0,0,0,0,0,1,0,0,0
63,67.25,4234.15,67.20873015873015,1,0,1,0,1,0,1,0,0,0,0,0,1,0,0,0,1,0,0,0,1,0,1,0,0,0,1,0,1
18,20.25,401.95,22.330555555555556,0,0,1,1,1,0,0,0,1,1,0,1,0,1,0,1,0,1,0,1,0,0,0,1,0,0,1,1,0
64,111.45,7266.95,113.54609375,0,0,1,1,1,0,1,1,0,0,0,0,1,0,1,0,1,0,1,0,1,1,0,1,0,1,0,0,1
53,54.9,3045.75,57.466981132075475,1,0,0,0,0,1,0,0,0,0,0,0,0,0,1,0,1,0,1,0,1,1,0,0,1,0,0,0,1
47,20.15,1046.2,22.25957446808511,0,0,0,0,1,0,0,0,1,1,0,1,0,1,0,1,0,1,0,1,0,0,1,0,0,0,1,0,1
24,70.3,1706.45,71.10208333333334,1,0,1,1,1,0,0,0,0,0,1,0,1,0,0,0,1,0,0,0,1,0,0,1,1,0,0,1,0
22,40.05,880.2,40.00909090909091,1,1,1,1,0,1,0,0,0,0,1,0,0,0,0,0,0,0,0,0,1,0,0,0,0,0,1,1,0
1,19.9,19.9,19.9,1,0,1,1,1,0,0,0,1,1,0,1,0,1,0,1,0,1,0,1,0,0,0,0,0,0,1,0,0
12,98.9,1120.95,93.41250000000001,0,0,0,0,1,0,0,1,0,0,1,0,0,0,0,0,1,0,1,0,1,0,0,1,0,0,0,0,0
43,75.2,3198.6,74.38604651162791,1,0,0,0,1,0,0,1,0,0,1,0,0,0,0,0,0,0,0,0,0,0,0,1,0,1,0,0,1
20,88.7,1761.45,88.0725,1,0,0,0,1,0,1,1,0,0,0,0,0,0,1,0,0,0,1,0,0,0,0,1,0,1,0,1,0
24,101.25,2440.15,101.67291666666667,1,1,0,0,1,0,1,1,0,0,0,0,1,0,0,0,0,0,1,0,1,0,0,1,0,1,0,1,0
48,19.95,936.7,19.514583333333334,0,0,0,1,1,0,0,0,1,1,0,1,0,1,0,1,0,1,0,1,0,1,0,0,0,0,1,0,1
62,70.75,4263.45,68.76532258064516,0,0,1,1,1,0,0,0,0,0,1,0,0,0,1,0,1,0,1,0,0,1,0,1,0,0,0,0,1
17,55.85,937.5,55.14705882352941,0,0,0,1,1,0,1,0,0,0,0,0,0,0,1,0,0,0,0,0,0,1,0,1,0,0,1,1,0
23,30.35,678.75,29.51086956521739,1,0,1,1,0,1,0,0,0,0,0,0,0,0,0,0,1,0,0,0,0,0,0,1,0,0,0,1,0
66,92.15,6056.9,91.77121212121212,0,0,0,0,1,0,1,1,0,0,0,0,0,0,1,0,0,0,1,0,0,1,0,1,0,0,0,0,1
56,24.95,1468.9,26.230357142857144,0,0,1,1,1,0,1,0,1,1,0,1,0,1,0,1,0,1,0,1,0,0,1,1,1,0,0,0,1
20,82.4,1592.35,79.61749999999999,0,0,1,0,1,0,1,1,0,0,1,0,0,0,0,0,0,0,0,0,0,0,0,0,0,1,0,1,0
0,19.85,0.0,19.85,1,0,1,1,1,0,0,0,1,1,0,1,0,1,0,1,0,1,0,1,0,0,1,0,0,0,1,0,0
7,79.3,523.15,74.73571428571428,0,0,0,0,1,0,0,1,0,0,0,0,0,0,0,0,0,0,0,0,1,0,0,1,0,1,0,0,0
10,45.8,436.2,43.62,1,0,0,0,1,0,0,0,0,0,0,0,0,0,0,0,0,0,0,0,0,0,0,1,1,0,0,0,0
25,79.0,1902.0,76.08,1,0,0,0,1,0,0,0,0,0,1,0,1,0,0,0,1,0,1,0,1,0,0,1,0,0,1,1,0
19,88.2,1775.8,93.46315789473684,1,1,0,0,1,0,1,1,0,0,0,0,1,0,0,0,0,0,1,0,0,0,0,1,0,1,0,1,0
1,54.3,54.3,54.3,1,0,0,0,1,0,1,0,0,0,0,0,1,0,0,0,0,0,0,0,0,0,0,0,0,1,0,0,0
34,24.95,894.3,26.302941176470586,0,0,1,1,1,0,1,0,1,1,0,1,0,1,0,1,0,1,0,1,0,0,1,0,1,0,0,1,0
15,79.75,1111.85,74.12333333333332,0,0,0,0,1,0,1,1,0,0,0,0,1,0,0,0,0,0,0,0,0,0,0,1,0,1,0,1,0
72,114.55,8306.05,115.36180555555555,1,0,1,1,1,0,1,1,0,0,1,0,1,0,1,0,1,0,1,0,1,0,1,0,0,0,0,0,1
54,60.0,3273.95,60.6287037037037,0,0,1,1,1,0,1,0,0,0,1,0,0,0,0,0,1,0,0,0,0,0,1,0,0,0,0,0,1
55,56.8,3112.05,56.582727272727276,0,0,1,0,1,0,0,0,0,0,1,0,1,0,0,0,1,0,0,0,0,0,1,0,0,0,1,0,1
23,98.7,2249.1,97.78695652173913,0,0,0,0,1,0,1,1,0,0,0,0,1,0,0,0,0,0,1,0,1,0,0,1,1,0,0,1,0
68,100.2,6851.65,100.7595588235294,0,1,1,0,1,0,1,1,0,0,0,0,1,0,0,0,0,0,1,0,1,0,0,1,0,1,0,0,1
29,76.0,2215.25,76.38793103448276,0,0,0,0,1,0,1,1,0,0,0,0,0,0,0,0,0,0,0,0,0,0,0,1,1,0,0,1,0
40,20.15,777.35,19.43375,0,0,1,1,1,0,0,0,1,1,0,1,0,1,0,1,0,1,0,1,0,0,1,0,0,0,0,0,1
12,84.5,916.9,76.40833333333333,0,0,1,1,1,0,1,1,0,0,0,0,1,0,1,0,0,0,0,0,0,0,0,1,0,1,0,0,0
5,96.55,500.1,100.02000000000001,1,0,0,0,1,0,1,1,0,0,0,0,1,0,1,0,0,0,0,0,1,0,0,0,0,1,0,0,0
9,58.5,539.85,59.983333333333334,0,0,0,0,0,1,0,0,0,0,1,0,0,0,1,0,1,0,1,0,1,0,0,0,0,0,1,0,0
63,104.5,6590.8,104.61587301587302,1,0,0,0,1,0,1,1,0,0,1,0,1,0,1,0,1,0,1,0,0,1,0,0,1,0,0,0,1
1,51.25,51.25,51.25,1,0,0,0,1,0,0,0,0,0,1,0,0,0,0,0,0,0,0,0,0,0,0,0,0,0,1,0,0
43,55.55,2342.2,54.46976744186046,0,1,1,0,0,1,0,0,0,0,0,0,1,0,1,0,0,0,1,0,1,0,0,0,1,0,0,0,1
71,109.25,7707.7,108.55915492957746,0,0,1,0,1,0,1,1,0,0,0,0,1,0,1,0,1,0,1,0,1,0,1,0,0,1,0,0,1
2,46.05,80.35,40.175,1,0,0,0,1,0,0,0,0,0,0,0,0,0,0,0,0,0,0,0,0,0,0,0,0,0,0,0,0
25,102.8,2660.2,106.40799999999999,0,1,0,0,1,0,1,1,0,0,1,0,1,0,0,0,0,0,1,0,1,0,0,1,0,0,1,1,0
24,20.4,482.8,20.116666666666667,0,0,1,0,1,0,0,0,1,1,0,1,0,1,0,1,0,1,0,1,0,1,0,0,1,0,0,1,0
6,20.65,109.3,18.216666666666665,1,0,0,0,1,0,0,0,1,1,0,1,0,1,0,1,0,1,0,1,0,0,0,0,0,0,1,0,0
37,92.02244010446192,3473.5699789458695,93.10069890168029,0,0,1,0,1,0,1,1,0,0,0,0,0,0,0,0,0,0,0,0,0,0,0,1,0,1,0,0,1
4,56.18983962905453,234.57383508500322,58.643458771250806,0,0,1,1,1,0,0,0,0,0,0,0,0,0,0,0,0,0,0,0,0,0,0,0,0,0,0,0,0
45,26.694916304113693,1121.2589624967818,25.72284633874664,0,0,0,0,0,0,0,0,0,0,0,0,0,0,0,0,0,0,0,0,0,0,0,0,0,0,0,0,1
53,102.68841987095996,5619.679382454313,104.23646772056766,0,0,1,0,1,0,1,1,0,0,0,0,1,0,0,0,0,0,1,0,1,0,0,0,0,0,0,0,1
6,91.41076379899393,574.1216284335674,95.68693807226123,0,0,0,0,1,0,0,1,0,0,0,0,0,0,0,0,0,0,1,0,1,0,0,0,0,0,0,0,0
25,84.15107967316965,2039.766230063852,81.59064920255408,0,0,0,0,1,0,0,1,0,0,0,0,0,0,0,0,0,0,0,0,0,0,0,1,0,0,0,1,0
44,93.58160385858875,4267.710238088167,96.72381625403347,1,0,1,0,1,0,1,1,0,0,0,0,0,0,0,0,0,0,1,0,0,0,0,0,0,1,0,0,1
44,100.41477758434907,4397.115320617322,99.93443910493914,0,0,0,0,1,0,0,1,0,0,0,0,0,0,0,0,0,0,1,0,1,0,0,0,0,1,0,0,1
63,70.72133734892232,4479.422177692334,70.77806517932059,0,0,0,0,1,0,0,0,0,0,0,0,0,0,0,0,0,0,0,0,0,0,0,1,0,0,0,0,1
21,95.48827777221479,2109.191575072078,97.29669075260227,0,0,0,0,1,0,1,1,0,0,0,0,0,0,0,0,0,0,1,0,1,0,0,1,0,0,0,1,0
1,42.11927385808695,42.11927385808695,42.11927385808695,1,1,0,0,0,1,0,0,0,0,0,0,0,0,1,0,0,0,0,0,1,0,0,1,0,1,0,0,0
22,79.23235127285966,1740.0756281102683,79.09434673228492,0,0,0,0,1,0,1,0,0,0,0,0,0,0,0,0,0,0,0,0,0,0,0,1,0,1,0,1,0
17,44.886108031928714,741.4514700819744,42.64843260763873,0,0,0,0,0,0,0,0,0,0,0,0,0,0,0,0,0,0,0,0,0,0,0,0,0,0,0,1,0
2,78.49116780049316,152.1939881363248,76.0969940681624,1,0,0,0,1,0,0,1,0,0,0,0,0,0,1,0,0,0,0,0,0,0,0,0,0,1,0,0,0
2,70.38610967933734,138.60739786224894,69.30369893112447,1,0,0,0,1,0,0,1,0,0,0,0,0,0,0,0,0,0,0,0,0,0,0,0,1,0,0,0,0
16,52.347414590948524,899.6632447120822,53.66764395172584,0,0,0,0,1,0,0,0,0,0,0,0,0,0,0,0,0,0,0,0,0,0,0,0,0,0,0,1,0
7,71.25018784250847,534.8547209829625,76.40781728328035,1,0,0,0,1,0,0,1,0,0,0,0,0,0,0,0,0,0,0,0,0,0,0,0,0,0,0,0,0
51,105.05205195980267,5624.841704219655,108.1725630879307,0,0,1,0,1,0,1,1,0,0,0,0,1,0,0,0,0,0,1,0,1,0,0,0,0,1,0,0,1
1,79.55482120388605,79.55482120388605,79.55482120388605,0,0,0,0,1,0,0,1,0,0,0,0,0,0,0,0,0,0,1,0,0,0,0,0,0,1,0,0,0
31,78.34614253820699,2434.462942945062,78.42373671623656,1,0,0,0,1,0,0,0,0,0,0,0,0,0,0,0,1,0,0,0,0,0,0,1,0,0,0,1,0
2,78.39789452568681,163.96238470015666,81.98119235007833,0,0,0,0,1,0,0,1,0,0,0,0,0,0,0,0,0,0,0,0,0,0,0,0,0,0,0,0,0
10,87.01835266653882,857.4836402453246,85.74836402453246,1,0,0,0,1,0,0,1,0,0,0,0,0,0,0,0,0,0,0,0,1,0,0,1,0,1,0,0,0
4,90.15934056579917,366.81449435362117,91.70362358840529,0,0,1,0,1,0,1,1,0,0,0,0,1,0,0,0,0,0,0,0,0,0,0,1,0,0,0,0,0
16,94.560839026368,1563.4653564891908,97.71658478057442,0,0,0,0,1,0,0,1,0,0,0,0,1,0,1,0,0,0,0,0,1,0,0,1,1,0,0,1,0
5,47.68617912103478,221.5153075578208,44.30306151156416,1,0,0,0,1,0,0,0,0,0,0,0,0,0,0,0,0,0,0,0,0,0,0,0,0,1,0,0,0
58,105.39673822710614,6207.212930585651,107.02091259630433,0,0,0,0,1,0,0,1,0,0,0,0,0,0,0,0,1,0,1,0,1,1,0,1,0,0,0,0,1
3,84.40648072659663,265.88055782021013,88.62685260673672,0,0,1,0,1,0,0,1,0,0,0,0,0,0,0,0,0,0,0,0,0,0,0,1,0,0,0,0,0
41,111.6214493725424,4574.984625486564,109.9029311364147,0,0,1,0,1,0,1,1,0,0,0,0,0,0,1,0,1,0,1,0,1,0,0,1,0,0,0,0,1
6,83.60430924287067,503.3506950391727,83.89178250652878,0,0,0,0,1,0,0,1,0,0,0,0,0,0,0,0,0,0,0,0,0,0,0,1,0,0,0,0,0
37,93.71057056577007,3473.8131312248265,93.88684138445477,1,0,0,0,1,0,1,1,0,0,0,0,0,0,0,0,0,0,1,0,1,0,0,0,0,0,0,0,1
14,97.33553587405822,1374.7444691966464,96.6219083160479,0,0,1,0,1,0,0,1,0,0,0,0,0,0,0,0,0,0,1,0,1,0,0,0,0,1,0,1,0
38,96.36776154655185,3758.150270737421,97.41498112631692,0,0,0,0,1,0,1,1,0,0,0,0,0,0,0,0,0,0,0,0,1,0,0,1,0,0,0,0,1
1,94.77423332592517,94.77423332592517,94.77423332592517,0,0,0,0,1,0,0,1,0,0,0,0,0,0,0,0,0,0,1,0,1,0,0,1,0,1,0,0,0
5,49.76706949176007,234.6814624480678,46.936292489613564,1,0,0,0,1,0,0,0,0,0,0,0,0,0,0,0,0,0,0,0,0,0,0,0,0,1,0,0,0
1,55.61585366124058,55.61585366124058,55.61585366124058,0,0,0,0,1,0,0,0,0,0,0,0,0,0,0,0,0,0,0,0,0,0,0,1,0,0,0,0,0
3,80.47947755385806,218.66314578856444,72.88771526285481,0,0,0,0,1,0,0,1,0,0,0,0,0,0,0,0,0,0,0,0,0,0,0,1,0,0,0,0,0
34,70.34693308305968,2416.657111085265,69.09904447197349,0,0,0,0,1,0,0,1,0,0,0,0,0,0,0,0,0,0,0,0,0,0,0,1,0,1,0,1,0
3,71.87424127501632,211.41422805621212,70.47140935207071,0,0,1,0,1,0,0,1,0,0,0,0,0,0,0,0,0,0,0,0,0,0,0,1,0,0,0,0,0
1,25.3832307674357,25.3832307674357,25.3832307674357,0,0,0,0,0,1,0,0,0,0,0,0,0,0,0,0,0,0,0,0,0,0,0,0,0,0,1,0,0
1,79.78114819251722,79.78114819251722,79.78114819251722,1,0,0,0,1,0,0,1,0,0,0,0,0,0,0,0,0,0,0,0,1,0,0,0,0,1,0,0,0
4,50.81111927096868,204.92506963679423,51.23126740919856,1,0,0,0,1,0,1,0,0,0,0,0,0,0,0,0,0,0,0,0,0,0,0,0,0,0,0,0,0
44,55.45059541771338,2484.087950335266,56.31967243523838,0,0,0,0,1,0,0,0,0,0,0,0,0,0,0,0,0,0,0,0,0,0,0,0,0,0,0,0,1
3,85.93619907948062,244.54286236030998,81.51428745343667,0,0,0,0,1,0,0,1,0,0,0,0,1,0,0,0,0,0,0,0,0,0,0,1,0,0,0,0,0
12,50.1699784826911,692.4305218405736,54.33807729140381,1,0,0,0,0,0,0,0,0,0,0,0,0,0,0,0,0,0,0,0,0,0,0,0,0,0,0,0,0
5,26.851792068654817,133.5256554230641,26.705131084612823,0,0,0,0,0,0,0,0,0,0,0,0,0,0,0,0,0,0,0,0,0,0,0,0,0,0,0,0,0
1,20.131819111821052,20.131819111821052,20.131819111821052,0,0,0,0,1,0,0,0,1,1,0,1,0,1,0,1,0,1,0,1,0,0,0,1,0,0,1,0,0
1,30.833041453146418,30.833041453146418,30.833041453146418,0,0,0,0,0,1,0,0,0,0,0,0,0,0,0,0,0,0,0,0,0,0,0,0,0,0,0,0,0
26,83.54482434750994,2183.3258598463303,83.43422008185985,0,0,0,0,1,0,1,1,0,0,0,0,0,0,0,0,0,0,0,0,0,0,0,1,0,1,0,1,0
3,55.13341063992775,157.65695759349757,52.55231919783253,0,0,0,0,1,0,0,0,0,0,0,0,0,0,0,0,0,0,0,0,0,0,0,0,0,0,1,0,0
68,105.07169420760577,7269.475584438563,106.31850009507062,1,0,0,0,1,0,1,1,0,0,0,0,1,0,0,0,0,0,1,0,1,0,0,1,0,0,0,0,1
16,95.36505956199427,1531.3201440758758,90.79141436725054,0,0,0,0,1,0,1,1,0,0,0,0,1,0,0,0,0,0,1,0,0,0,0,1,0,0,0,1,0
4,73.13047516143912,303.9738890122562,75.99347225306406,1,0,0,0,1,0,1,1,0,0,0,0,0,0,0,0,0,0,0,0,0,0,0,1,0,0,0,0,0
21,55.7108338867507,1156.4555013756374,54.72832408685166,0,0,1,0,0,0,0,0,0,0,1,0,0,0,0,0,0,0,0,0,0,0,0,1,0,1,0,1,0
8,48.33281208601963,416.8534433057392,49.3093394634264,1,0,0,0,0,0,0,0,0,0,0,0,0,0,0,0,0,0,0,0,0,0,0,1,0,1,0,0,0
1,45.96040906118514,45.96040906118514,45.96040906118514,1,0,0,0,1,0,0,0,0,0,0,0,0,0,0,0,0,0,0,0,0,0,0,0,0,0,0,0,0
52,95.07693228238695,5001.125678575612,94.55977004015742,0,0,0,0,1,0,0,1,0,0,0,0,0,0,1,0,0,0,1,0,1,0,0,1,0,0,0,0,1
1,20.064688043093458,20.064688043093458,20.064688043093458,0,0,1,1,1,0,0,0,1,1,0,1,0,1,0,1,0,1,0,1,0,0,0,1,0,0,0,0,0
45,30.375672944789855,1087.262652170399,29.191723039840063,1,0,0,0,1,0,0,0,0,0,0,0,0,0,0,0,0,0,0,0,0,0,0,0,0,0,0,0,0
2,80.22111835814795,154.5636493792196,77.2818246896098,0,0,0,0,1,0,0,1,0,0,0,0,0,0,0,0,0,0,0,0,0,0,0,0,0,0,1,0,0
26,42.91323218149395,1071.495215978497,41.51113256391727,1,0,1,1,0,0,0,0,0,0,0,0,0,0,0,0,0,0,0,0,0,0,0,0,0,0,0,1,0
70,112.00793196961634,7700.883285680971,110.01261836687101,0,0,1,0,1,0,1,1,0,0,0,0,1,0,1,0,1,0,1,0,1,0,0,1,0,0,0,0,1
33,64.76434664871054,2071.5495260401303,63.84187535265103,0,0,0,0,0,0,0,0,0,0,0,0,0,0,0,0,0,0,0,0,0,0,0,1,0,0,0,0,0
6,78.21533557847455,435.32290858460254,72.55381809743376,0,0,0,0,1,0,1,1,0,0,0,0,0,0,0,0,0,0,0,0,0,0,0,1,0,1,0,0,0
1,93.34675356532098,93.34675356532098,93.34675356532098,1,0,0,0,1,0,1,1,0,0,0,0,0,0,0,0,0,0,1,0,1,0,0,1,0,1,0,0,0
9,84.88087384573589,751.010030780376,83.44555897559735,0,1,0,0,1,0,1,1,0,0,0,0,0,0,0,0,0,0,0,0,1,0,0,1,0,1,0,0,0
24,99.27553803277522,2430.280344887716,101.26168103698816,0,0,0,0,1,0,0,1,0,0,0,0,0,0,1,0,0,0,1,0,1,0,0,1,0,0,0,1,0
25,88.83190701968363,2274.4995071779463,87.61413739654898,0,0,0,0,1,0,0,1,0,0,0,0,0,0,0,0,0,0,1,0,0,0,0,1,0,0,0,1,0
38,96.35480074846078,3762.5935815408725,96.97573476192831,1,0,0,0,1,0,1,1,0,0,0,0,0,0,0,0,0,0,1,0,1,0,0,1,0,0,0,0,1
46,54.24941376279071,2460.093656581413,53.39144536232049,0,0,0,0,0,0,0,0,0,0,0,0,0,0,0,0,0,0,0,0,0,0,0,0,0,0,0,0,1
4,85.08595954264737,337.0139897207271,84.25349743018178,0,0,0,0,1,0,1,1,0,0,0,0,0,0,0,0,0,0,0,0,0,0,0,0,0,0,0,0,0
29,72.95238348494476,2072.7103536028408,71.72084196896918,0,0,0,0,0,0,0,0,0,0,1,0,0,0,0,0,0,0,0,0,0,0,0,1,0,0,0,0,0
1,50.52565177034237,50.52565177034237,50.52565177034237,0,0,0,0,1,0,0,0,0,0,0,0,0,0,0,0,0,0,0,0,0,0,0,0,0,1,0,0,0
33,73.6373243612667,2405.8891027348427,72.60040628067058,0,0,1,0,1,0,0,0,0,0,0,0,0,0,0,0,0,0,0,0,0,0,0,1,0,0,0,1,0
12,112.58538228874816,1383.5175318685785,114.76605842127867,1,0,0,0,1,0,1,1,0,0,0,0,1,0,1,0,0,0,1,0,1,0,0,1,0,0,0,0,0
3,79.26075126135378,261.3884516002989,85.6633095162046,0,0,0,0,1,0,0,1,0,0,0,0,0,0,0,0,0,0,0,0,0,0,0,1,0,1,0,0,0
47,105.71020321567646,4888.337473458726,102.58613486799767,0,1,0,0,1,0,1,1,0,0,0,0,0,0,1,0,0,0,1,0,1,0,0,1,0,1,0,0,1
10,73.56592353849199,793.7834876104068,72.91062095126493,1,0,0,0,1,0,0,1,0,0,0,0,0,0,0,0,0,0,0,0,0,0,0,1,0,0,0,0,0
51,86.66185374980307,4352.5688130766075,85.33553258030584,0,0,0,0,1,0,0,1,0,0,0,0,1,0,0,0,0,0,0,0,0,0,0,1,0,1,0,0,1
55,99.18516485158077,5616.902637326522,101.65743132780742,1,0,0,0,1,0,1,1,0,0,0,0,0,0,0,0,0,0,1,0,1,0,0,0,0,0,0,0,1
1,70.4715127098038,70.4715127098038,70.4715127098038,0,0,0,0,1,0,0,1,0,0,0,0,0,0,0,0,0,0,0,0,0,0,0,0,0,1,0,0,0
37,72.66116379677204,2719.0125530942996,72.83888958288351,0,0,0,1,1,0,0,0,0,0,0,0,0,0,0,0,0,0,0,0,0,0,0,1,0,0,0,0,0
9,77.52798955495213,660.9348414365322,71.99349386522933,1,0,1,0,1,0,0,1,0,0,0,0,0,0,0,0,0,0,0,0,0,0,0,1,0,0,0,0,0
1,69.70783225533505,69.70783225533505,69.70783225533505,1,0,0,0,1,0,0,1,0,0,0,0,0,0,0,0,0,0,0,0,0,0,0,1,0,1,0,0,0
3,21.71975387628642,73.42370762793357,20.09276444519126,0,0,0,0,0,0,0,0,0,0,0,0,0,0,0,0,0,0,0,0,0,0,0,0,0,0,0,0,0
25,95.7593644617765,2391.583905079744,94.99054597561717,0,0,0,0,1,0,1,1,0,0,0,0,0,0,1,0,0,0,0,0,1,0,0,1,0,1,0,1,0
54,100.57405828610504,5619.765330213016,103.85231706691043,0,0,0,0,1,0,1,1,0,0,0,0,0,0,0,0,0,0,1,0,1,0,0,1,0,1,0,0,1
3,77.7308216070786,269.10514959570884,89.70171653190295,0,0,0,0,1,0,1,1,0,0,0,0,0,0,0,0,0,0,0,0,0,0,0,1,0,0,0,0,0
1,44.57745200583894,44.57745200583894,44.57745200583894,0,0,0,0,1,0,0,0,0,0,0,0,0,0,0,0,0,0,0,0,0,0,0,1,0,0,0,0,0
3,20.35943046668474,59.837277356029276,19.945759118676424,0,0,0,0,0,0,0,0,0,0,0,0,0,0,0,0,0,0,0,0,0,0,0,0,0,1,0,0,0
1,20.040942532523268,20.040942532523268,20.040942532523268,1,0,0,0,1,0,0,0,1,1,0,1,0,1,0,1,0,1,0,1,0,0,0,0,0,0,1,0,0
9,26.338731398063835,224.35539252446964,24.993784868490373,0,0,0,0,0,0,0,0,0,0,0,0,0,0,0,0,0,0,0,0,0,0,0,0,0,0,0,0,0
5,78.97679793461954,412.17257533907826,82.43451506781565,0,0,0,0,1,0,0,1,0,0,0,0,0,0,0,0,0,0,0,0,0,0,0,1,0,1,0,0,0
14,77.0269117038516,1104.4141177281979,76.38309010708724,0,0,0,0,1,0,1,1,0,0,0,0,0,0,0,0,0,0,0,0,0,0,0,1,0,0,0,1,0
1,19.89816619160285,19.89816619160285,19.89816619160285,1,0,0,0,1,0,0,0,1,1,0,1,0,1,0,1,0,1,0,1,0,0,0,0,0,0,1,0,0
38,103.61565923079685,3997.864717692877,102.79972234512687,0,0,0,0,1,0,1,1,0,0,0,0,0,0,1,0,0,0,1,0,1,0,0,1,0,1,0,0,1
4,96.85285790418946,422.61107693342285,105.65276923335571,0,0,0,0,1,0,1,1,0,0,0,0,0,0,0,0,0,0,1,0,1,0,0,1,0,1,0,0,0
64,83.11203933548886,5289.896308017518,82.95557642376168,1,0,1,0,1,0,1,0,0,0,0,0,1,0,1,0,0,0,0,0,1,0,0,1,0,0,0,0,1
5,48.18170702976513,305.21678034300163,51.25038974743414,0,0,0,0,0,0,0,0,0,0,0,0,0,0,0,0,0,0,0,0,0,0,0,0,0,1,0,0,0
10,83.35530786099248,830.777468152992,83.07774681529921,0,0,0,0,1,0,1,1,0,0,0,0,0,0,0,0,0,0,0,0,0,0,0,0,0,0,0,0,0
7,95.48359552986508,646.513183070007,92.35902615285814,1,0,0,0,1,0,1,1,0,0,0,0,0,0,0,0,0,0,1,0,1,0,0,0,0,0,0,0,0
41,57.705608372995215,2366.1346667684193,57.57648120118573,1,0,0,0,0,0,0,0,0,0,0,0,0,0,1,0,0,0,0,0,1,1,0,1,0,0,1,0,1
53,93.86796971087759,4868.24303459677,91.70844622813296,0,0,1,0,1,0,0,1,0,0,0,0,1,0,0,0,0,0,0,0,0,0,0,1,0,0,0,0,1
4,47.02568234152241,188.61045664770026,47.152614161925065,0,0,0,0,1,0,0,0,0,0,0,0,0,0,0,0,0,0,0,0,0,0,0,0,0,0,0,0,0
2,73.41149952528897,145.7037291112084,72.8518645556042,0,0,0,0,1,0,0,1,0,0,0,0,0,0,0,0,0,0,0,0,0,0,0,1,0,0,0,0,0
6,49.664593687417046,294.84251846650506,49.14041974441751,0,0,0,0,0,0,0,0,0,0,0,0,0,0,0,0,0,0,0,0,0,0,0,1,0,0,0,0,0
1,85.54944612731526,85.54944612731526,85.54944612731526,0,0,0,0,1,0,0,1,0,0,0,0,0,0,0,0,0,0,0,0,1,0,0,1,0,0,0,0,0
45,70.803566790769,3233.4585634596383,73.38708759930292,0,1,0,0,0,0,0,0,0,0,0,0,0,0,0,0,0,0,0,0,0,0,0,1,0,0,0,0,1
43,56.567645582658685,2325.593226207503,54.24990439584066,0,0,0,0,1,0,0,0,0,0,0,0,0,0,0,0,0,0,0,0,0,0,0,1,0,0,0,0,1
1,50.8,50.8,50.8,0,0,0,0,1,0,0,0,0,0,0,0,0,0,0,0,0,0,0,0,0,0,0,0,0,1,0,0,0
16,91.21180075908975,1502.4629718594308,90.54151867426205,0,1,0,0,1,0,0,1,0,0,0,0,0,0,0,0,0,0,1,0,0,0,0,1,0,1,0,1,0
11,99.78558861207732,1132.1129058717997,97.865131588145,0,0,0,0,1,0,1,1,0,0,0,0,0,0,0,0,0,0,1,0,1,0,0,1,0,0,0,0,0
12,86.29960195188939,1059.1604854399664,82.56416112503112,0,0,0,0,1,0,0,1,0,0,0,0,0,0,1,0,0,0,0,0,0,0,0,1,0,1,0,0,0
33,103.6101826748443,3412.2493872299524,102.5339952047155,0,0,1,0,1,0,1,1,0,0,0,0,1,0,0,0,0,0,1,0,1,0,0,1,0,1,0,1,0
15,98.67906355177638,1496.6988353105035,97.59570460048874,1,0,0,0,1,0,0,1,0,0,0,0,0,0,0,0,0,0,1,0,1,0,0,1,0,1,0,1,0
56,101.90278807435965,5751.740145191798,102.71730000851947,0,0,1,0,1,0,0,1,0,0,0,0,0,0,1,0,0,0,1,0,1,0,0,0,0,0,0,0,1
19,98.79775895503028,1928.051854931859,98.46010941608209,1,0,0,0,1,0,0,1,0,0,0,0,0,0,0,0,0,0,1,0,1,0,0,1,0,0,0,1,0
39,97.77327478709293,3714.452204770464,94.21156095905847,0,0,0,0,1,0,1,1,0,0,0,0,0,0,0,0,0,0,1,0,1,0,0,1,0,0,0,0,1
54,41.02951039449163,2105.197154727607,39.03692851077671,0,0,0,0,0,1,0,0,0,0,0,0,0,0,0,0,0,0,1,0,0,0,0,1,0,0,0,0,1
9,94.69822484398551,919.6016080664314,97.87324661503611,0,0,0,0,1,0,1,1,0,0,0,0,0,0,1,0,0,0,0,0,1,0,0,0,0,0,0,0,0
5,19.683774949645738,114.03410181275353,22.806820362550706,0,0,0,0,1,0,0,0,1,1,0,1,0,1,0,1,0,1,0,1,0,0,0,0,0,0,0,0,0
7,20.045223234308267,162.24666269800528,23.178094671143615,0,0,0,0,1,0,0,0,1,1,0,1,0,1,0,1,0,1,0,1,0,0,0,0,0,0,0,0,0
4,22.610983802592223,109.5808033350791,23.843881628048383,1,0,0,0,0,0,0,0,0,0,0,0,0,0,0,0,0,0,0,0,0,0,0,0,0,0,0,0,0
28,91.61695708124418,2710.208901566852,96.59950546268189,0,0,0,0,1,0,1,1,0,0,0,0,0,0,0,0,0,0,0,0,1,0,0,1,0,0,0,1,0
12,76.84235795147083,944.4219066377216,75.16581742271362,0,1,0,0,1,0,0,1,0,0,0,0,0,0,0,0,0,0,0,0,0,0,0,1,0,1,0,0,0
1,55.875606393485185,55.875606393485185,55.875606393485185,0,0,0,0,1,0,0,0,0,0,0,0,0,0,0,0,0,0,0,0,0,0,0,1,0,1,0,0,0
34,88.9102304847719,3031.112915851177,87.98686020187908,0,0,0,0,1,0,0,1,0,0,0,0,0,0,0,0,0,0,1,0,0,0,0,1,0,1,0,1,0
46,99.55580438368516,4747.894593259521,101.63401437426411,1,0,0,0,1,0,1,1,0,0,0,0,1,0,0,0,0,0,1,0,1,0,0,1,0,0,0,0,1
2,44.502467089959154,96.13550788959604,48.06775394479802,0,0,0,0,0,0,0,0,0,0,0,0,0,0,0,0,0,0,0,0,0,0,0,0,0,1,0,0,0
37,100.94685671116774,3745.7680762715872,101.2369750343672,0,0,0,0,1,0,1,1,0,0,0,0,0,0,1,0,0,0,1,0,1,0,0,1,0,1,0,0,1
12,83.22954823255792,1060.5751794846512,81.74325908757186,1,0,0,0,1,0,0,1,0,0,0,0,0,0,0,0,0,0,1,0,0,0,0,1,0,1,0,0,0
5,82.12162112311611,415.55,83.11,0,0,0,0,1,0,0,1,0,0,0,0,0,0,0,0,0,0,1,0,0,0,0,1,0,0,0,0,0
13,56.558525797732436,742.612554839453,56.87155431372044,1,0,0,0,1,0,0,0,0,0,0,0,0,0,0,0,0,0,0,0,0,0,0,0,0,1,0,0,0
12,21.858540607872314,275.2442019091725,23.583747335139705,1,0,1,0,0,0,0,0,0,0,0,0,0,0,0,0,0,0,0,0,0,0,0,0,0,0,0,0,0
15,40.45075675872542,549.9498956860749,37.509251973571345,0,0,0,0,0,1,0,0,0,0,0,0,0,0,0,0,0,0,0,0,1,0,0,0,0,0,0,0,0
5,82.42728201228346,408.6367830535276,81.72735661070551,0,0,0,0,1,0,0,1,0,0,0,0,0,0,0,0,0,0,0,0,0,0,0,1,0,1,0,0,0
6,46.64789450730983,263.4561800045306,43.90936333408843,0,0,0,0,1,0,0,0,0,0,0,0,0,0,0,0,0,0,0,0,0,0,0,1,0,0,0,0,0
1,44.67354508648663,44.67354508648663,44.67354508648663,0,0,0,0,1,0,0,0,0,0,0,0,0,0,0,0,0,0,0,0,0,0,0,1,0,0,0,0,0
1,35.26465737574213,35.26465737574213,35.26465737574213,0,0,0,0,0,1,0,0,0,0,0,0,0,0,0,0,0,0,0,0,0,0,0,1,0,0,0,0,0
1,69.97728795051135,69.97728795051135,69.97728795051135,0,0,0,0,1,0,0,1,0,0,0,0,0,0,0,0,0,0,0,0,0,0,0,1,0,0,1,0,0
20,94.1729892992019,1927.2838677167972,96.08644269049177,1,0,0,0,1,0,1,1,0,0,0,0,0,0,0,0,0,0,0,0,0,0,0,1,0,1,0,1,0
10,93.45014910504509,941.9235681628181,94.1923568162818,0,0,0,0,1,0,0,1,0,0,0,0,1,0,1,0,0,0,0,0,0,0,0,1,0,0,0,0,0
2,69.9211497111942,134.81867715044956,67.40933857522478,0,1,0,0,1,0,0,1,0,0,0,0,0,0,0,0,0,0,0,0,0,0,0,1,0,1,0,0,0
4,72.97660614444001,306.43956703817673,76.60989175954418,1,0,0,0,1,0,1,1,0,0,0,0,0,0,0,0,0,0,0,0,0,0,0,0,0,0,0,0,0
63,107.48000489962,6894.780397893324,109.35606492739524,1,0,0,0,1,0,1,1,0,0,0,0,0,0,0,0,1,0,1,0,1,0,0,1,1,0,0,0,1
29,98.60977757103007,2862.782352823302,98.68782336534103,0,0,0,0,1,0,1,1,0,0,0,0,0,0,0,0,0,0,1,0,1,0,0,0,0,0,0,1,0
10,83.94518912378396,865.9287631538896,85.57914503910798,0,0,0,0,1,0,0,1,0,0,0,0,0,0,0,0,0,0,0,0,0,0,0,1,0,0,0,0,0
1,39.80958881480938,39.80958881480938,39.80958881480938,0,1,0,0,0,1,0,0,0,0,0,0,0,0,0,0,0,0,1,0,0,0,0,0,0,1,0,0,0
18,96.98886167234147,1777.6381218762724,94.99217056338009,0,0,0,0,1,0,0,1,0,0,0,0,0,0,0,0,0,0,1,0,1,0,0,1,0,0,0,1,0
1,79.36027411265287,79.36027411265287,79.36027411265287,1,0,0,0,1,0,0,1,0,0,0,0,0,0,0,0,0,0,1,0,0,0,0,1,0,1,0,0,0
2,94.64842326678422,176.11233516744142,88.05616758372071,0,0,0,0,1,0,0,1,0,0,0,0,0,0,0,0,0,0,1,0,1,0,0,0,0,1,0,0,0
42,83.99026446094295,3589.734245399015,84.87706234577553,0,0,1,0,1,0,0,1,0,0,0,0,0,0,0,0,0,0,0,0,0,0,0,1,0,1,0,0,1
54,99.31622701619266,5441.970728119955,99.91218256083403,0,0,0,0,1,0,0,1,0,0,0,0,0,0,0,0,0,0,1,0,0,0,0,0,0,1,0,0,1
9,75.16846471414583,705.6503111379172,78.40559012643524,0,0,0,0,1,0,0,0,0,0,0,0,0,0,0,0,0,0,0,0,1,0,0,1,0,1,0,0,0
67,115.98043853972352,7788.714273726377,115.00336573698804,1,0,0,0,1,0,1,1,0,0,0,0,1,0,1,0,0,0,1,0,1,0,0,1,0,0,0,0,1
12,52.71222246986499,701.6532936186945,55.72726160039315,1,0,0,0,0,0,0,0,0,0,0,0,0,0,0,0,0,0,0,0,1,0,0,0,0,0,0,0,0
2,76.42462252957606,158.62665640222698,79.31332820111349,0,1,0,0,1,0,0,1,0,0,0,0,0,0,0,0,0,0,0,0,0,0,0,1,0,0,0,0,0
1,70.70324944587479,70.70324944587479,70.70324944587479,0,0,0,0,1,0,0,1,0,0,0,0,0,0,0,0,0,0,0,0,0,0,0,1,0,0,1,0,0
47,85.48611523145078,4042.5325698731995,86.01133127389787,0,0,0,0,1,0,0,1,0,0,0,0,0,0,0,0,0,0,0,0,1,0,0,0,0,0,0,0,1
1,49.98665814636421,49.98665814636421,49.98665814636421,1,0,0,0,0,0,0,0,0,0,0,0,0,0,1,0,0,0,0,0,0,0,0,1,0,0,0,0,0
24,34.534139252378495,852.1277979296605,34.517883838510755,0,0,0,0,0,1,0,0,0,0,0,0,0,0,0,0,0,0,1,0,0,0,0,1,0,0,0,1,0
1,69.55008912695558,69.55008912695558,69.55008912695558,1,0,0,0,1,0,0,1,0,0,0,0,0,0,0,0,0,0,0,0,0,0,0,1,0,1,0,0,0
20,72.90212133788663,1465.2411550102327,73.26205775051163,1,0,1,0,1,0,0,1,0,0,0,0,0,0,0,0,0,0,0,0,0,0,0,1,0,1,0,1,0
3,77.34104944560872,269.025963064726,89.67532102157534,0,0,0,0,1,0,0,1,0,0,0,0,0,0,0,0,0,0,0,0,0,0,0,0,0,0,0,0,0
69,104.57165596910765,7268.739555279046,105.34405152578327,1,0,0,0,1,0,0,1,0,0,0,0,1,0,1,0,1,0,1,0,1,0,0,1,0,0,0,0,1
11,44.375438684523594,481.6822801559537,41.41951286596487,0,0,0,0,1,0,0,0,0,0,0,0,0,0,0,0,0,0,0,0,0,0,0,1,0,1,0,0,0
42,78.80743653756976,3347.33177623676,79.60723451301932,0,0,0,0,1,0,1,0,0,0,0,0,1,0,0,0,0,0,0,0,0,0,0,0,0,0,0,0,1
13,78.09062021382492,1027.1824682618385,77.34616061716177,0,0,0,0,1,0,0,1,0,0,0,0,0,0,1,0,0,0,0,0,0,0,0,0,0,0,0,0,0
1,69.48344933042962,69.48344933042962,69.48344933042962,0,1,0,0,1,0,0,1,0,0,0,0,0,0,0,0,0,0,0,0,0,0,0,1,0,1,0,0,0
3,90.3822321822514,275.6669756598505,91.88899188661684,0,1,1,0,1,0,0,1,0,0,0,0,0,0,0,0,0,0,1,0,0,0,0,1,0,0,0,0,0
1,79.35175819163365,79.35175819163365,79.35175819163365,0,0,0,0,1,0,0,1,0,0,0,0,0,0,0,0,0,0,1,0,0,0,0,1,0,1,0,0,0
1,35.337436688628024,35.337436688628024,35.337436688628024,0,0,0,0,0,1,0,0,0,0,0,0,0,0,0,0,0,0,0,0,1,0,0,0,0,0,0,0,0
9,95.76828256585927,916.6984686946911,97.36295628275916,1,1,0,0,1,0,1,1,0,0,0,0,0,0,1,0,0,0,0,0,1,0,0,1,0,1,0,0,0
10,77.57615752516736,827.4103692599808,77.25650850504766,0,0,0,0,1,0,0,1,0,0,0,0,0,0,0,0,0,0,0,0,0,0,0,1,0,0,0,0,0
1,20.390657474472327,20.390657474472327,20.390657474472327,1,0,0,0,1,0,0,0,1,1,0,1,0,1,0,1,0,1,0,1,0,0,0,0,0,0,1,0,0
1,84.50902135139012,84.50902135139012,84.50902135139012,1,0,0,0,1,0,1,1,0,0,0,0,0,0,0,0,0,0,1,0,0,0,0,0,0,0,0,0,0
64,96.88867846790812,6315.9975598433,97.57894819312861,0,0,1,1,1,0,0,1,0,0,0,0,0,0,0,0,0,0,0,0,1,0,0,1,0,0,0,0,1
4,50.37330609352204,236.75633456448767,47.82925370367685,1,0,0,0,1,0,0,0,0,0,0,0,0,0,0,0,0,0,0,0,0,0,0,0,0,1,0,0,0
38,78.71372764209784,3013.856393534845,78.95505831569054,1,0,0,0,1,0,0,1,0,0,0,0,0,0,0,0,0,0,0,0,0,0,0,0,0,1,0,0,1
38,82.44505135361699,3179.659365746973,82.19739194833043,1,0,0,0,1,0,0,1,0,0,0,0,0,0,0,0,0,0,0,0,0,0,0,1,0,1,0,0,1
41,112.82220369969689,4524.486228092279,109.82675268470615,0,0,0,0,1,0,1,1,0,0,0,0,0,0,1,0,1,0,1,0,1,0,0,1,0,0,0,0,1
45,84.62038530284765,3840.1929245497818,85.2494221015707,0,1,0,0,1,0,0,1,0,0,0,0,0,0,0,0,0,0,0,0,0,0,0,0,0,0,0,0,1
63,102.73776631991997,6600.960126912454,104.03448062801078,0,0,1,0,1,0,1,1,0,0,0,0,1,0,0,0,0,0,0,0,1,0,0,1,0,0,0,0,1
33,84.96843824797287,2821.649648162456,84.33100436542068,0,0,0,0,1,0,1,1,0,0,0,0,0,0,1,0,0,0,0,0,0,0,0,1,0,0,0,0,0
1,24.47082049400858,24.47082049400858,24.47082049400858,0,0,1,0,0,1,0,0,0,0,0,0,0,0,0,0,0,0,0,0,0,0,0,1,0,1,0,0,0
3,76.73844311544525,244.82282102198434,81.60760700732811,0,0,0,0,1,0,0,1,0,0,0,0,0,0,0,0,0,0,0,0,0,0,0,1,0,1,0,0,0
19,91.4929855153203,1770.4994893694604,93.18418365102423,0,0,0,0,1,0,1,1,0,0,0,0,0,0,0,0,0,0,0,0,1,0,0,0,0,0,0,1,0
38,95.31468676480743,3613.472679592213,95.92107804808764,0,0,0,0,1,0,0,1,0,0,0,0,0,0,0,0,0,0,0,0,1,0,0,1,0,1,0,0,0
2,89.67594129668356,189.8606623306466,94.9303311653233,0,0,0,0,1,0,0,1,0,0,0,0,0,0,0,0,0,0,0,0,0,0,0,0,0,0,0,0,0
2,23.41143167257819,39.820345991950326,19.910172995975163,0,0,0,0,0,0,0,0,0,0,0,0,0,0,0,0,0,0,0,0,0,0,0,0,0,0,0,0,0
2,45.02883705687582,80.89061567577163,40.445307837885814,1,0,0,0,1,0,0,0,0,0,0,0,0,0,0,0,0,0,0,0,0,0,0,0,0,0,0,0,0
31,86.35947998333698,2691.867298716106,86.4255638163728,0,0,0,0,1,0,1,1,0,0,0,0,0,0,0,0,0,0,0,0,0,0,0,0,0,0,0,1,0
4,74.76204168589979,321.92029454417235,80.35808087607352,1,0,0,0,1,0,0,1,0,0,0,0,0,0,0,0,0,0,0,0,0,0,0,1,0,0,0,0,0
37,99.04670203264102,3751.1215961215926,100.83314362094906,0,0,1,0,1,0,1,1,0,0,0,0,0,0,0,0,0,0,0,0,1,0,0,1,0,0,0,0,1
48,102.03088639524348,5052.317376117994,104.26500641807337,0,0,0,1,1,0,1,1,0,0,0,0,0,0,0,0,0,0,1,0,1,1,0,1,0,0,0,0,1
1,85.67362663550114,85.67362663550114,85.67362663550114,0,0,0,0,1,0,1,1,0,0,0,0,0,0,0,0,0,0,0,0,1,0,0,0,0,0,0,0,0
24,37.86257211702788,751.7350276011213,35.5652730125064,0,0,0,0,1,0,0,0,0,0,0,0,0,0,0,0,0,0,0,0,0,0,0,1,0,0,0,1,0
1,25.737641431199723,25.737641431199723,25.737641431199723,0,1,0,0,0,1,0,0,0,0,0,0,0,0,0,0,0,0,0,0,0,0,0,1,0,0,1,0,0
1,45.3,45.3,45.3,1,0,0,0,1,0,0,0,0,0,0,0,0,0,0,0,0,0,0,0,0,0,0,0,0,1,0,0,0
1,44.03290563074521,44.03290563074521,44.03290563074521,1,0,0,0,1,0,0,0,0,0,0,0,0,0,0,0,0,0,0,0,0,0,0,0,0,0,0,0,0
1,19.507471067635855,19.507471067635855,19.507471067635855,0,0,1,1,1,0,0,0,1,1,0,1,0,1,0,1,0,1,0,1,0,0,0,0,0,0,1,0,0
24,50.00822988908594,1148.977847287404,48.32756563635013,0,0,0,0,0,0,0,0,0,0,0,0,0,0,0,0,0,0,0,0,0,0,0,0,0,0,0,0,0
29,95.05267079671623,2865.64350392438,96.23869046646969,0,0,0,0,1,0,1,1,0,0,0,0,0,0,0,0,0,0,1,0,1,0,0,0,0,0,0,1,0
18,78.61121288420084,1455.2785615061816,78.48074155671478,1,0,0,0,1,0,0,1,0,0,0,0,1,0,0,0,0,0,0,0,0,0,0,1,0,1,0,1,0
24,93.20286034696228,2263.6938202518313,94.05931709453489,0,0,0,0,1,0,1,1,0,0,0,0,0,0,0,0,0,0,0,0,1,0,0,1,0,1,0,1,0
14,30.6021032350273,407.6871630015991,29.006752722006567,0,0,0,0,1,0,0,0,0,0,0,0,0,0,0,0,0,0,0,0,0,0,0,0,0,0,0,0,0
7,84.93443715044579,586.7974205446026,81.0751527503136,0,0,0,0,1,0,0,1,0,0,0,0,0,0,1,0,0,0,0,0,0,0,0,1,0,1,0,0,0
4,50.86800682037357,234.5260971157723,58.631524278943076,0,0,1,1,1,0,1,0,0,0,0,0,0,0,0,0,0,0,0,0,0,0,0,0,0,0,0,0,0
38,95.96551388834982,3760.6363337164257,96.64994634423968,1,0,0,0,1,0,1,1,0,0,0,0,0,0,0,0,0,0,1,0,1,0,0,1,0,0,0,0,1
38,104.90228462569814,4024.3858024458427,105.73497130336996,0,0,0,0,1,0,1,1,0,0,0,0,0,0,1,0,0,0,1,0,1,0,0,1,0,1,0,0,1
1,70.77230988796438,70.77230988796438,70.77230988796438,0,0,0,0,1,0,0,1,0,0,0,0,0,0,0,0,0,0,0,0,0,0,0,0,0,0,1,0,0
1,20.2,20.2,20.2,0,0,0,0,1,0,0,0,1,1,0,1,0,1,0,1,0,1,0,1,0,0,0,1,0,0,1,0,0
67,104.81909445512228,7185.77290986283,106.00709645826903,1,0,0,0,1,0,1,1,0,0,0,0,1,0,0,0,0,0,1,0,1,0,0,1,0,0,0,0,1
31,88.96239188333568,2752.1928878626136,88.53107147836081,0,0,0,0,1,0,1,1,0,0,0,0,0,0,0,0,0,0,0,0,1,0,0,1,0,1,0,1,0
1,69.76982169999182,69.76982169999182,69.76982169999182,0,1,0,0,1,0,0,1,0,0,0,0,0,0,0,0,0,0,0,0,0,0,0,1,0,1,0,0,0
1,70.34843205723035,70.34843205723035,70.34843205723035,1,0,0,0,1,0,0,1,0,0,0,0,0,0,0,0,0,0,0,0,0,0,0,0,0,1,0,0,0
1,69.42821280937495,69.42821280937495,69.42821280937495,1,0,0,0,1,0,0,1,0,0,0,0,0,0,0,0,0,0,0,0,0,0,0,0,0,0,0,0,0
22,41.888764886751574,891.8289454999965,40.53767934090893,1,0,0,0,0,1,0,0,0,0,0,0,0,0,0,0,0,0,0,0,1,0,0,0,0,0,0,1,0
12,56.590793011916006,655.0436970338642,54.49815773570838,0,0,0,0,1,0,0,0,0,0,0,0,0,0,0,0,0,0,0,0,0,0,0,0,0,0,0,0,0
5,80.19314755493137,413.06458516056864,82.61291703211373,0,0,0,0,1,0,0,1,0,0,0,0,0,0,0,0,0,0,0,0,0,0,0,1,0,1,0,0,0
30,99.16383031398132,3044.190001165041,99.5542294192146,0,0,1,0,1,0,0,1,0,0,0,0,0,0,1,0,0,0,1,0,1,0,0,1,0,1,0,1,0
11,98.82712497537612,1119.870755587713,93.90377546361711,0,0,0,0,1,0,0,1,0,0,0,0,0,0,0,0,0,0,1,0,1,0,0,1,0,0,0,0,0
3,62.616703937867726,156.05728239259918,52.01909413086639,0,0,0,0,1,0,0,0,0,0,0,0,0,0,0,0,0,0,1,0,0,0,0,0,0,0,0,0,0
52,105.4957044093827,5277.721006814954,100.39187514416787,1,0,1,0,1,0,1,1,0,0,0,0,0,0,1,0,0,0,1,0,1,0,0,1,0,0,0,0,1
22,101.17092834947829,2242.7562197532925,101.74321523282985,1,0,1,0,1,0,0,1,0,0,0,0,0,0,1,0,0,0,1,0,1,0,0,1,0,1,0,1,0
68,104.5869129900417,7251.572905682031,105.28190131649362,1,0,0,0,1,0,0,1,0,0,0,0,1,0,1,0,1,0,1,0,1,1,0,0,0,0,0,0,1
1,69.58298582747314,69.58298582747314,69.58298582747314,0,0,1,0,1,0,0,1,0,0,0,0,0,0,0,0,0,0,0,0,0,0,0,1,0,1,0,0,0
1,80.34851864997059,80.34851864997059,80.34851864997059,1,0,1,0,1,0,0,1,0,0,0,0,0,0,0,0,0,0,0,0,0,0,0,1,0,1,0,0,0
15,51.16835238391075,761.1686567469814,48.23540753281935,0,0,0,0,1,0,0,0,0,0,0,0,0,0,0,0,0,0,0,0,0,0,0,0,0,0,0,1,0
11,99.78090243364508,1219.616376986843,104.45540370295481,0,0,1,0,1,0,1,1,0,0,0,0,0,0,0,0,0,0,1,0,0,0,0,1,0,0,0,0,0
16,93.39225559965672,1481.8339125466032,91.44415138483006,1,0,0,0,1,0,0,1,0,0,0,0,0,0,0,0,0,0,0,0,1,0,0,1,0,1,0,1,0
1,69.83134108044432,69.83134108044432,69.83134108044432,0,0,0,0,1,0,0,1,0,0,0,0,0,0,0,0,0,0,0,0,0,0,0,1,0,1,0,0,0
16,66.38318779536914,1089.8377391182535,65.57019944970124,0,0,0,0,1,0,0,0,0,0,0,0,0,0,0,0,0,0,0,0,0,0,0,1,0,0,0,1,0
22,42.621319028939105,896.4618554803176,40.74826615819625,1,0,0,0,0,1,0,0,0,0,0,0,0,0,0,0,0,0,0,0,1,0,0,0,0,0,0,1,0
34,94.13353927968366,3214.669587083269,94.93631238056638,0,0,0,0,1,0,0,1,0,0,1,0,0,0,0,0,0,0,0,0,0,0,0,1,1,0,0,0,0
2,85.6926803249695,187.5999972647115,93.79999863235575,0,0,0,0,1,0,1,1,0,0,0,0,0,0,0,0,0,0,1,0,0,0,0,1,0,1,0,0,0
24,96.54899380167154,2351.0419399822363,96.95298819436711,1,0,0,0,1,0,0,1,0,0,0,0,0,0,0,0,0,0,1,0,1,0,0,1,0,0,0,1,0
48,101.07042650636893,5063.951626092663,103.72616542904403,0,0,0,1,1,0,1,1,0,0,0,0,0,0,0,0,0,0,1,0,1,1,0,1,0,0,0,0,1
36,84.2903865053875,3066.0669140480572,84.57591341612752,0,0,0,0,1,0,0,0,0,0,0,0,0,0,0,0,0,0,0,0,1,0,0,0,0,0,0,0,0
3,75.82263989856861,242.36566162197755,80.78855387399253,0,0,0,0,1,0,0,1,0,0,0,0,0,0,0,0,0,0,0,0,0,0,0,0,0,1,0,0,0
7,89.90166260933034,676.4219258858483,96.63170369797832,1,1,1,0,1,0,0,1,0,0,0,0,0,0,0,0,0,0,0,0,1,0,0,1,0,0,0,0,0
33,91.24597105904294,3033.023976321035,89.3550828178765,0,0,0,0,1,0,0,1,0,0,0,0,0,0,0,0,0,0,1,0,0,0,0,1,0,1,0,1,0
1,70.1574988248996,70.1574988248996,70.1574988248996,1,0,0,0,1,0,0,1,0,0,0,0,0,0,0,0,0,0,0,0,0,0,0,0,0,1,0,0,0
1,56.82307736607197,56.82307736607197,56.82307736607197,0,0,0,0,1,0,0,0,0,0,0,0,0,0,0,0,0,0,0,0,0,0,0,1,0,1,0,0,0
17,87.02354764534371,1506.7853866558432,85.54513351918528,0,1,0,0,1,0,0,1,0,0,0,0,0,0,0,0,1,0,0,0,0,0,0,1,0,1,0,1,0
1,69.89871696176829,69.89871696176829,69.89871696176829,0,1,0,0,1,0,0,1,0,0,0,0,0,0,0,0,0,0,0,0,0,0,0,1,0,1,0,0,0
37,100.3425402472326,3748.255894942998,101.30421337683778,0,0,0,0,1,0,1,1,0,0,0,0,0,0,1,0,0,0,0,0,1,0,0,1,0,1,0,0,1
2,94.93898860862151,180.46224228863525,90.23112114431763,1,1,0,0,1,0,0,1,0,0,0,0,0,0,0,0,0,0,0,0,1,0,0,1,0,0,0,0,0
1,20.2,20.2,20.2,0,0,0,0,1,0,0,0,1,1,0,1,0,1,0,1,0,1,0,1,0,0,0,1,0,0,1,0,0
1,79.28067753922348,79.28067753922348,79.28067753922348,0,0,0,0,1,0,0,1,0,0,0,0,0,0,0,0,0,0,0,0,1,0,0,1,0,1,0,0,0
1,54.3603247627798,54.3603247627798,54.3603247627798,0,0,0,0,1,0,0,0,0,0,0,0,0,0,0,0,0,0,0,0,0,0,0,0,0,0,0,0,0
3,55.16483371084517,196.03510865421842,63.14520486207807,0,0,0,0,1,0,0,0,0,0,0,0,0,0,0,0,0,0,0,0,1,0,0,0,0,1,0,0,0
20,105.3815619171825,2239.332789959667,111.28087257890857,0,0,1,0,1,0,0,1,0,0,0,0,0,0,1,0,0,0,1,0,1,0,0,1,0,0,0,1,0
13,70.33763069651343,997.2426947258856,72.11594677301058,0,0,0,0,1,0,1,0,0,0,0,0,0,0,0,0,0,0,0,0,0,0,0,1,0,0,0,1,0
52,111.2192399450379,5915.65365635487,113.61911224400397,0,0,0,0,1,0,1,1,0,0,0,0,1,0,0,0,1,0,1,0,1,1,0,0,0,0,0,0,1
1,74.28649957566603,74.28649957566603,74.28649957566603,0,1,0,0,1,0,1,1,0,0,0,0,0,0,0,0,0,0,0,0,0,0,0,1,0,1,0,0,0
51,86.1919035593302,4347.564713826202,84.6545600265269,0,0,0,0,1,0,0,1,0,0,0,0,1,0,0,0,0,0,0,0,0,0,0,1,0,1,0,0,1
5,81.0,380.73524643798237,76.14704928759647,0,0,0,0,1,0,0,1,0,0,0,0,0,0,0,0,0,0,0,0,0,0,0,1,0,0,0,0,0
1,70.15,70.15,70.15,0,0,0,0,1,0,0,1,0,0,0,0,0,0,0,0,0,0,0,0,0,0,0,1,0,0,1,0,0
11,103.61677479452685,1133.5549017841645,102.14369053267032,0,0,0,0,1,0,1,1,0,0,0,0,0,0,0,0,1,0,1,0,1,0,0,1,0,0,0,0,0
24,88.21821420492005,2169.7820413157347,90.4287320453283,0,0,0,0,1,0,0,1,0,0,0,0,0,0,0,0,0,0,0,0,0,0,0,0,0,0,0,1,0
12,98.03806208479004,1133.3873126384033,92.87615705399416,1,0,0,0,1,0,0,1,0,0,0,0,0,0,0,0,0,0,1,0,1,0,0,1,0,0,0,0,0
24,76.56345166835791,1862.925052296265,75.69723046178008,0,0,0,0,1,0,0,0,0,0,0,0,1,0,0,0,0,0,0,0,0,0,0,0,0,0,0,1,0
3,59.07010414655609,154.12837475193197,51.376124917310655,0,0,0,0,1,0,1,0,0,0,0,0,0,0,0,0,0,0,0,0,0,0,0,1,0,0,0,0,0
47,79.91672916858334,3823.03754021712,80.37533051849633,0,1,1,0,1,0,1,1,0,0,1,0,0,0,0,0,0,0,0,0,0,0,0,0,0,1,0,0,1
22,40.27699362030947,881.6355812743897,40.07434460338135,1,0,0,0,0,1,0,0,0,0,0,0,0,0,0,0,0,0,0,0,1,0,0,0,0,0,0,1,0
1,48.791162255324714,48.791162255324714,48.791162255324714,1,0,0,0,1,0,0,0,0,0,0,0,0,0,0,0,0,0,0,0,0,0,0,1,0,0,1,0,0
52,105.4575694076789,5452.810139087939,103.88967960517972,0,0,0,0,1,0,0,1,0,0,0,0,0,0,1,0,0,0,1,0,1,0,0,0,0,1,0,0,1
8,100.88500259797682,819.9903625243805,102.49879531554757,0,1,0,0,1,0,1,1,0,0,0,0,0,0,1,0,0,0,1,0,1,0,0,1,0,1,0,0,0
31,85.32002136303791,2661.291229685426,83.21013262938818,1,0,1,0,1,0,1,1,0,0,0,0,0,0,0,0,0,0,0,0,1,0,0,0,0,1,0,1,0
49,95.49599499020654,4781.619242739568,97.36436825417631,0,0,1,0,1,0,1,1,0,0,0,0,0,0,0,0,0,0,1,0,0,0,0,1,0,0,0,0,1
12,88.13368671295034,1054.290781581077,85.78810547322863,0,0,0,0,1,0,1,1,0,0,0,0,1,0,0,0,0,0,0,0,0,0,0,1,0,0,0,0,0
43,101.21475580173976,4528.31418068868,105.09829084535815,1,0,0,0,1,0,1,1,0,0,0,0,1,0,0,0,0,0,0,0,1,0,0,0,0,0,0,0,1
15,52.37517135954494,763.4908871245863,50.899392474972416,0,0,0,0,1,0,1,0,0,0,0,0,0,0,0,0,0,0,0,0,0,0,0,0,0,0,0,1,0
17,91.42249368687196,1528.4026453282852,86.42734986957608,0,0,0,0,1,0,1,1,0,0,0,0,1,0,0,0,0,0,1,0,0,0,0,1,0,0,0,1,0
21,43.88352343336467,902.3800813588047,41.795722688229716,0,0,0,0,0,1,0,0,0,0,0,0,0,0,0,0,0,0,0,0,1,1,0,1,0,0,0,1,0
38,85.67828594748643,3265.5450872786487,84.39996965979964,0,0,0,0,1,0,0,1,0,0,0,0,1,0,0,0,0,0,0,0,0,0,0,1,0,0,0,0,1
28,31.74181766442031,854.708005571077,30.587810843403894,0,0,0,0,0,1,0,0,0,0,0,0,0,0,0,0,0,0,0,0,0,0,0,1,0,1,0,1,0
26,82.74952436050593,2076.2026635811667,79.85394859927565,1,0,0,0,1,0,1,1,0,0,0,0,0,0,0,0,0,0,0,0,0,0,0,1,0,1,0,1,0
4,74.93131246056099,308.24526987365056,77.06131746841264,1,0,1,0,1,0,1,1,0,0,0,0,0,0,0,0,0,0,0,0,0,0,0,0,0,1,0,0,0
15,97.22556518761665,1450.8312811853127,96.72208541235418,0,0,0,0,1,0,0,1,0,0,0,0,0,0,0,0,0,0,1,0,1,0,0,1,0,1,0,1,0
43,110.70193922356081,4688.000250485562,108.97888080585827,1,1,0,0,1,0,1,1,0,0,0,0,0,0,0,0,0,0,1,0,1,0,0,1,0,0,0,0,1
26,86.7607302581951,2193.056480022622,84.52905287601665,0,1,0,0,1,0,1,1,0,0,0,0,0,0,0,0,0,0,0,0,0,0,0,1,0,1,0,1,0
33,71.50064419089907,2411.8481747924525,71.76150290395138,0,0,0,0,1,0,0,0,0,0,0,0,0,0,0,0,0,0,0,0,0,0,0,1,0,0,0,1,0
3,71.59345397457909,235.36215690435313,64.69763972363224,0,0,0,0,1,0,0,1,0,0,0,0,0,0,0,0,0,0,0,0,0,0,0,1,0,0,0,0,0
16,32.009693690538064,481.97257083984164,30.123817244600033,0,0,0,0,0,0,0,0,0,0,0,0,0,0,0,0,0,0,0,0,0,0,0,1,0,1,0,0,0
20,44.270254389697186,898.846766712312,43.8897724098066,0,0,0,0,0,1,0,0,0,0,0,0,0,0,0,0,0,0,0,0,1,1,0,1,0,0,0,1,0
30,90.5513370374031,2656.8243212099833,87.94916681046062,1,1,1,0,1,0,1,1,0,0,0,0,0,0,0,0,0,0,0,0,1,0,0,0,0,1,0,1,0
27,103.56148637141787,2867.096448116299,105.23296900810557,0,1,0,0,1,0,1,1,0,0,0,0,0,0,0,0,1,0,1,0,1,0,0,0,0,0,0,1,0
21,84.0788782197189,1855.3324918026733,84.7880686312724,0,0,0,0,1,0,0,1,0,0,0,0,1,0,0,0,0,0,0,0,0,0,0,1,0,0,0,1,0
1,54.64236002173386,54.64236002173386,54.64236002173386,0,0,0,0,1,0,0,0,0,0,0,0,0,0,0,0,0,0,0,0,0,0,0,0,0,0,0,0,0
34,70.05838675354623,2416.1875801303195,70.66911787699219,0,0,0,0,1,0,0,1,0,0,0,0,0,0,0,0,0,0,0,0,0,0,0,1,0,0,0,1,0
7,49.42707674649112,356.24568842280456,46.76517746599339,0,0,0,0,1,0,0,0,0,0,0,0,0,0,0,0,0,0,0,0,0,0,0,0,0,1,0,0,0
61,103.11760446567935,6230.900572207462,101.68985242899993,0,0,1,0,1,0,1,1,0,0,1,0,1,0,1,0,0,0,1,0,0,0,0,1,0,1,0,0,1
1,25.134492420886627,25.134492420886627,25.134492420886627,1,0,0,0,0,1,0,0,0,0,0,0,0,0,0,0,0,0,0,0,0,0,0,1,0,1,0,0,0
3,78.29449967932982,243.94407810848773,81.31469270282923,0,0,0,0,1,0,0,1,0,0,0,0,0,0,0,0,0,0,0,0,0,0,0,0,0,1,0,0,0
2,92.26510664884498,194.36129385098357,97.18064692549179,0,0,0,0,1,0,1,1,0,0,0,0,0,0,0,0,0,0,1,0,0,0,0,1,0,1,0,0,0
35,84.87189547193655,3050.0021810566564,84.8068767269619,1,0,0,0,1,0,0,1,0,0,0,0,0,0,0,0,0,0,0,0,1,0,0,1,0,1,0,1,0
5,79.8031156962685,375.5909605122866,75.11819210245731,0,1,0,0,1,0,0,1,0,0,0,0,0,0,0,0,0,0,0,0,0,0,0,0,0,1,0,0,0
71,116.06716105411283,8222.276404693617,115.67362232424313,0,0,1,0,1,0,1,1,0,0,1,0,1,0,1,0,1,0,1,0,1,0,0,1,0,0,0,0,1
18,78.44732131899664,1423.0040975073855,78.97491187868602,0,0,1,0,1,0,0,1,0,0,0,0,0,0,0,0,0,0,0,0,0,0,0,0,0,1,0,1,0
45,57.55486257370251,2536.8851380930832,57.678497309370265,0,0,0,0,0,0,0,0,0,0,0,0,1,0,0,0,0,0,0,0,0,0,0,1,0,0,0,0,0
29,74.57915863111674,2093.7260441348403,73.72133125291448,0,0,0,0,0,0,0,0,0,0,0,0,0,0,0,0,0,0,0,0,0,0,0,1,0,1,0,0,0
1,90.59314451471354,90.59314451471354,90.59314451471354,0,0,0,0,1,0,0,1,0,0,0,0,0,0,0,0,0,0,1,0,1,0,0,0,0,1,0,0,0
1,20.07676550657263,20.07676550657263,20.07676550657263,1,0,0,0,1,0,0,0,1,1,0,1,0,1,0,1,0,1,0,1,0,0,0,0,0,0,1,0,0
13,67.58370508503099,942.3557717937086,69.73804004909738,0,0,0,0,1,0,0,0,0,0,0,0,0,0,0,0,0,0,0,0,0,0,0,0,0,0,0,0,0
19,24.687567183020306,482.8109086971795,24.380388017846524,0,0,1,0,0,0,0,0,0,0,0,0,0,0,0,0,0,0,0,0,0,0,0,1,0,1,0,0,0
1,20.76557948984016,20.76557948984016,20.76557948984016,0,0,1,0,1,0,0,0,1,1,0,1,0,1,0,1,0,1,0,1,0,0,0,1,0,0,1,0,0
9,74.95627939551903,799.7380607945782,80.1891462203551,0,0,0,0,1,0,1,1,0,0,0,0,0,0,0,0,0,0,0,0,0,0,0,1,0,1,0,0,0
1,79.75915458846436,79.75915458846436,79.75915458846436,0,0,0,0,1,0,0,1,0,0,0,0,0,0,0,0,0,0,0,0,0,0,0,1,0,0,0,0,0
8,94.2971116642404,773.9268999864009,96.74086249830012,0,0,0,0,1,0,1,1,0,0,0,0,0,0,1,0,0,0,1,0,0,0,0,0,0,1,0,0,0
17,92.17095049547231,1519.471157190589,89.53482144934884,0,0,0,0,1,0,0,1,0,0,0,0,0,0,0,0,0,0,1,0,0,0,0,1,0,0,0,1,0
4,89.91831656158699,368.57735246424716,92.14433811606179,0,0,0,0,1,0,1,1,0,0,0,0,0,0,0,0,0,0,0,0,1,0,0,1,0,1,0,0,0
12,81.84841374204855,994.2515341231975,82.72694909854582,0,0,0,0,1,0,1,1,0,0,0,0,0,0,0,0,0,0,0,0,0,0,0,0,0,0,0,0,0
1,73.24990753400797,73.24990753400797,73.24990753400797,0,1,0,0,1,0,0,1,0,0,0,0,0,0,0,0,0,0,0,0,0,0,0,1,0,1,0,0,0
54,104.37275674608146,5639.407759172271,104.13907870573581,1,0,0,0,1,0,0,1,0,0,1,0,0,0,0,0,0,0,1,0,1,0,0,1,0,0,0,0,1
8,100.09977883800035,820.3514010336072,101.41447696630898,1,0,0,0,1,0,1,1,0,0,0,0,0,0,0,0,0,0,1,0,1,0,0,1,0,1,0,0,0
46,92.00432266041788,4141.955929096174,90.11265307589291,1,0,1,0,1,0,1,1,0,0,0,0,1,0,1,0,0,0,0,0,0,0,0,1,0,1,0,0,1
1,79.0349951335306,79.0349951335306,79.0349951335306,1,0,0,0,1,0,0,1,0,0,0,0,0,0,0,0,0,0,1,0,0,0,0,1,0,1,0,0,0
7,72.51623147781777,540.0688217441706,77.15268882059578,1,0,0,0,1,0,0,1,0,0,0,0,0,0,0,0,0,0,0,0,0,0,0,0,0,0,0,0,0
25,88.96859607176351,2176.275610134882,86.174302126414,0,0,1,0,1,0,0,1,0,0,0,0,0,0,0,0,0,0,0,0,1,0,0,0,0,1,0,1,0
1,69.06900453234219,69.06900453234219,69.06900453234219,0,0,0,0,1,0,0,1,0,0,0,0,0,0,0,0,0,0,0,0,0,0,0,1,0,1,0,0,0
33,101.98332505981489,3374.112117908816,100.03553354927493,0,0,0,0,1,0,0,1,0,0,0,0,0,0,1,0,0,0,1,0,1,0,0,1,0,1,0,1,0
4,96.6274100435632,422.77347581607734,105.69336895401933,0,0,0,0,1,0,1,1,0,0,0,0,0,0,0,0,0,0,1,0,1,0,0,1,0,1,0,0,0
5,74.68366131511777,337.4363335592921,67.48726671185842,1,1,0,0,1,0,0,1,0,0,0,0,0,0,0,0,0,0,0,0,0,0,0,1,0,0,0,0,0
12,100.05472270266885,1234.1718292223575,102.84765243519645,0,0,0,0,1,0,1,1,0,0,0,0,1,0,0,0,0,0,0,0,1,0,0,1,0,0,0,0,0
3,19.84460423444701,63.14567425806531,21.04855808602177,0,0,0,0,1,0,0,0,1,1,0,1,0,1,0,1,0,1,0,1,0,0,0,0,0,0,1,0,0
3,78.58039756429292,242.4073225079686,80.80244083598953,0,0,0,0,1,0,0,1,0,0,0,0,0,0,0,0,0,0,0,0,0,0,0,1,0,1,0,0,0
42,104.20910074608713,4400.195948804264,103.7522510843642,0,0,0,0,1,0,0,1,0,0,0,0,0,0,0,0,0,0,1,0,1,0,0,0,0,1,0,0,1
19,94.56155656494519,1839.2936765439683,96.30207709222798,0,0,1,0,1,0,0,1,0,0,0,0,0,0,0,0,0,0,0,0,1,0,0,0,0,0,0,1,0
16,79.45950008626487,1234.070510381914,77.44942284466855,1,0,1,0,1,0,0,1,0,0,0,0,0,0,0,0,0,0,0,0,0,0,0,1,0,1,0,1,0
7,49.3467564073363,354.4786409613986,46.968659815886376,0,0,0,0,1,0,0,0,0,0,0,0,0,0,0,0,0,0,0,0,0,0,0,0,0,1,0,0,0
17,94.58613532954706,1588.7724189858209,94.22921662392594,0,0,1,0,1,0,1,1,0,0,0,0,0,0,0,0,0,0,0,0,0,0,0,0,0,1,0,1,0
19,71.6912016804778,1474.1325684114815,74.3309771538765,1,0,0,0,1,0,0,1,0,0,0,0,0,0,0,0,0,0,0,0,0,0,0,1,0,1,0,1,0
4,49.25590119139128,184.65553522059946,46.163883805149865,0,0,0,0,1,0,0,0,0,0,0,0,0,0,0,0,0,0,0,0,0,0,0,0,0,0,0,0,0
12,54.975573342075485,708.9080862647629,54.989709341673034,1,0,0,0,0,0,0,0,0,0,0,0,0,0,0,0,1,0,1,0,0,0,0,1,0,1,0,0,0
1,70.19229549292494,70.19229549292494,70.19229549292494,0,0,0,0,1,0,0,1,0,0,0,0,0,0,0,0,0,0,0,0,0,0,0,1,0,1,0,0,0
3,69.88581904007462,216.01851661409316,72.0061722046977,1,0,0,0,1,0,0,1,0,0,0,0,0,0,0,0,0,0,0,0,0,0,0,0,0,1,0,0,0
26,89.03077387277203,2276.525867943279,87.55868722858766,0,0,0,0,1,0,0,1,0,0,0,0,0,0,0,0,0,0,1,0,0,0,0,1,0,0,0,1,0
56,97.57838615631489,5461.949281823193,97.70013253222012,0,0,0,0,1,0,0,1,0,0,0,0,0,0,1,0,0,0,1,0,1,0,0,0,0,1,0,0,1
37,100.40967239611768,3747.883134853136,101.29413877981449,0,0,0,0,1,0,1,1,0,0,0,0,0,0,1,0,0,0,0,0,1,0,0,1,0,1,0,0,1
6,72.45036460303831,440.663129059079,69.29731770235279,0,0,0,0,1,0,0,1,0,0,0,0,0,0,0,0,0,0,0,0,0,0,0,0,0,1,0,0,0
15,74.88009214446765,1147.5966344892336,75.90544999786579,0,0,0,0,1,0,0,1,0,0,0,0,0,0,0,0,0,0,0,0,0,0,0,1,0,0,0,1,0
15,91.83298526912739,1449.2251237915207,91.12240452815328,1,0,0,0,1,0,1,1,0,0,0,0,0,0,0,0,0,0,0,0,0,0,0,0,0,0,0,1,0
39,97.41535490171579,3714.105552888932,93.99552638398208,0,0,1,0,1,0,1,1,0,0,0,0,0,0,0,0,0,0,0,0,1,0,0,1,0,0,0,0,1
4,88.7449735074886,371.97738078369866,92.99434519592467,0,0,0,0,1,0,0,1,0,0,0,0,0,0,0,0,0,0,0,0,1,0,0,1,0,1,0,0,0
64,93.75016481299795,6091.621368016277,94.69627963065454,1,0,0,0,1,0,0,1,0,0,0,0,0,0,0,0,0,0,0,0,1,1,0,1,0,0,0,0,1
8,77.53783609752064,608.7404397124227,76.09255496405284,0,1,0,0,1,0,0,1,0,0,0,0,0,0,0,0,0,0,0,0,0,0,0,1,0,1,0,0,0
12,98.7583121379519,1120.7082971765062,93.3923580980422,0,0,0,0,1,0,0,1,0,0,0,0,0,0,0,0,0,0,1,0,1,0,0,0,0,0,0,0,0
17,50.93613309329541,899.9106954884817,52.46678452757182,0,0,0,0,0,0,0,0,0,0,0,0,0,0,0,0,0,0,0,0,0,0,0,0,0,0,0,1,0
2,44.95459576492165,80.6776544753718,40.3388272376859,0,0,0,0,1,0,0,0,0,0,0,0,0,0,0,0,0,0,0,0,0,0,0,0,0,0,0,0,0
2,44.64685481839914,80.90681746319343,40.45340873159672,0,0,0,0,0,0,0,0,0,0,0,0,0,0,0,0,0,0,0,0,0,0,0,1,0,0,0,0,0
8,74.5,609.6612899619863,76.20766124524829,1,0,0,0,1,0,0,1,0,0,0,0,0,0,0,0,0,0,0,0,0,0,0,1,0,1,0,0,0
8,71.16891322952668,672.4997498277752,74.83460143707222,0,0,0,0,1,0,0,1,0,0,0,0,0,0,0,0,0,0,0,0,0,0,0,0,0,1,0,0,0
38,56.68297483060935,2185.776754135777,56.68372438072088,0,0,0,0,0,0,0,0,0,0,0,0,0,0,0,0,0,0,0,0,0,0,0,0,0,1,0,0,0
9,72.37131938350976,622.2831446447286,69.14257162719207,0,0,0,0,1,0,0,0,0,0,0,0,0,0,0,0,0,0,0,0,0,0,0,0,0,0,0,0,0
17,98.54094982439307,1749.3530747530563,99.19900686772975,0,0,0,0,1,0,1,1,0,0,0,0,0,0,0,0,0,0,1,0,1,0,0,1,0,1,0,1,0
24,99.81958333673006,2509.22166665308,101.60280064245799,0,1,0,0,1,0,0,1,0,0,0,0,1,0,1,0,0,0,1,0,1,0,0,1,0,0,0,1,0
10,99.44784128579226,984.7277379949858,98.47277379949858,0,0,0,0,1,0,0,1,0,0,0,0,0,0,0,0,0,0,1,0,1,0,0,1,0,1,0,0,0
15,99.60144598235486,1505.6612272520545,98.95848355147447,0,0,0,0,1,0,0,1,0,0,0,0,0,0,0,0,0,0,1,0,1,0,0,1,0,1,0,1,0
29,100.73907945218157,2971.0342652767604,101.64193568134652,0,0,0,0,1,0,1,1,0,0,0,0,0,0,1,0,0,0,0,0,1,0,0,1,0,0,0,1,0
7,82.96656387811207,545.8758657063687,77.98226652948124,0,0,0,0,1,0,1,1,0,0,0,0,0,0,0,0,0,0,0,0,0,0,0,1,0,1,0,0,0
24,97.38479731132507,2437.6875798061606,99.58115697215166,0,0,0,0,1,0,0,1,0,0,0,0,0,0,1,0,0,0,0,0,1,0,0,0,1,0,0,1,0
21,44.305935420880694,900.7662052882541,41.81337816329721,1,0,0,0,0,0,0,0,0,0,0,0,0,0,0,0,0,0,0,0,0,0,0,0,0,0,0,1,0
2,70.51889404810454,147.06507567992534,73.53253783996267,0,0,0,0,1,0,0,0,0,0,0,0,0,0,0,0,0,0,0,0,0,0,0,0,0,1,0,0,0
4,73.45749064888695,295.29376878354645,73.82344219588661,0,0,0,0,1,0,0,0,0,0,0,0,0,0,0,0,0,0,0,0,0,0,0,0,0,1,0,0,0
7,73.78721196183379,567.095603568225,73.61621871198551,0,0,0,0,1,0,0,0,0,0,0,0,0,0,0,0,0,0,0,0,0,0,0,0,0,1,0,0,0
3,74.35786654930921,210.19003895458772,70.06334631819591,0,0,0,0,1,0,1,1,0,0,0,0,0,0,0,0,0,0,0,0,0,0,0,1,0,1,0,0,0
22,39.27347774234776,878.2402057306873,39.14794986533833,0,0,0,0,0,1,0,0,0,0,0,0,0,0,0,0,0,0,0,0,0,0,0,0,0,0,0,1,0
44,95.5664765784275,4364.297660785704,98.59742291887328,0,0,0,0,1,0,1,1,0,0,0,0,0,0,0,0,0,0,0,0,0,0,0,1,0,1,0,0,1
33,73.12149762490937,2412.88648475928,71.55820762638437,0,0,0,0,1,0,0,1,0,0,0,0,0,0,0,0,0,0,0,0,0,0,0,1,0,0,0,1,0
1,69.71923305564856,69.71923305564856,69.71923305564856,0,1,0,0,1,0,0,1,0,0,0,0,0,0,0,0,0,0,0,0,0,0,0,1,0,1,0,0,0
4,65.05789089330341,236.88029117123463,59.22007279280866,0,0,0,0,1,0,0,0,0,0,0,0,0,0,0,0,0,0,0,0,0,0,0,0,0,0,0,0,0
1,35.32638792793058,35.32638792793058,35.32638792793058,1,0,0,0,0,1,0,0,0,0,0,0,0,0,0,0,0,0,0,0,1,0,0,1,0,0,0,0,0
8,100.7985781844511,819.5191469106707,102.43989336383383,1,0,0,0,1,0,1,1,0,0,0,0,0,0,0,0,0,0,1,0,1,0,0,0,0,1,0,0,0
2,30.18988945376747,58.7222566709696,29.3611283354848,0,0,0,0,0,1,0,0,0,0,0,0,0,0,0,0,0,0,0,0,0,0,0,1,0,1,0,0,0
30,92.48305446576325,2805.3932182283047,92.35115017749004,0,0,0,0,1,0,1,1,0,0,0,0,0,0,0,0,0,0,0,0,0,0,0,1,0,0,0,1,0
2,77.4578064322894,161.77390134191336,80.88695067095668,0,0,0,0,1,0,0,1,0,0,0,0,0,0,0,0,0,0,0,0,0,0,0,0,0,1,0,0,0
64,105.2785303252831,6884.213444120043,106.07229109938136,0,0,1,0,1,0,1,1,0,0,0,0,1,0,0,0,0,0,1,0,1,1,0,1,0,1,0,0,1
1,19.60909063997475,19.60909063997475,19.60909063997475,1,0,0,1,1,0,0,0,1,1,0,1,0,1,0,1,0,1,0,1,0,0,0,0,0,0,1,0,0
35,100.90287800233511,3495.383365768019,99.44096816992274,0,0,0,0,1,0,1,1,0,0,0,0,0,0,1,0,0,0,0,0,0,0,0,1,0,1,0,0,0
20,60.376141151898125,1235.453601984836,59.259764795485616,1,0,0,0,1,0,0,0,0,0,0,0,0,0,0,0,0,0,0,0,0,0,0,1,0,0,0,1,0
8,100.91392171545354,835.3592228347641,104.41990285434551,0,0,0,0,1,0,0,1,0,0,1,0,0,0,0,0,1,0,1,0,1,0,0,0,0,0,0,0,0
3,79.70966567614438,262.86190764589645,87.62063588196548,1,0,0,0,1,0,0,1,0,0,0,0,0,0,0,0,0,0,1,0,0,0,0,0,0,1,0,0,0
8,105.39584571266602,829.6060830777951,103.70076038472439,0,1,0,0,1,0,0,1,0,0,0,0,0,0,0,0,0,0,1,0,1,0,0,0,0,0,0,0,0
1,80.4587769667364,80.4587769667364,80.4587769667364,0,0,0,0,1,0,0,1,0,0,0,0,0,0,0,0,0,0,0,0,0,0,0,1,0,0,1,0,0
15,77.72474989230514,1109.9291442277533,73.99527628185021,0,0,0,0,1,0,1,1,0,0,0,0,0,0,0,0,0,0,0,0,0,0,0,1,0,0,0,1,0
7,72.22993772616273,527.8498793252635,75.40712561789478,0,0,0,0,1,0,0,1,0,0,0,0,0,0,0,0,0,0,0,0,0,0,0,1,0,0,0,0,0
3,74.45415398484448,249.11404166805247,78.94008531756319,0,0,0,0,1,0,0,0,0,0,0,0,0,0,0,0,0,0,0,0,0,0,0,1,0,0,0,0,0
1,69.37023248743397,69.37023248743397,69.37023248743397,0,1,0,0,1,0,0,1,0,0,0,0,0,0,0,0,0,0,0,0,0,0,0,1,0,1,0,0,0
30,19.56280957463662,658.5529031862649,21.333977086927113,0,0,1,0,1,0,0,0,1,1,0,1,0,1,0,1,0,1,0,1,0,0,0,0,0,0,0,1,0
5,52.08582808753439,307.1844573561173,57.996710935259415,0,0,0,0,0,0,0,0,0,0,0,0,0,0,0,0,0,0,0,0,0,0,0,0,0,1,0,0,0
1,74.16044600217933,74.16044600217933,74.16044600217933,0,1,0,0,1,0,1,1,0,0,0,0,0,0,0,0,0,0,0,0,0,0,0,1,0,1,0,0,0
68,105.54230854441445,7210.51183620124,104.84372762806102,1,0,0,0,1,0,1,1,0,0,0,0,1,0,0,0,1,0,1,0,1,1,0,0,0,0,0,0,1
30,91.46310150011756,2805.9881907915983,91.63803175671941,0,0,0,0,1,0,1,1,0,0,0,0,0,0,0,0,0,0,0,0,0,0,0,1,0,0,0,1,0
1,69.32962306488326,69.32962306488326,69.32962306488326,0,0,0,0,1,0,0,1,0,0,0,0,0,0,0,0,0,0,0,0,0,0,0,1,0,1,0,0,0
1,20.07576199587778,20.07576199587778,20.07576199587778,0,0,0,0,1,0,0,0,1,1,0,1,0,1,0,1,0,1,0,1,0,0,0,1,0,0,1,0,0
4,82.67724302490156,334.9465396929103,83.73663492322757,1,0,0,0,1,0,1,1,0,0,0,0,0,0,0,0,0,0,0,0,0,0,0,0,0,0,0,0,0
25,88.80059823636638,2189.2349552027567,86.59229312673489,0,1,0,0,1,0,1,1,0,0,0,0,0,0,0,0,0,0,0,0,0,0,0,1,0,1,0,1,0
25,86.12939428797928,2168.6187442543874,85.07864322694107,0,0,0,0,1,0,0,1,0,0,0,0,0,0,0,0,0,0,0,0,0,0,0,0,0,0,0,1,0
1,39.74436983887156,39.74436983887156,39.74436983887156,0,1,0,0,0,1,0,0,0,0,0,0,0,0,0,0,0,0,1,0,0,0,0,0,0,1,0,0,0
55,99.65442664274511,5509.112403034634,99.8125188302336,0,0,0,0,1,0,1,1,0,0,0,0,0,0,0,0,0,0,1,0,1,1,0,1,0,1,0,0,1
6,84.6242007859731,503.515193675157,83.91919894585949,0,0,0,0,1,0,0,1,0,0,0,0,0,0,0,0,0,0,0,0,0,0,0,1,0,0,0,0,0
55,104.29167567493792,5761.326162066991,104.08502035756624,1,0,1,0,1,0,1,1,0,0,0,0,0,0,1,0,0,0,1,0,1,1,0,1,0,0,0,0,1
44,74.63846708611999,3307.4773779067173,73.88810960512954,0,0,1,1,1,0,0,1,0,0,0,0,0,0,0,0,0,0,0,0,0,0,0,0,0,0,0,0,1
36,84.77760795915471,3053.288104690585,84.81355846362736,1,0,0,0,1,0,1,1,0,0,0,0,0,0,0,0,0,0,0,0,1,0,0,1,0,1,0,1,0
1,69.85693150018183,69.85693150018183,69.85693150018183,1,0,0,0,1,0,0,1,0,0,0,0,0,0,0,0,0,0,0,0,0,0,0,1,0,1,0,0,0
40,92.37817789246743,3635.0396304388323,89.07159998003446,0,1,1,0,1,0,0,1,0,0,0,0,0,0,0,0,0,0,0,0,1,0,0,1,0,0,0,0,1
21,70.9380925502431,1462.3082200445015,70.41702310077747,1,0,1,0,0,0,0,0,0,0,0,0,1,0,0,0,0,0,0,0,0,0,0,0,0,0,0,0,0
23,81.70627485648541,1912.8497388100789,83.1673799482643,0,0,0,0,1,0,0,1,0,0,0,0,0,0,1,0,0,0,0,0,0,0,0,0,0,1,0,1,0
19,89.90245859521337,1779.0946860583624,93.63656242412434,0,0,0,0,1,0,1,1,0,0,0,0,1,0,0,0,0,0,0,0,0,0,0,1,0,1,0,1,0
43,93.3300193004284,4076.490508708061,94.94170346507617,1,0,1,0,1,0,1,1,0,0,0,0,0,0,0,0,0,0,0,0,0,0,0,0,0,0,0,0,1
42,103.4698189571402,4527.913099204089,106.11181189495375,0,0,0,0,1,0,1,1,0,0,0,0,1,0,0,0,0,0,1,0,1,0,0,1,0,0,0,0,1
8,102.75267948975555,846.105358979511,105.76316987243888,0,0,0,0,1,0,0,1,0,0,0,0,0,0,0,0,0,0,1,0,1,0,0,0,0,0,0,0,0
1,74.46706576605008,74.46706576605008,74.46706576605008,1,1,0,0,1,0,1,1,0,0,0,0,0,0,0,0,0,0,0,0,0,0,0,1,0,1,0,0,0
49,95.37478841043458,4729.493507907829,95.21290639006045,1,1,0,0,1,0,1,1,0,0,0,0,0,0,0,0,0,0,1,0,0,0,0,1,0,0,0,0,1
21,40.498312721189315,842.3888311261593,38.960635841377794,0,0,0,0,0,1,0,0,0,0,0,0,0,0,0,0,0,0,1,0,0,0,0,1,0,0,0,1,0
2,19.963272881062398,32.44929441617995,16.224647208089976,0,0,0,0,1,0,0,0,1,1,0,1,0,1,0,1,0,1,0,1,0,0,0,0,0,0,1,0,0
14,74.38354991959143,1096.4891520634176,78.23948728972185,0,0,0,0,1,0,1,1,0,0,0,0,0,0,0,0,0,0,0,0,0,0,0,1,0,1,0,1,0
24,90.73783580050863,2281.391679230197,95.05798663459153,0,0,0,0,1,0,1,1,0,0,0,0,0,0,0,0,0,0,1,0,0,0,0,1,0,0,0,1,0
20,88.75390970595703,1821.548771576034,90.71519131103942,0,0,1,0,1,0,0,1,0,0,0,0,0,0,0,0,0,0,0,0,1,0,0,0,0,0,0,1,0
31,71.38166667572143,2350.7430555713327,74.27282832290098,1,0,1,0,1,0,0,1,0,0,0,0,0,0,0,0,0,0,0,0,0,0,0,1,0,0,0,1,0
3,79.86706780663637,259.6946817228907,86.56489390763025,1,0,0,0,1,0,0,1,0,0,0,0,0,0,0,0,0,0,0,0,0,0,0,1,0,0,0,0,0
57,99.27100256342868,5745.259434707452,99.4136129115821,1,0,1,0,1,0,1,1,0,0,0,0,0,0,1,0,0,0,1,0,0,0,0,0,0,1,0,0,1
16,70.14795242190125,1149.2491277256854,69.24275044077089,0,0,0,0,1,0,0,1,0,0,0,0,0,0,0,0,0,0,0,0,0,0,0,1,0,0,0,1,0
1,20.8539198851602,20.8539198851602,20.8539198851602,0,0,0,0,1,0,0,0,1,1,0,1,0,1,0,1,0,1,0,1,0,0,0,0,0,0,1,0,0
1,50.32236628817168,50.32236628817168,50.32236628817168,0,0,0,0,1,0,1,0,0,0,0,0,0,0,0,0,0,0,0,0,0,0,0,0,0,0,1,0,0
1,45.05796484859944,45.05796484859944,45.05796484859944,0,0,0,0,1,0,0,0,0,0,0,0,0,0,0,0,0,0,0,0,0,0,0,0,0,0,1,0,0
3,34.08968092685975,138.94920231714937,43.246958517885425,0,0,0,0,0,1,0,0,0,0,1,0,0,0,0,0,0,0,0,0,0,0,0,0,0,0,0,0,0
5,48.08841372874171,220.28898253432405,44.05779650686481,1,0,0,0,1,0,0,0,0,0,0,0,0,0,0,0,0,0,0,0,0,0,0,0,0,1,0,0,0
22,77.64332122374334,1744.8392267786603,76.5987118640617,0,0,1,0,1,0,1,0,0,0,0,0,0,0,0,0,0,0,0,0,0,0,0,1,0,0,0,1,0
5,93.40568910134371,454.4675571485242,90.89351142970483,0,0,0,0,1,0,0,1,0,0,0,0,0,0,0,0,0,0,1,0,0,0,0,1,0,1,0,0,0
2,78.22130279872984,145.85659350664278,72.92829675332139,0,0,0,0,1,0,0,1,0,0,0,0,0,0,0,0,0,0,0,0,0,0,0,1,0,0,0,0,0
10,24.432515776051478,228.2298192775059,23.123350344670314,0,0,0,0,0,0,0,0,0,0,0,0,0,0,0,0,0,0,0,0,0,0,0,0,0,0,0,0,0
2,87.89667527507979,184.31000645630985,92.15500322815492,0,0,0,0,1,0,0,1,0,0,0,0,0,0,0,0,0,0,1,0,0,0,0,1,0,0,0,0,0
6,85.90842448621792,545.6135567623315,79.56264115491076,0,0,0,0,1,0,1,1,0,0,0,0,0,0,0,0,0,0,1,0,0,0,0,1,0,0,0,0,0
22,97.0598679447231,2239.4698551553806,98.19143461873597,0,0,1,0,1,0,0,1,0,0,0,0,0,0,1,0,0,0,1,0,1,0,0,1,0,1,0,1,0
2,70.48500938333885,139.26672922225893,69.63336461112947,1,0,0,0,1,0,0,1,0,0,0,0,0,0,0,0,0,0,0,0,0,0,0,0,1,0,0,0,0
7,20.066007163495456,163.47338393939066,22.90671211702631,0,0,0,0,1,0,0,0,1,1,0,1,0,1,0,1,0,1,0,1,0,0,0,0,0,0,0,0,0
68,112.64976519091559,7767.017701182927,112.92800734145119,1,0,0,0,1,0,1,1,0,0,0,0,1,0,1,0,0,0,1,0,1,0,0,1,0,0,0,0,1
68,108.4089408727608,7177.347386914225,105.53478334908296,1,0,0,0,1,0,0,1,0,0,0,0,1,0,1,0,1,0,1,0,1,1,0,0,0,0,0,0,1
44,30.33766605677392,1364.732248836241,30.680237373821395,1,0,0,0,0,1,0,0,0,0,0,0,1,0,0,0,0,0,0,0,0,0,0,0,0,0,0,0,1
17,29.948119526228602,482.19821577324865,28.491994112552092,0,0,0,0,0,0,0,0,0,0,0,0,0,0,0,0,0,0,0,0,0,0,0,1,0,1,0,0,0
58,104.65696154135304,6219.484520314027,107.23249172955218,0,0,0,0,1,0,0,1,0,0,0,0,0,0,0,0,1,0,1,0,1,1,0,1,0,0,0,0,1
9,94.6024381987357,829.2735616742776,91.22592769667486,0,0,0,0,1,0,1,1,0,0,0,0,0,0,0,0,0,0,0,0,1,0,0,0,0,1,0,0,0
25,88.21185597855599,2175.0467753046273,85.66165210166197,0,0,1,0,1,0,0,1,0,0,0,0,0,0,0,0,0,0,0,0,1,0,0,0,0,1,0,1,0
2,94.7600674202642,178.81974451268303,89.40987225634152,1,0,0,0,1,0,0,1,0,0,0,0,0,0,0,0,0,0,1,0,1,0,0,0,0,1,0,0,0
61,101.55997639141304,6213.340248998906,100.35699236326894,0,0,1,0,1,0,0,1,0,0,1,0,1,0,0,0,0,0,1,0,0,0,0,1,0,0,0,0,1
18,47.8086850871398,896.6421596023491,49.67247281593349,0,0,0,0,0,0,0,0,0,0,0,0,0,0,0,0,0,0,0,0,0,0,0,0,0,0,0,1,0
4,83.78567092491276,371.8332678240074,87.99811431447328,0,0,1,0,1,0,1,1,0,0,0,0,1,0,0,0,0,0,0,0,0,0,0,1,0,0,0,0,0
5,81.3036967557698,407.875839952862,81.5751679905724,1,0,1,0,1,0,1,1,0,0,0,0,1,0,0,0,0,0,0,0,0,0,0,1,0,1,0,0,0
33,93.00998693192255,3018.0842466453846,91.51976464862396,1,0,0,0,1,0,0,1,0,0,0,0,0,0,0,0,0,0,0,0,0,0,0,1,0,0,0,0,0
1,69.35,69.35,69.35,1,0,0,0,1,0,0,1,0,0,0,0,0,0,0,0,0,0,0,0,0,0,0,1,0,1,0,0,0
1,70.41891451853303,70.41891451853303,70.41891451853303,0,0,0,0,1,0,0,1,0,0,0,0,0,0,0,0,0,0,0,0,0,0,0,1,0,1,0,0,0
1,69.5445773485868,69.5445773485868,69.5445773485868,0,0,0,0,1,0,0,1,0,0,0,0,0,0,0,0,0,0,0,0,0,0,0,1,0,1,0,0,0
1,73.00339924880289,73.00339924880289,73.00339924880289,0,1,0,0,1,0,0,1,0,0,0,0,0,0,0,0,0,0,0,0,0,0,0,1,0,1,0,0,0
1,45.39560369598876,45.39560369598876,45.39560369598876,0,0,0,0,1,0,0,0,0,0,0,0,0,0,0,0,0,0,0,0,0,0,0,1,0,0,1,0,0
41,113.38636630261155,4592.794241780898,111.83775161216762,0,0,1,0,1,0,1,1,0,0,0,0,0,0,1,0,1,0,1,0,1,0,0,1,0,0,0,0,1
1,84.85341297381503,84.85341297381503,84.85341297381503,0,0,0,0,1,0,1,1,0,0,0,0,0,0,0,0,0,0,0,0,0,0,0,1,0,0,1,0,0
6,105.76939657262916,670.917984061198,108.55731650868023,0,0,0,0,1,0,0,1,0,0,0,0,0,0,0,0,0,0,1,0,1,0,0,1,0,0,0,0,0
54,100.16141710154038,5508.302148826841,100.30874433531145,0,1,0,0,1,0,1,1,0,0,0,0,0,0,1,0,0,0,1,0,1,0,0,1,0,1,0,0,1
54,105.52969183548177,5778.911724707422,106.88099493262054,0,0,1,0,1,0,0,1,0,0,1,0,0,0,1,0,0,0,1,0,1,1,0,1,0,0,0,0,1
6,53.92206372115462,365.4153863232676,55.92298720586191,0,0,0,0,1,0,0,0,0,0,1,0,0,0,0,0,0,0,0,0,0,0,0,0,0,0,0,0,0
23,28.375424025595027,690.2314549683279,30.307308188157453,0,0,0,0,1,0,1,0,0,0,0,0,0,0,0,0,0,0,0,0,0,0,0,0,0,0,0,1,0
12,78.75135725993137,921.8185636996271,76.8182136416356,0,0,0,0,1,0,1,1,0,0,1,0,0,0,0,0,0,0,0,0,0,0,0,1,0,1,0,0,0
22,98.6530629510794,2091.990278588608,93.30440474312886,1,0,0,0,1,0,1,1,0,0,0,0,0,0,0,0,0,0,1,0,0,0,0,1,0,1,0,1,0
2,85.66063042088099,181.4917522596613,90.74587612983065,0,0,0,0,1,0,1,1,0,0,0,0,0,0,0,0,0,0,0,0,0,0,0,1,0,1,0,0,0
1,30.389507140847947,30.389507140847947,30.389507140847947,0,0,1,1,0,1,0,0,0,0,0,0,0,0,0,0,0,0,0,0,0,0,0,0,0,0,0,0,0
11,62.26332411432721,692.89569814165,62.890236695251595,1,0,0,0,1,0,0,0,0,0,0,0,0,0,0,0,0,0,0,0,0,0,0,0,0,0,0,0,0
1,70.49168935926959,70.49168935926959,70.49168935926959,1,0,0,0,1,0,0,1,0,0,0,0,0,0,0,0,0,0,0,0,0,0,0,0,0,0,1,0,0
32,92.9553209279999,2933.6743991590706,91.67732497372096,0,0,1,0,1,0,1,1,0,0,0,0,0,0,0,0,0,0,0,0,1,0,0,1,0,0,0,1,0
8,65.37931427656669,546.670009843148,65.28243156109816,0,0,0,0,0,0,0,0,0,0,0,0,0,0,0,0,0,0,0,0,0,0,0,0,0,0,1,0,0
3,73.96737555723384,265.4331335485752,74.8707046083601,0,0,0,0,1,0,0,1,0,0,0,0,0,0,0,0,0,0,0,0,0,0,0,1,0,1,0,0,0
5,47.99587477373968,220.5711134946961,44.11422269893922,1,0,0,0,1,0,0,0,0,0,0,0,0,0,0,0,0,0,0,0,0,0,0,0,0,1,0,0,0
1,79.55,79.55,79.55,0,0,0,0,1,0,0,1,0,0,0,0,0,0,0,0,0,0,1,0,0,0,0,0,0,1,0,0,0
5,25.880207678833685,135.0321826360428,26.971437910512027,0,0,1,1,1,0,0,0,1,1,0,1,0,1,0,1,0,1,0,1,0,0,0,1,0,0,0,0,0
55,107.27733069348896,6074.992993181908,109.57627098046345,1,0,0,0,1,0,0,1,0,0,0,0,1,0,1,0,0,0,1,0,1,0,0,0,0,0,0,0,1
16,51.92701379205047,825.8136889051501,49.611979281816275,0,0,0,0,0,0,0,0,0,0,0,0,0,0,0,0,0,0,0,0,0,0,0,1,0,0,0,1,0
16,94.32402345391792,1552.3159967666888,95.85495965686844,0,0,0,0,1,0,0,1,0,0,0,0,0,0,1,0,0,0,0,0,0,0,0,1,0,0,0,1,0
4,70.12904204384967,267.4672429029211,66.86681072573028,0,0,0,0,1,0,0,1,0,0,0,0,0,0,0,0,0,0,0,0,0,0,0,1,0,0,0,0,0
2,92.14432571822513,190.55334245657707,95.27667122828854,1,0,0,0,1,0,0,1,0,0,0,0,0,0,0,0,0,0,1,0,1,0,0,1,0,0,0,0,0
37,63.571616419779,2349.817339742907,62.70303268074439,0,0,0,0,1,0,0,0,0,0,0,0,0,0,0,0,0,0,0,0,1,0,0,1,0,0,0,0,1
1,50.439046486657354,50.439046486657354,50.439046486657354,1,0,0,1,1,0,0,0,0,0,0,0,0,0,0,0,0,0,0,0,0,0,0,0,0,0,1,0,0
35,100.32458163365541,3525.570082492683,100.73057378550523,0,0,0,0,1,0,1,1,0,0,0,0,0,0,1,0,0,0,1,0,1,0,0,1,0,1,0,1,0
20,94.61300243188577,1906.0552472417212,91.64690306456845,1,0,1,0,1,0,0,1,0,0,0,0,0,0,0,0,0,0,1,0,1,0,0,1,0,0,0,1,0
25,87.09872551899834,2167.68897756341,86.41562667820241,0,0,0,0,1,0,0,1,0,0,0,0,0,0,0,0,0,0,0,0,0,0,0,0,0,0,0,1,0
8,100.77656108025374,838.2649639960906,104.78312049951133,0,0,0,0,1,0,0,1,0,0,0,0,0,0,0,0,0,0,1,0,1,0,0,0,0,0,0,0,0
3,80.28104629997894,221.47266983287696,73.82422327762565,0,0,0,0,1,0,0,1,0,0,0,0,0,0,0,0,0,0,0,0,0,0,0,0,0,0,0,0,0
4,48.685316121021195,194.1500045067152,48.5375011266788,0,0,0,0,1,0,0,0,0,0,0,0,0,0,0,0,0,0,0,0,0,0,0,0,0,0,0,0,0
7,73.95068234803674,498.8501100031923,71.26430142902747,0,0,1,0,1,0,0,1,0,0,0,0,0,0,0,0,0,0,0,0,0,0,0,1,0,0,0,0,0
4,89.9285806759423,367.4389392356859,91.85973480892147,0,0,0,0,1,0,1,1,0,0,0,0,1,0,0,0,0,0,0,0,0,0,0,0,0,0,0,0,0
1,69.76003952814405,69.76003952814405,69.76003952814405,0,0,1,1,1,0,0,1,0,0,0,0,0,0,0,0,0,0,0,0,0,0,0,1,0,0,1,0,0
9,94.80017443177366,890.2512210224156,98.91680233582396,0,0,0,0,1,0,0,1,0,0,0,0,0,0,0,0,0,0,1,0,0,0,0,1,0,0,0,0,0
62,72.9702451348792,4483.442747448558,72.89988657378288,0,0,0,0,1,0,0,0,0,0,0,0,0,0,0,0,1,0,1,0,0,0,0,1,0,0,0,0,1
4,77.77434721226807,305.73443542711857,76.43360885677964,0,0,0,0,1,0,1,1,0,0,0,0,0,0,0,0,0,0,0,0,0,0,0,0,0,0,0,0,0
2,72.03003013675938,131.25054299121766,65.62527149560883,0,0,0,0,1,0,0,1,0,0,0,0,0,0,0,0,0,0,0,0,0,0,0,1,0,0,0,0,0
1,73.62848969771115,73.62848969771115,73.62848969771115,1,1,0,0,1,0,1,1,0,0,0,0,0,0,0,0,0,0,0,0,0,0,0,1,0,1,0,0,0
22,47.884305471689956,948.03810230259,46.718068784636245,0,0,0,0,0,0,0,0,0,0,0,0,0,0,0,0,0,0,0,0,0,0,0,0,0,0,0,0,0
65,105.61626176943018,6984.741044348091,107.11355617962464,0,0,1,0,1,0,1,1,0,0,0,0,0,0,1,0,0,0,1,0,1,0,0,1,0,0,0,0,1
15,86.49473901938686,1384.211727152946,89.3102564891937,0,0,1,0,1,0,0,1,0,0,0,0,0,0,0,0,0,0,1,0,0,0,0,0,0,1,0,1,0
4,100.52441789570653,355.0893630654478,88.77234076636195,0,0,0,0,1,0,1,1,0,0,0,0,0,0,0,0,0,0,1,0,1,0,0,1,0,1,0,0,0
27,71.9686209398379,1973.9356438722564,71.29235125300715,0,0,0,0,1,0,0,0,0,0,0,0,0,0,0,0,0,0,0,0,0,0,0,1,0,0,0,1,0
7,74.35462652175163,544.7469156521655,77.82098795030936,1,0,0,0,1,0,0,1,0,0,0,0,0,0,0,0,0,0,0,0,0,0,0,0,0,0,1,0,0
27,82.2548727988471,2223.182869189817,80.82610377536449,0,1,0,0,1,0,0,1,0,0,0,0,0,0,0,0,0,0,0,0,0,0,0,1,0,1,0,1,0
10,28.93738727153443,254.35956568171986,25.2384581558316,1,0,0,0,0,0,0,0,0,0,0,0,0,0,0,0,0,0,0,0,0,0,0,0,0,0,0,0,0
19,63.85024191765436,1172.9049917097416,61.86563256518898,0,1,0,0,1,0,0,0,0,0,0,0,0,0,0,0,0,0,0,0,0,0,0,1,0,0,0,1,0
1,45.670088735296815,45.670088735296815,45.670088735296815,0,0,0,0,1,0,0,0,0,0,0,0,0,0,0,0,0,0,0,0,0,0,0,1,0,1,0,0,0
14,49.536155861505335,688.3259846072589,46.785570951560196,0,0,0,0,0,0,0,0,0,0,0,0,0,0,0,0,0,0,0,0,0,0,0,1,0,1,0,1,0
4,84.8019003618981,371.91553339290624,92.97888334822656,0,0,1,1,1,0,1,1,0,0,0,0,0,0,0,0,0,0,0,0,0,0,0,1,0,0,0,0,0
8,45.83224402029571,439.1591636892506,54.47708602743084,1,0,0,0,1,0,0,0,0,0,0,0,0,0,0,0,0,0,0,0,0,0,0,0,0,0,0,0,0
69,104.0744890991866,7177.868873964758,103.50155236895077,1,0,0,0,1,0,1,1,0,0,0,0,1,0,0,0,0,0,1,0,1,0,0,1,0,0,0,0,1
1,25.50512636269415,25.50512636269415,25.50512636269415,0,1,0,0,0,1,0,0,0,0,0,0,0,0,0,0,0,0,0,0,0,0,0,1,0,0,0,0,0
1,70.77723547294164,70.77723547294164,70.77723547294164,1,0,1,0,1,0,0,1,0,0,0,0,0,0,0,0,0,0,0,0,0,0,0,0,0,0,1,0,0
45,89.11185797003577,3974.730144386186,88.30556834933802,0,0,0,0,1,0,1,1,0,0,0,0,1,0,1,0,0,0,0,0,0,0,0,1,0,0,0,0,1
3,50.022818188106044,150.1403053289508,50.046768442983605,0,0,0,0,1,0,0,0,0,0,0,0,0,0,0,0,0,0,0,0,0,0,0,1,0,0,0,0,0
65,105.68445720036333,6981.386989147159,106.73947603772923,0,0,1,0,1,0,1,1,0,0,0,0,0,0,1,0,0,0,1,0,1,0,0,1,0,0,0,0,1
1,24.217960457127123,24.217960457127123,24.217960457127123,1,0,0,0,0,0,0,0,0,0,0,0,0,0,0,0,0,0,0,0,0,0,0,1,0,0,0,0,0
14,86.39285297465926,1303.648100114683,88.61951358399885,0,0,0,0,1,0,0,1,0,0,0,0,0,0,0,0,0,0,1,0,0,0,0,1,0,1,0,1,0
1,69.47843831863185,69.47843831863185,69.47843831863185,1,0,0,0,1,0,0,1,0,0,0,0,0,0,0,0,0,0,0,0,0,0,0,1,0,1,0,0,0
1,25.06449621238799,25.06449621238799,25.06449621238799,0,1,0,0,0,1,0,0,0,0,0,0,0,0,0,0,0,0,0,0,0,0,0,0,0,1,0,0,0
3,75.96023357456451,242.83014313910138,80.94338104636714,0,0,0,0,1,0,0,1,0,0,0,0,0,0,0,0,0,0,0,0,0,0,0,0,0,1,0,0,0
5,70.17755291166954,337.1524139039582,67.43048278079164,1,0,0,0,1,0,0,0,0,0,0,0,0,0,0,0,0,0,0,0,0,0,0,1,0,0,0,0,0
14,79.06077829198868,1133.6431692609951,77.39085537994639,1,0,0,0,1,0,1,1,0,0,0,0,0,0,0,0,0,0,0,0,0,0,0,1,0,0,0,1,0
18,80.45483452143613,1451.6170755478538,80.5350068969113,0,0,0,0,1,0,0,1,0,0,0,0,0,0,0,0,0,0,0,0,0,0,0,1,0,1,0,1,0
31,84.19152181876443,2782.456003685478,87.0202015890287,0,0,0,0,1,0,1,1,0,0,0,0,0,0,0,0,0,0,0,0,0,0,0,0,0,1,0,1,0
4,98.48856946023753,384.7356241388539,96.18390603471347,0,0,1,1,1,0,1,1,0,0,0,0,0,0,0,0,0,0,1,0,1,0,0,0,0,1,0,0,0
2,92.42401553739805,194.50113367291027,97.25056683645514,0,0,0,0,1,0,1,1,0,0,0,0,0,0,0,0,0,0,1,0,0,0,0,1,0,1,0,0,0
23,40.33988080528973,865.9085532371062,39.40942971270265,0,0,0,0,0,0,0,0,0,0,0,0,0,0,0,0,0,0,0,0,0,0,0,0,0,1,0,1,0
1,69.77987255735887,69.77987255735887,69.77987255735887,1,0,0,0,1,0,0,1,0,0,0,0,0,0,0,0,0,0,0,0,0,0,0,1,0,1,0,0,0
49,95.69406792451154,4814.730550937829,96.41043176609976,0,0,0,0,1,0,1,1,0,0,0,0,0,0,0,0,0,0,1,0,1,0,0,1,0,1,0,0,1
12,84.45,1059.3036680790774,86.51574446213269,0,0,0,0,1,0,1,1,0,0,0,0,0,0,0,0,0,0,0,0,0,0,0,1,0,1,0,0,0
9,82.65455861350353,749.4372674143945,83.27080749048828,0,1,0,0,1,0,0,1,0,0,0,0,0,0,0,0,0,0,0,0,0,0,0,1,0,1,0,0,0
1,55.02545394990308,55.02545394990308,55.02545394990308,0,0,0,0,1,0,0,0,0,0,0,0,0,0,0,0,0,0,1,0,0,0,0,0,0,0,0,0,0
65,105.57112989494368,6984.006109094635,107.18924249697213,0,0,1,0,1,0,1,1,0,0,0,0,0,0,1,0,0,0,1,0,1,0,0,1,0,0,0,0,1
58,92.65282797329344,5451.073732276921,92.72633850898538,0,0,0,0,1,0,0,1,0,0,0,0,0,0,0,0,0,0,1,0,0,0,0,0,0,1,0,0,1
24,78.16911941879519,1767.4344967590152,73.64310403162564,0,0,1,0,1,0,1,1,0,0,0,0,0,0,0,0,0,0,0,0,0,0,0,1,0,0,0,1,0
1,20.177090655663104,20.177090655663104,20.177090655663104,1,0,0,0,1,0,0,0,1,1,0,1,0,1,0,1,0,1,0,1,0,0,0,0,0,0,1,0,0
55,99.20127217391658,5571.441000781347,101.00000130654973,1,1,1,0,1,0,1,1,0,0,0,0,0,0,0,0,0,0,1,0,1,0,0,1,0,0,0,0,1
1,20.44660801103362,20.44660801103362,20.44660801103362,1,0,0,0,1,0,0,0,1,1,0,1,0,1,0,1,0,1,0,1,0,0,0,0,0,0,1,0,0
15,74.31687219494783,1134.9276693004035,75.66184462002688,1,1,0,0,1,0,1,1,0,0,0,0,0,0,0,0,0,0,0,0,0,0,0,0,0,0,0,1,0
3,74.27683945046705,228.40809103953936,76.13603034651312,0,0,1,0,1,0,1,1,0,0,0,0,0,0,0,0,0,0,0,0,0,0,0,1,1,0,0,0,0
1,20.124823057617764,20.124823057617764,20.124823057617764,0,0,0,0,1,0,0,0,1,1,0,1,0,1,0,1,0,1,0,1,0,0,0,1,0,0,1,0,0
57,62.06875205068441,3268.425341393798,61.14179961880747,1,1,0,0,0,0,0,0,0,0,0,0,0,0,0,0,0,0,0,0,0,0,0,1,0,0,0,0,1
6,98.70983601129093,557.0971315610485,92.84952192684142,0,0,0,0,1,0,0,1,0,0,0,0,0,0,0,0,0,0,1,0,1,0,0,1,0,0,0,0,0
35,78.50784136416641,2765.740490948949,78.52085736236154,0,0,0,0,1,0,0,0,0,0,0,0,0,0,0,0,0,0,0,0,1,0,0,0,0,0,0,0,0
1,45.27616377484959,45.27616377484959,45.27616377484959,0,0,0,0,1,0,0,0,0,0,0,0,0,0,0,0,0,0,0,0,0,0,0,0,0,1,0,0,0
15,51.0043152092687,764.2332317358023,49.710940949842374,0,0,0,0,1,0,0,0,0,0,0,0,0,0,0,0,0,0,0,0,0,0,0,0,0,1,0,1,0
2,70.65262607120282,140.4766657642418,70.2383328821209,0,0,0,0,1,0,0,1,0,0,0,0,0,0,0,0,0,0,0,0,0,0,0,0,0,0,0,0,0
25,103.14053847212821,2653.733388024777,102.51543377839161,1,0,0,0,1,0,0,1,0,0,0,0,0,0,0,0,0,0,1,0,1,0,0,0,0,0,0,1,0
49,98.62119394533393,4874.178320444292,98.12410159313067,1,0,0,0,1,0,1,1,0,0,0,0,0,0,0,0,0,0,1,0,1,0,0,1,0,0,0,0,1
43,99.3275266267936,4213.428586907086,97.46103990581345,1,0,0,0,1,0,1,1,0,0,0,0,0,0,0,0,0,0,1,0,0,0,0,0,0,1,0,0,1
1,19.620687404906928,19.620687404906928,19.620687404906928,0,0,0,0,1,0,0,0,1,1,0,1,0,1,0,1,0,1,0,1,0,0,0,1,0,0,1,0,0
3,44.96006169519412,127.52220493651927,42.50740164550643,0,0,0,0,1,0,0,0,0,0,0,0,0,0,0,0,0,0,0,0,0,0,0,0,0,0,0,0,0
52,103.2863307831675,5622.846471769679,106.46880651425145,0,0,0,0,1,0,1,1,0,0,0,0,0,0,0,0,0,0,1,0,1,0,0,1,0,1,0,0,1
32,48.95405512096606,1452.6470735509179,48.05952436422409,1,0,1,0,0,0,0,0,0,0,0,0,1,0,0,0,0,0,0,0,0,0,0,0,0,0,0,0,0
2,45.54127650116,80.8888595404176,40.4444297702088,0,0,0,0,1,0,0,0,0,0,0,0,0,0,0,0,0,0,0,0,0,0,0,0,0,0,0,0,0
1,44.46562179363527,44.46562179363527,44.46562179363527,0,0,0,0,1,0,0,0,0,0,0,0,0,0,0,0,0,0,0,0,0,0,0,0,0,0,1,0,0
42,107.2006353202107,4528.60962056319,105.94005049818098,0,0,1,0,1,0,1,1,0,0,0,0,0,0,1,0,1,0,1,0,1,0,0,1,0,0,0,0,1
1,44.31841508216141,44.31841508216141,44.31841508216141,0,0,0,0,1,0,0,0,0,0,0,0,0,0,0,0,0,0,0,0,0,0,0,1,0,1,0,0,0
6,85.30187965248359,492.8545145867858,82.14241909779764,1,0,0,0,1,0,0,1,0,0,0,0,0,0,0,0,0,0,1,0,0,0,0,1,0,0,0,0,0
9,88.19072844113849,854.6965764406995,90.68551253746377,0,0,1,0,1,0,0,1,0,0,0,0,0,0,0,0,0,0,0,0,1,0,0,0,0,1,0,0,0
66,110.54855925188949,7501.329117106623,112.19987164270844,1,0,1,0,1,0,0,1,0,0,0,0,1,0,1,0,1,0,1,0,1,1,0,1,0,0,0,0,1
1,84.78039015273067,84.78039015273067,84.78039015273067,1,0,0,0,1,0,0,1,0,0,0,0,0,0,0,0,0,0,1,0,0,0,0,0,0,1,0,0,0
13,71.23345399522334,944.0716985201423,72.9322188439006,0,0,0,0,1,0,0,0,0,0,0,0,0,0,0,0,0,0,0,0,0,0,0,0,0,0,0,0,0
3,79.40630324085227,267.5932772799634,89.19775909332111,0,0,0,0,1,0,0,1,0,0,0,0,0,0,0,0,0,0,1,0,0,0,0,0,0,0,0,0,0
43,107.16468279874957,4533.530346099613,105.43093828138635,0,0,0,0,1,0,1,1,0,0,0,0,0,0,0,0,0,0,1,0,1,0,0,1,0,1,0,0,1
5,78.68432697027417,389.55321872667224,76.69713751521145,0,0,0,0,1,0,0,0,0,0,0,0,0,0,0,0,0,0,0,0,0,0,0,0,0,0,0,0,0
6,49.37975486234403,273.2019826517785,45.53366377529642,0,0,0,0,1,0,0,0,0,0,0,0,0,0,0,0,1,0,0,0,0,0,0,1,0,0,0,0,0
9,67.8054759063487,667.4920035183854,74.1657781687095,0,0,0,0,1,0,0,0,0,0,0,0,0,0,0,0,0,0,0,0,0,0,0,0,0,0,0,0,0
21,82.74054082247066,1849.992885561925,86.45238551844525,0,0,0,0,1,0,0,1,0,0,0,0,1,0,0,0,0,0,0,0,0,0,0,0,0,1,0,1,0
1,44.12367166312942,44.12367166312942,44.12367166312942,0,0,0,0,1,0,0,0,0,0,0,0,0,0,0,0,0,0,0,0,0,0,0,0,0,0,1,0,0
1,20.244991667284364,20.244991667284364,20.244991667284364,0,0,0,0,1,0,0,0,1,1,0,1,0,1,0,1,0,1,0,1,0,0,0,1,0,0,1,0,0
3,86.70269207176544,220.8758004509633,73.62526681698778,0,0,0,0,1,0,0,1,0,0,0,0,0,0,1,0,0,0,0,0,0,0,0,0,0,0,0,0,0
3,82.29270334011092,269.66769343002017,89.88923114334004,0,0,0,0,1,0,0,1,0,0,0,0,0,0,0,0,0,0,1,0,0,0,0,0,0,0,0,0,0
2,44.10823762636055,74.92562389605052,37.46281194802526,1,0,0,0,0,0,0,0,0,0,0,0,0,0,0,0,0,0,0,0,0,0,0,0,0,0,0,0,0
67,97.84750385878756,6638.462371606807,98.93972801599998,0,0,0,0,1,0,0,1,0,0,0,0,1,0,0,0,0,0,0,0,1,0,0,0,0,0,0,0,1
52,94.93844855315366,4999.571383497229,94.44593020707376,0,0,1,0,1,0,0,1,0,0,0,0,0,0,1,0,0,0,0,0,1,0,0,1,0,0,0,0,1
7,73.89180630342881,511.76474011096735,73.10924858728106,0,0,0,0,1,0,1,0,0,0,0,0,0,0,0,0,0,0,0,0,0,0,0,1,0,1,0,0,0
1,70.4987240085555,70.4987240085555,70.4987240085555,0,0,0,0,1,0,0,1,0,0,0,0,0,0,0,0,0,0,0,0,0,0,0,0,0,0,1,0,0
12,97.064615384752,1144.1065779087326,95.34221482572771,1,0,0,0,1,0,1,1,0,0,0,0,0,0,0,0,0,0,1,0,1,0,0,1,0,0,0,0,0
4,52.06581400934006,194.84239564046726,48.710598910116815,0,0,0,0,1,0,0,0,0,0,0,0,0,0,0,0,0,0,0,0,0,0,0,0,0,0,0,0,0
11,99.53784310882321,1131.008295177597,102.66010996760645,0,0,0,0,1,0,0,1,0,0,0,0,0,0,0,0,0,0,1,0,1,0,0,1,0,0,0,0,0
14,87.18265031222124,1266.843607841213,85.9941993256871,0,0,0,1,1,0,0,1,0,0,0,0,1,0,0,0,0,0,0,0,1,0,0,1,0,0,0,1,0
9,92.37028014334038,829.7051944474204,88.99692124565487,0,0,0,0,1,0,1,1,0,0,0,0,0,0,0,0,0,0,0,0,1,0,0,0,0,1,0,0,0
7,70.68058328216071,557.6210085860163,71.6289486789541,1,0,0,0,1,0,0,1,0,0,0,0,0,0,0,0,0,0,0,0,0,0,0,0,0,0,0,0,0
2,85.91520046181425,166.49586097095747,83.24793048547873,1,0,0,0,1,0,0,1,0,0,0,0,0,0,0,0,0,0,0,0,1,0,0,1,0,1,0,0,0
2,22.208842179448183,57.69016878327916,23.587155531907676,0,0,0,0,0,0,0,0,0,0,0,0,0,0,0,0,0,0,0,0,0,0,0,0,0,1,0,0,0
25,24.765397068702654,691.6590839416967,27.66636335766787,0,0,0,0,1,0,1,0,1,1,0,1,0,1,0,1,0,1,0,1,0,0,0,0,0,0,0,1,0
10,78.66027181807246,833.5381772729506,80.37168525598602,0,0,0,0,1,0,1,1,0,0,0,0,0,0,0,0,0,0,0,0,0,0,0,1,0,0,0,0,0
46,53.69966252997693,2103.5336806722335,52.17502827796318,1,0,0,0,0,0,0,0,0,0,0,0,0,0,0,0,0,0,0,0,0,0,0,1,0,1,0,0,0
1,25.63154252906724,25.63154252906724,25.63154252906724,0,1,0,0,0,1,0,0,0,0,0,0,0,0,0,0,0,0,0,0,0,0,0,1,0,0,0,0,0
30,90.86058010052112,2756.26697698225,90.61714645196133,0,0,0,0,1,0,1,1,0,0,0,0,0,0,0,0,0,0,0,0,0,0,0,0,1,0,0,1,0
9,74.32189783309265,702.5555611073753,76.33767896958706,0,0,0,0,1,0,0,1,0,0,0,0,0,0,0,0,0,0,0,0,0,0,0,1,0,1,0,0,0
37,81.84344496724283,3051.233935157394,82.01037373842594,0,0,0,0,1,0,0,0,0,0,0,0,0,0,0,0,0,0,1,0,0,0,0,0,0,0,0,0,0
2,85.63506160578412,182.38883445584523,91.19441722792261,0,0,0,0,1,0,1,1,0,0,0,0,0,0,0,0,0,0,1,0,0,0,0,1,0,1,0,0,0
1,74.71326632703048,74.71326632703048,74.71326632703048,0,0,0,0,1,0,1,1,0,0,0,0,0,0,0,0,0,0,0,0,0,0,0,1,0,0,1,0,0
8,19.988304544312818,160.96640446895873,18.93920719306879,0,0,0,0,1,0,0,0,1,1,0,1,0,1,0,1,0,1,0,1,0,0,0,0,0,0,1,0,0
7,90.0673054491826,633.2846108983653,90.4692301283379,1,0,0,0,1,0,1,1,0,0,0,0,0,0,0,0,0,0,1,0,0,0,0,1,0,0,0,0,0
2,54.115733390084536,105.66853321983093,52.83426660991547,0,0,0,0,1,0,0,0,0,0,0,0,1,0,0,0,0,0,0,0,0,0,0,0,0,0,1,0,0
1,69.5391257212834,69.5391257212834,69.5391257212834,0,1,0,0,1,0,0,1,0,0,0,0,0,0,0,0,0,0,0,0,0,0,0,1,0,1,0,0,0
3,79.12030050857,246.374813530485,82.124937843495,0,0,0,0,1,0,0,1,0,0,0,0,0,0,0,0,0,0,0,0,0,0,0,1,0,1,0,0,0
10,22.911556214502966,228.67968055627375,21.813337639369433,0,0,0,0,0,0,0,0,0,0,0,0,0,0,0,0,0,0,0,0,0,0,0,0,0,0,0,0,0
8,95.61031322348242,815.5930358364335,96.81551936140428,0,0,0,0,1,0,0,1,0,0,0,0,0,0,0,0,0,0,1,0,1,0,0,1,0,0,0,0,0
1,45.32860387101137,45.32860387101137,45.32860387101137,0,0,0,0,1,0,0,0,0,0,0,0,0,0,0,0,0,0,0,0,0,0,0,1,0,1,0,0,0
6,58.76819587391073,352.3313725942676,59.50692264075184,0,0,0,0,1,0,0,0,0,0,0,0,0,0,0,0,0,0,0,0,0,0,0,0,0,0,0,0,0
1,19.39693925742601,19.39693925742601,19.39693925742601,0,0,0,0,1,0,0,0,1,1,0,1,0,1,0,1,0,1,0,1,0,0,0,0,0,0,0,0,0
29,55.84761540686096,1614.218726607098,57.396493096087525,0,0,1,0,0,0,0,0,0,0,0,0,1,0,0,0,0,0,0,0,0,0,0,0,0,0,0,0,0
63,100.2997885237987,6252.321155886209,98.23842722815259,0,0,0,0,1,0,1,1,0,0,0,0,0,0,1,0,0,0,1,0,1,1,0,1,0,0,0,0,1
38,84.3400147771116,3270.2834494294207,85.40806597283897,0,0,0,0,1,0,0,1,0,0,0,0,0,0,1,0,1,0,0,0,0,0,0,1,0,0,0,0,1
16,71.08515927482662,1148.921849142124,70.56230735370701,0,0,0,0,1,0,0,1,0,0,0,0,0,0,0,0,0,0,0,0,0,0,0,1,0,0,0,1,0
18,68.86835279959004,1234.6713127927517,66.22473652023581,1,1,0,0,1,0,0,0,0,0,0,0,0,0,0,0,0,0,0,0,0,0,0,1,0,0,0,1,0
25,74.68235239797006,1846.829435874713,72.21259155888158,0,0,0,0,1,0,0,0,0,0,0,0,0,0,0,0,0,0,0,0,0,0,0,0,0,0,0,1,0
46,70.05185864047658,3193.591469253616,69.39292255296003,1,0,0,0,0,0,0,0,0,0,0,0,0,0,0,0,0,0,0,0,0,0,0,1,0,1,0,0,1
38,89.62331458236115,3363.6680729731534,88.99176079028419,0,0,0,0,1,0,0,1,0,0,0,0,0,0,0,0,0,0,0,0,0,0,0,1,0,1,0,0,0
14,73.7021781835339,1096.053839716472,77.43152554227545,0,0,0,0,1,0,0,0,0,0,0,0,0,0,0,0,0,0,0,0,0,0,0,1,0,0,0,1,0
52,104.09253019598178,5530.28511336737,104.85147505024895,0,0,0,0,1,0,1,1,0,0,0,0,1,0,0,0,0,0,1,0,1,0,0,1,0,1,0,0,1
1,50.67903945741507,50.67903945741507,50.67903945741507,1,0,0,0,1,0,0,0,0,0,0,0,1,0,0,0,0,0,0,0,0,0,0,0,0,0,0,0,0
14,69.54090469640761,992.2078766242555,70.80765225585611,0,0,0,0,1,0,1,0,0,0,0,0,0,0,0,0,0,0,0,0,1,0,0,1,0,0,0,1,0
5,99.95965159343561,514.3792830161461,101.9730244739279,0,0,0,0,1,0,1,1,0,0,0,0,0,0,0,0,0,0,1,0,0,0,0,1,0,1,0,0,0
14,63.39827071408672,937.5786278199384,64.4443029777586,0,0,0,1,1,0,0,0,0,0,0,0,0,0,0,0,0,0,0,0,0,0,0,1,0,0,0,1,0
1,23.721841105883566,23.721841105883566,23.721841105883566,0,0,1,0,0,1,0,0,0,0,0,0,0,0,0,0,0,0,0,0,0,0,0,1,0,1,0,0,0
1,51.08189645732278,51.08189645732278,51.08189645732278,1,0,0,0,1,0,0,0,0,0,0,0,0,0,0,0,0,0,0,0,0,0,0,0,0,0,1,0,0
13,79.05882140955467,976.0853016549167,75.0834847426859,1,0,0,0,1,0,0,0,0,0,0,0,0,0,1,0,0,0,0,0,0,0,0,1,0,0,0,1,0
13,90.02955927197081,1236.3094946492045,90.55373707961999,1,0,1,0,1,0,0,1,0,0,0,0,0,0,0,0,0,0,1,0,0,0,0,1,0,1,0,1,0
5,69.22027394601795,319.98381581529935,63.99676316305987,0,0,0,0,1,0,0,1,0,0,0,0,0,0,0,0,0,0,0,0,0,0,0,1,0,0,0,0,0
13,77.63723636776771,981.1398262479371,75.47229432676438,1,0,0,0,1,0,0,0,0,0,0,0,0,0,1,0,0,0,0,0,0,0,0,1,0,0,0,1,0
1,19.76146438224521,19.76146438224521,19.76146438224521,1,0,0,0,1,0,0,0,1,1,0,1,0,1,0,1,0,1,0,1,0,0,0,0,0,0,1,0,0
67,96.91040126945148,6597.611051949647,97.3890311831101,0,0,0,0,1,0,0,1,0,0,0,0,1,0,0,0,0,0,0,0,1,0,0,0,0,0,0,0,1
17,88.89424379079642,1541.1900421959504,90.04674184292905,0,0,0,0,1,0,0,1,0,0,0,0,0,0,0,0,0,0,1,0,0,0,0,1,0,1,0,1,0
18,48.18990827418016,875.4988765047515,47.488151015167965,1,0,0,0,0,0,0,0,0,0,1,0,0,0,0,0,0,0,0,0,0,0,0,0,0,0,0,1,0
1,69.98806018943093,69.98806018943093,69.98806018943093,1,0,0,0,1,0,0,1,0,0,0,0,0,0,0,0,0,0,0,0,0,0,0,0,0,1,0,0,0
2,69.63595081977377,117.66470950788775,58.832354753943875,0,0,0,0,1,0,0,1,0,0,0,0,0,0,0,0,0,0,0,0,0,0,0,0,0,0,0,0,0
8,95.58480844280406,829.307142745256,92.320963344457,0,0,0,0,1,0,0,1,0,0,0,0,0,0,0,0,0,0,1,0,1,0,0,0,0,1,0,0,0
35,67.34929332754959,2504.3390749921246,70.50540421412641,0,0,0,0,1,0,0,0,0,0,0,0,1,0,0,0,0,0,0,0,0,0,0,1,0,0,0,1,0
3,88.44508597428946,261.91416289387223,87.30472096462408,1,0,0,0,1,0,0,1,0,0,0,0,0,0,1,0,0,0,0,0,0,0,0,0,0,0,0,0,0
4,49.17830438971433,184.21742714447063,46.05435678611766,0,0,0,1,1,0,0,0,0,0,0,0,0,0,0,0,0,0,0,0,0,0,0,0,0,1,0,0,0
1,85.37524803623137,85.37524803623137,85.37524803623137,0,0,0,0,1,0,1,1,0,0,0,0,0,0,0,0,0,0,0,0,0,0,0,1,0,1,0,0,0
20,91.11319028977762,1953.0652403166496,97.22665101897356,0,1,0,0,1,0,1,1,0,0,0,0,0,0,0,0,0,0,1,0,0,0,0,0,0,1,0,1,0
1,84.81548071918108,84.81548071918108,84.81548071918108,0,0,0,0,1,0,0,1,0,0,0,0,0,0,0,0,0,0,0,0,1,0,0,1,0,0,0,0,0
6,44.644796802289676,282.00078143077155,43.523739557355796,0,0,0,0,0,0,0,0,0,0,0,0,0,0,0,0,0,0,0,0,0,0,0,1,0,0,0,0,0
1,85.96835789001301,85.96835789001301,85.96835789001301,0,1,0,0,1,0,0,1,0,0,0,0,0,0,0,0,0,0,0,0,0,0,0,1,0,1,0,0,0
11,85.05318455515577,988.4648298429136,85.11080375662085,0,0,0,0,1,0,1,0,0,0,0,0,0,0,0,0,0,0,1,0,0,0,0,0,0,0,0,0,0
8,100.07803759829162,779.9307301139207,97.49134126424009,0,0,0,0,1,0,0,1,0,0,0,0,0,0,1,0,0,0,1,0,1,0,0,0,0,1,0,0,0
1,75.83804200075076,75.83804200075076,75.83804200075076,0,0,0,0,1,0,0,1,0,0,0,0,0,0,0,0,0,0,0,0,0,0,0,0,0,1,0,0,0
3,77.72413911430762,227.42391155152518,75.80797051717506,0,0,0,0,1,0,0,1,0,0,0,0,0,0,0,0,0,0,0,0,0,0,0,1,0,1,0,0,0
10,80.77087441766024,818.2880064188645,81.56245628102003,0,0,0,0,1,0,0,1,0,0,0,0,1,0,0,0,0,0,0,0,0,0,0,1,0,0,0,0,0
2,76.83809788712453,151.3415254669627,75.67076273348135,0,0,0,0,1,0,0,1,0,0,0,0,0,0,1,0,0,0,0,0,0,0,0,0,0,1,0,0,0
3,52.9788168588166,153.05315426450238,51.01771808816746,0,0,0,0,1,0,0,0,0,0,0,0,0,0,0,0,0,0,0,0,0,0,0,1,0,0,1,0,0
1,79.49257240838308,79.49257240838308,79.49257240838308,0,0,0,0,1,0,0,1,0,0,0,0,0,0,0,0,0,0,1,0,0,0,0,0,0,1,0,0,0
21,83.10321169808215,1847.339661787715,84.80074153081203,0,0,0,0,1,0,0,1,0,0,0,0,1,0,0,0,0,0,0,0,0,0,0,0,0,1,0,1,0
5,90.92672199023565,455.4155186731762,84.67237905082494,0,0,0,0,1,0,0,1,0,0,0,0,0,0,0,0,0,0,1,0,0,0,0,1,0,1,0,0,0
15,71.1727406590131,1102.0793412083367,70.33910934035372,0,0,0,1,1,0,0,0,0,0,0,0,0,0,0,0,0,0,0,0,0,0,0,1,0,0,0,1,0
10,21.979398315572187,221.46114721221124,21.66156501865215,0,0,0,0,0,0,0,0,0,0,0,0,0,0,0,0,0,0,0,0,0,0,0,0,0,0,0,0,0
2,44.75402952733754,96.18357273492464,48.09178636746232,1,0,0,0,1,0,0,0,0,0,0,0,0,0,0,0,0,0,0,0,0,0,0,1,0,1,0,0,0
13,90.98961708892915,1135.1395944514866,86.79166218988573,0,0,0,0,1,0,0,1,0,0,0,0,0,0,0,0,0,0,1,0,1,0,0,1,0,0,0,1,0
58,105.76936062121689,6237.349861279296,106.56652998581973,1,0,0,0,1,0,1,1,0,0,0,0,0,0,1,0,1,0,1,0,0,0,0,1,0,1,0,0,1
54,101.5242640403611,5515.910409335659,101.88351819661644,0,0,0,0,1,0,1,1,0,0,0,0,0,0,0,0,0,0,1,0,1,0,0,1,0,1,0,0,1
37,99.51520504409156,3753.561200529184,100.63992667292379,0,0,0,0,1,0,1,1,0,0,0,0,0,0,0,0,0,0,1,0,1,0,0,1,0,1,0,0,1
43,102.49349030857373,4410.961170809578,102.09990693660224,1,0,0,0,1,0,0,1,0,0,0,0,1,0,0,0,0,0,1,0,1,0,0,0,0,1,0,0,1
2,85.82421892238715,180.61306730421092,90.30653365210546,0,0,0,0,1,0,0,1,0,0,0,0,0,0,0,0,0,0,0,0,0,0,0,1,0,0,0,0,0
17,50.393139241740336,900.9427443033039,51.271326892494784,1,0,0,0,0,0,0,0,0,0,0,0,0,0,0,0,0,0,0,0,0,0,0,0,0,0,0,1,0
1,90.73122865095316,90.73122865095316,90.73122865095316,0,0,0,0,1,0,0,1,0,0,0,0,0,0,0,0,0,0,1,0,1,0,0,0,0,1,0,0,0
2,86.70695282019551,184.7745466032979,92.38727330164895,0,0,0,0,1,0,0,1,0,0,0,0,0,0,0,0,0,0,1,0,0,0,0,1,0,0,0,0,0
20,105.81786687179468,2239.8897625719937,111.90604551858695,0,0,1,0,1,0,1,1,0,0,0,0,0,0,1,0,0,0,1,0,1,0,0,1,0,0,0,1,0
36,101.66782597871955,3542.8523703771343,96.51936751806124,0,0,0,0,1,0,1,1,0,0,0,0,0,0,1,0,0,0,1,0,1,0,0,1,0,0,0,0,0
23,60.993885670569504,1496.246103311641,62.82139360683207,0,0,1,1,0,0,0,0,0,0,0,0,0,0,0,0,0,0,0,0,0,0,0,1,0,0,0,1,0
34,77.03303715041837,2572.460235763468,75.74105562471085,0,0,0,0,1,0,0,1,0,0,0,0,0,0,0,0,0,0,0,0,0,0,0,0,0,1,0,1,0
7,99.25934752104014,673.2340984565012,96.17629977950017,1,0,0,0,1,0,1,1,0,0,0,0,1,0,0,0,0,0,0,0,1,0,0,1,0,0,0,0,0
2,89.23793298721537,167.3,83.65,1,0,0,0,1,0,0,1,0,0,0,0,0,0,0,0,0,0,0,0,1,0,0,0,0,1,0,0,0
1,69.64126256993336,69.64126256993336,69.64126256993336,0,0,0,0,1,0,0,1,0,0,0,0,0,0,0,0,0,0,0,0,0,0,0,0,0,0,1,0,0
16,57.06088940051296,938.4687115204104,58.449311785441694,0,0,0,0,1,0,1,0,0,0,0,0,0,0,0,0,0,0,0,0,0,0,0,1,0,0,0,1,0
43,101.8798080782748,4509.5646789043185,102.98125304085303,0,0,0,0,1,0,1,1,0,0,0,0,0,0,0,0,1,0,1,0,0,0,0,1,0,0,0,0,1
44,90.56865409183862,4018.5192816997874,90.23635068079915,0,0,0,0,1,0,1,1,0,0,0,0,1,0,0,0,0,0,1,0,0,0,0,1,1,0,0,0,1
60,105.98824163684074,6436.11461575991,107.26857692933181,0,0,0,0,1,0,1,1,0,0,0,0,0,0,1,0,0,0,1,0,1,0,0,1,0,1,0,0,1
1,70.81072070708831,70.81072070708831,70.81072070708831,1,0,1,0,1,0,0,1,0,0,0,0,0,0,0,0,0,0,0,0,0,0,0,0,0,0,1,0,0
4,46.941922014124074,198.99608743298538,49.749021858246344,0,0,0,0,0,0,0,0,0,0,0,0,0,0,0,0,0,0,0,0,0,0,0,1,0,0,0,0,0
58,103.17932222280722,6018.381432810483,103.70717492090075,0,0,0,0,1,0,1,1,0,0,0,0,1,0,0,0,0,0,1,0,1,0,0,0,0,0,0,0,1
12,110.42254607538565,1376.2067879738242,111.03036499765831,1,0,0,0,1,0,1,1,0,0,0,0,1,0,1,0,0,0,1,0,1,0,0,1,0,0,0,0,0
10,84.52611298351971,865.4173211639547,86.54173211639547,0,0,0,0,1,0,0,1,0,0,0,0,0,0,0,0,0,0,0,0,0,0,0,1,0,0,0,0,0
9,88.3436080061015,859.6885320109468,89.16346281260378,0,0,1,0,1,0,1,1,0,0,0,0,0,0,0,0,0,0,0,0,0,0,0,0,0,0,0,0,0
35,91.316173152945,3237.1984879584484,92.23058687441717,0,0,0,0,1,0,0,1,0,0,0,0,0,0,1,0,0,0,0,0,0,0,0,1,0,0,0,0,0
1,20.875320297116897,20.875320297116897,20.875320297116897,0,0,0,0,1,0,0,0,1,1,0,1,0,1,0,1,0,1,0,1,0,0,0,0,0,0,1,0,0
11,98.34289203138552,1055.857831764318,95.98707561493801,0,0,0,0,1,0,0,1,0,0,0,0,0,0,0,0,0,0,1,0,1,0,0,0,0,0,0,0,0
1,79.55,79.55,79.55,0,0,0,0,1,0,0,1,0,0,0,0,0,0,0,0,0,0,0,0,0,0,0,0,0,0,0,0,0
7,80.87287323190452,578.1749940143553,82.59642771633646,0,0,0,0,1,0,0,1,0,0,0,0,0,0,0,0,0,0,1,0,0,0,0,1,0,1,0,0,0
39,75.04891005638665,3017.6121774400726,77.14536647979118,1,0,0,0,0,0,0,0,0,0,0,0,0,0,0,0,0,0,0,0,0,0,0,0,0,1,0,0,1
14,43.114204274742114,673.0489684437937,45.40260400957057,1,0,0,0,0,1,0,0,0,0,0,0,0,0,0,0,0,0,1,0,0,0,0,0,0,0,0,1,0
13,88.28802775162993,1137.3541013225706,84.53061026394583,1,0,0,0,1,0,0,1,0,0,0,0,0,0,0,0,0,0,0,0,1,0,0,1,0,1,0,1,0
3,49.43064637763084,168.79741826013225,56.26580608671075,1,0,0,0,1,0,0,0,0,0,0,0,0,0,1,0,0,0,0,0,0,0,0,1,0,1,0,0,0
9,78.95492899086408,660.6628805836452,73.40698673151614,0,0,1,0,1,0,0,1,0,0,0,0,0,0,1,0,0,0,0,0,0,0,0,1,0,0,0,0,0
9,75.13115160628654,707.9340306220029,78.65933673577811,0,0,0,0,1,0,0,1,0,0,0,0,0,0,0,0,0,0,0,0,0,0,0,1,0,1,0,0,0
2,48.189330089006475,91.88614262971475,45.94307131485738,1,0,0,0,0,0,0,0,0,0,0,0,0,0,0,0,0,0,0,0,0,0,0,1,0,1,0,0,0
35,84.35098622610708,3026.9541332400827,84.8271330285267,0,0,0,0,1,0,1,1,0,0,0,0,0,0,0,0,0,0,0,0,0,0,0,0,0,1,0,0,0
5,78.20521578522812,344.850575712452,68.9701151424904,0,0,1,0,1,0,1,0,0,0,0,0,0,0,1,0,0,0,0,0,0,0,0,0,0,0,0,0,0
1,70.07285952707925,70.07285952707925,70.07285952707925,0,0,0,0,1,0,0,1,0,0,0,0,0,0,0,0,0,0,0,0,0,0,0,1,0,0,0,0,0
3,76.93635653333456,213.62924527635482,71.20974842545161,0,0,0,0,1,0,0,1,0,0,0,0,0,0,0,0,0,0,0,0,0,0,0,0,0,0,0,0,0
53,109.29413889070736,5917.869810286746,110.9108671270193,0,0,0,0,1,0,1,1,0,0,0,0,1,0,0,0,0,0,1,0,1,0,0,1,1,0,0,0,1
47,83.13450789048393,4033.8322238978194,84.60142375253554,0,0,0,0,1,0,0,1,0,0,0,0,0,0,0,0,0,0,0,0,1,0,0,0,0,0,1,0,1
7,71.66209862897041,513.590584164846,73.37008345212085,0,0,0,0,1,0,0,0,0,0,0,0,0,0,0,0,0,0,0,0,0,0,0,1,0,1,0,0,0
15,73.97733777893275,1149.6418245605987,75.77490317548278,0,1,0,0,1,0,0,1,0,0,0,0,0,0,0,0,0,0,0,0,0,0,0,1,0,0,0,1,0
5,87.40335470982357,466.7017969261478,93.34035938522956,0,0,0,0,1,0,0,1,0,0,0,0,0,0,0,0,1,0,0,0,0,0,0,1,0,1,0,0,0
5,20.27935791839053,110.12522993888756,22.025045987777514,0,0,0,0,1,0,0,0,1,1,0,1,0,1,0,1,0,1,0,1,0,0,0,0,0,0,0,0,0
1,44.721238090712696,44.721238090712696,44.721238090712696,1,0,0,0,1,0,0,0,0,0,0,0,0,0,0,0,0,0,0,0,0,0,0,0,0,0,1,0,0
10,80.00152522426883,855.2763916272969,85.52763916272968,0,0,0,0,1,0,0,1,0,0,0,0,0,0,0,0,0,0,0,0,0,0,0,1,0,0,0,0,0
20,34.25652492259652,677.308379054002,34.01939344278307,0,0,0,0,0,0,0,0,0,0,0,0,0,0,0,0,0,0,0,0,0,0,0,0,0,0,0,1,0
47,84.90052250368169,4040.1540443247736,85.65032960785982,0,0,0,0,1,0,0,1,0,0,0,0,0,0,0,0,0,0,0,0,1,0,0,0,0,0,1,0,1
1,69.33038878373537,69.33038878373537,69.33038878373537,0,0,1,1,1,0,0,1,0,0,0,0,0,0,0,0,0,0,0,0,0,0,0,1,0,0,1,0,0
5,65.00033070540199,350.95258170234473,66.66980698100016,0,0,0,0,1,0,0,0,0,0,0,0,0,0,0,0,0,0,0,0,0,0,0,0,0,0,0,0,0
1,19.33522311748324,19.33522311748324,19.33522311748324,0,0,0,0,1,0,0,0,1,1,0,1,0,1,0,1,0,1,0,1,0,0,0,0,0,0,0,0,0
1,79.50202517744881,79.50202517744881,79.50202517744881,0,0,0,0,1,0,0,1,0,0,0,0,0,0,0,0,0,0,1,0,0,0,0,0,0,1,0,0,0
24,103.77687226296989,2538.48188288618,105.1750975065008,0,0,1,0,1,0,0,1,0,0,0,0,1,0,1,0,0,0,1,0,1,0,0,1,0,1,0,1,0
44,87.6501326233195,3931.6792873464337,88.05825686496108,0,0,0,0,1,0,1,1,0,0,0,0,0,0,0,0,0,0,0,0,0,0,0,0,0,0,0,0,1
32,32.15777273335276,999.8730147170213,31.675869369032466,0,0,0,0,0,1,0,0,0,0,0,0,0,0,0,0,0,0,0,0,0,0,0,0,0,0,0,0,0
1,69.78744131684816,69.78744131684816,69.78744131684816,1,0,0,0,1,0,0,1,0,0,0,0,0,0,0,0,0,0,0,0,0,0,0,1,0,1,0,0,0
2,69.66977048302365,132.7139998661109,66.35699993305545,0,0,0,0,1,0,0,1,0,0,0,0,0,0,0,0,0,0,0,0,0,0,0,1,0,0,0,0,0
14,87.6128892436453,1305.2266464726156,88.78941599640847,0,0,0,1,1,0,0,1,0,0,0,0,0,0,0,0,0,0,1,0,0,0,0,1,0,1,0,1,0
7,82.493774690336,584.7361685551252,76.78629484000723,0,0,1,0,1,0,0,1,0,0,0,0,0,0,0,0,0,0,1,0,0,0,0,1,0,0,0,0,0
9,52.964475530847594,491.91746958899006,52.54082145468044,0,0,0,0,1,0,0,0,0,0,0,0,0,0,0,0,0,0,0,0,0,0,0,0,0,1,0,0,0
11,99.76148513304074,1132.019504890533,98.37374695118686,0,0,0,0,1,0,1,1,0,0,0,0,0,0,0,0,0,0,1,0,1,0,0,1,0,0,0,0,0
8,84.80312654754388,762.8761111157272,84.99052062229153,0,1,0,0,1,0,1,1,0,0,0,0,0,0,0,0,0,0,0,0,1,0,0,0,0,1,0,0,0
48,100.10128213939352,4819.152512579824,100.93982559640155,0,0,1,0,1,0,1,1,0,0,0,0,0,0,0,0,0,0,1,0,1,0,0,1,0,0,0,0,1
1,25.7242411550613,25.7242411550613,25.7242411550613,0,0,0,0,0,1,0,0,0,0,0,0,0,0,0,0,0,0,0,0,0,0,0,0,0,0,1,0,0
54,19.620471024830174,1067.6506101919356,19.46112410773044,1,0,0,0,1,0,0,0,1,1,0,1,0,1,0,1,0,1,0,1,0,0,1,0,0,0,0,0,1
13,94.36294049445236,1309.4166712624983,94.57168768583588,0,0,0,0,1,0,0,1,0,0,0,0,0,0,0,0,0,0,1,0,0,0,0,1,0,1,0,1,0
36,97.73847238508745,3618.328953388831,98.84708446394329,0,0,0,0,1,0,1,1,0,0,0,0,1,0,0,0,0,0,1,0,0,0,0,1,0,1,0,0,0
23,104.21365669818165,2471.033191385376,107.43622571240765,1,0,0,0,1,0,1,1,0,0,0,0,0,0,1,0,0,0,1,0,1,0,0,1,0,0,0,1,0
67,97.06590023966908,6604.389752820828,97.64634747203948,0,0,0,0,1,0,0,1,0,0,0,0,1,0,0,0,0,0,0,0,1,0,0,0,0,0,0,0,1
38,76.8657427002552,3019.3018083855286,78.69854093017395,0,0,0,0,1,0,1,1,0,0,0,0,0,0,0,0,0,0,0,0,0,0,0,0,0,1,0,0,0
14,64.87038466776764,940.22758950612,67.15911353615142,0,0,1,0,1,0,0,0,0,0,1,0,0,0,0,0,0,0,1,0,0,0,0,1,0,0,0,1,0
1,69.89296439383503,69.89296439383503,69.89296439383503,0,1,0,0,1,0,0,1,0,0,0,0,0,0,0,0,0,0,0,0,0,0,0,1,0,1,0,0,0
5,81.0,376.6630057877567,75.33260115755134,0,0,0,0,1,0,0,1,0,0,0,0,0,0,0,0,0,0,0,0,0,0,0,1,0,0,0,0,0
2,79.38574648307632,151.41435753917025,75.70717876958513,0,0,0,0,1,0,0,1,0,0,0,0,0,0,1,0,0,0,0,0,0,0,0,1,0,1,0,0,0
3,19.780584942649018,60.34866218980183,20.116220729933943,0,0,0,0,1,0,0,0,1,1,0,1,0,1,0,1,0,1,0,1,0,0,0,0,0,0,0,0,0
43,100.78069463891528,4393.151616156835,101.03343214241315,1,0,0,0,1,0,0,1,0,0,0,0,1,0,0,0,0,0,1,0,1,0,0,0,0,1,0,0,1
22,48.66261019548647,1058.4316489925438,47.46663169603082,0,0,0,0,1,0,0,0,0,0,0,0,0,0,0,0,0,0,0,0,0,0,0,1,1,0,0,1,0
2,93.70717933476932,180.0373556236289,90.01867781181446,0,1,0,0,1,0,0,1,0,0,0,0,0,0,1,0,0,0,0,0,1,0,0,1,0,0,0,0,0
12,98.78715619448775,1120.757501743538,93.39645847862818,0,0,0,0,1,0,0,1,0,0,0,0,0,0,0,0,0,0,1,0,1,0,0,0,0,0,0,0,0
1,80.15881607962778,80.15881607962778,80.15881607962778,0,0,0,0,1,0,0,1,0,0,0,0,0,0,0,0,0,0,1,0,0,0,0,1,0,1,0,0,0
50,81.56076744260923,4246.685465118359,84.4494071197341,1,0,0,0,1,0,1,1,0,0,0,0,0,0,0,0,0,0,0,0,0,0,0,0,0,0,0,0,1
15,75.08406686456969,1148.7054969445735,76.28016799207214,0,1,0,0,1,0,0,1,0,0,0,0,0,0,0,0,0,0,0,0,0,0,0,1,0,0,0,1,0
6,56.20492156879207,386.0411064537475,64.34018440895792,0,0,0,0,1,0,0,0,0,0,1,0,1,0,0,0,0,0,0,0,0,0,0,0,0,0,0,0,0
49,89.87664657404189,4340.424694743025,88.71573597204531,1,0,0,0,1,0,0,1,0,0,0,0,1,0,0,0,0,0,0,0,1,0,0,1,0,1,0,0,1
1,90.7932855552587,90.7932855552587,90.7932855552587,0,0,0,0,1,0,0,1,0,0,0,0,0,0,0,0,0,0,1,0,0,0,0,0,0,1,0,0,0
11,99.0309788648664,1058.038799063703,93.49456502598248,0,0,1,0,1,0,1,1,0,0,0,0,0,0,1,0,0,0,1,0,0,0,0,1,0,1,0,0,0
13,101.80760640236961,1356.2601457672183,102.39857746467183,0,0,0,0,1,0,0,1,0,0,1,0,0,0,0,0,0,0,1,0,1,0,0,0,0,0,0,1,0
4,85.50151204912933,338.40349341427617,84.60087335356904,0,0,0,0,1,0,1,1,0,0,0,0,0,0,0,0,0,0,0,0,0,0,0,0,0,0,0,0,0
20,79.65061480441372,1583.5750161122905,77.95128790264063,0,0,1,0,1,0,0,1,0,0,0,0,0,0,0,0,0,0,0,0,0,0,0,0,0,0,0,1,0
1,44.53186781070587,44.53186781070587,44.53186781070587,1,0,0,0,1,0,0,0,0,0,0,0,0,0,0,0,0,0,0,0,0,0,0,0,0,0,0,0,0
3,49.26098946921348,168.95010947770788,56.316703159235956,1,0,0,0,1,0,0,0,0,0,0,0,0,0,1,0,0,0,0,0,0,0,0,1,0,1,0,0,0
1,19.632941668429037,19.632941668429037,19.632941668429037,1,0,0,0,1,0,0,0,1,1,0,1,0,1,0,1,0,1,0,1,0,0,0,0,0,0,1,0,0
1,69.71508956780048,69.71508956780048,69.71508956780048,0,1,0,0,1,0,0,1,0,0,0,0,0,0,0,0,0,0,0,0,0,0,0,1,0,1,0,0,0
1,80.73228180476133,80.73228180476133,80.73228180476133,1,0,0,0,1,0,0,1,0,0,0,0,0,0,0,0,0,0,0,0,0,0,0,1,0,1,0,0,0
23,52.088769966948384,1202.5343466202582,52.15435285502954,1,0,0,0,1,0,0,0,0,0,0,0,0,0,0,0,0,0,0,0,0,0,0,1,0,0,0,1,0
39,92.01748970680482,3611.6438342907077,92.04191774510348,0,0,0,0,1,0,0,1,0,0,0,0,0,0,0,0,0,0,0,0,1,0,0,1,0,1,0,0,0
8,50.92240180680862,414.76116408995773,51.6116408177045,1,0,0,0,1,0,0,0,0,0,0,0,0,0,0,0,0,0,0,0,0,0,0,1,0,1,0,0,0
65,89.29332214588,5919.082337512982,90.06123254547468,0,0,1,0,1,0,1,1,0,0,0,0,1,0,1,0,0,0,0,0,0,0,0,0,0,0,0,0,1
1,90.74436289292201,90.74436289292201,90.74436289292201,0,0,0,0,1,0,0,1,0,0,0,0,0,0,0,0,0,0,1,0,1,0,0,0,0,1,0,0,0
4,86.30510850519838,381.5479455835113,95.38698639587783,0,0,0,0,1,0,0,1,0,0,0,0,0,0,0,0,0,0,0,0,1,0,0,1,0,0,0,0,0
5,89.55023969808268,453.0055781313745,90.6011156262749,0,0,0,0,1,0,0,1,0,0,0,0,0,0,0,0,0,0,0,0,1,0,0,1,0,0,0,0,0
55,25.576001928564416,1329.8166082259177,24.289215302612888,1,0,1,0,0,0,0,0,0,0,0,0,0,0,0,0,0,0,0,0,0,0,0,1,0,0,0,0,1
15,77.2244498210834,1280.0974531220854,81.4874299523421,0,0,0,0,1,0,0,1,0,0,0,0,0,0,0,0,0,0,0,0,0,0,0,1,0,0,0,1,0
2,47.28294712031679,92.47833166464018,46.23916583232009,1,0,0,0,1,0,0,0,0,0,0,0,0,0,0,0,0,0,0,0,0,0,0,1,0,1,0,0,0
8,70.12371643416975,561.6682110452933,70.20852638066167,0,0,0,0,1,0,0,0,0,0,0,0,0,0,0,0,0,0,0,0,0,0,0,0,0,1,0,0,0
41,113.33108911753529,4527.499076411095,109.96845993733659,0,0,0,0,1,0,1,1,0,0,0,0,1,0,0,0,0,0,1,0,1,0,0,1,0,0,0,0,1
52,104.77935809395646,5628.343740968926,107.24918794774818,0,0,0,0,1,0,1,1,0,0,0,0,0,0,1,0,0,0,1,0,1,0,0,1,0,0,0,0,1
62,99.01845930568035,6399.564269287952,101.72964286044738,0,0,0,1,1,0,1,1,0,0,0,0,0,0,0,0,0,0,0,0,1,1,0,1,0,0,0,0,1
3,88.13704067181588,273.6392596830572,91.21308656101907,0,0,0,0,1,0,0,1,0,0,0,0,0,0,0,0,0,0,1,0,0,0,0,0,0,0,0,0,0
17,95.77540937560228,1752.21343373152,97.55708665319369,0,0,0,0,1,0,1,1,0,0,0,0,0,0,0,0,0,0,1,0,1,0,0,1,0,1,0,1,0
5,81.10866969444922,416.09500324405275,83.21900064881055,1,0,0,0,1,0,0,1,0,0,0,0,0,0,0,0,0,0,0,0,0,0,0,1,0,1,0,0,0
1,40.76234149815939,40.76234149815939,40.76234149815939,1,1,0,0,0,1,0,0,0,0,0,0,0,0,1,0,0,0,0,0,1,0,0,1,0,1,0,0,0
44,69.2125615598664,3005.669859780698,69.3198659944397,0,0,0,0,0,0,0,0,0,0,0,0,0,0,0,0,0,0,1,0,1,0,0,1,0,1,0,0,1
18,97.01200873373898,1777.632554861506,95.02232479833485,0,0,0,0,1,0,0,1,0,0,0,0,0,0,0,0,0,0,1,0,1,0,0,1,0,0,0,1,0
18,45.42897002997412,891.1641344918648,47.228857783629,0,0,0,0,0,0,0,0,0,0,0,0,0,0,0,0,0,0,0,0,0,0,0,0,0,0,0,1,0
5,85.24933882431462,423.1818086424573,84.63636172849147,0,0,0,0,1,0,0,1,0,0,0,0,0,0,1,0,0,0,0,0,0,0,0,1,0,0,0,0,0
19,73.39413600781785,1422.4722115864765,74.76993745428025,0,0,1,0,1,0,0,0,0,0,0,0,0,0,0,0,0,0,0,0,0,0,0,0,0,0,0,1,0
17,91.82238071258158,1618.6749896512806,92.36646518141822,0,0,0,0,1,0,0,1,0,0,0,0,0,0,0,0,0,0,0,0,1,0,0,0,0,1,0,1,0
2,80.60655948841206,144.33341549337135,72.16670774668567,0,0,0,0,1,0,0,1,0,0,0,0,0,0,0,0,0,0,1,0,0,0,0,1,0,1,0,0,0
56,103.59451937837758,5782.918149329446,102.83094495317322,1,1,1,0,1,0,1,1,0,0,0,0,0,0,1,0,0,0,1,0,1,0,0,0,0,0,0,0,1
15,54.16110496363748,834.0451858934566,52.41879038976658,0,0,0,0,1,0,0,0,0,0,0,0,0,0,0,0,0,0,0,0,0,0,0,1,0,0,0,0,0
50,27.58759342041543,1342.4083972758697,27.075720418767585,1,0,1,0,0,0,0,0,0,0,0,0,0,0,0,0,0,0,0,0,0,0,0,1,0,0,0,0,1
10,93.573167591896,925.549629301764,92.55496293017639,1,0,0,0,1,0,1,1,0,0,0,0,0,0,0,0,0,0,0,0,1,0,0,0,0,1,0,0,0
1,70.45983574842978,70.45983574842978,70.45983574842978,0,0,0,0,1,0,0,1,0,0,0,0,0,0,0,0,0,0,0,0,0,0,0,0,0,1,0,0,0
7,82.81049849047024,584.9245295634053,76.20737017739476,0,0,0,0,1,0,1,1,0,0,0,0,0,0,0,0,0,0,0,0,0,0,0,1,0,1,0,0,0
68,113.92061475254691,7733.884966553471,113.49153690278331,1,0,0,0,1,0,1,1,0,0,0,0,1,0,1,0,1,0,1,0,1,0,1,0,1,0,0,0,1
1,45.85408408076104,45.85408408076104,45.85408408076104,1,0,0,0,1,0,0,0,0,0,0,0,0,0,0,0,0,0,0,0,0,0,0,0,0,0,1,0,0
1,93.85722142539674,93.85722142539674,93.85722142539674,0,0,0,0,1,0,1,1,0,0,0,0,0,0,0,0,0,0,1,0,1,0,0,1,0,1,0,0,0
1,20.511157998076797,20.511157998076797,20.511157998076797,0,0,1,1,1,0,0,0,1,1,0,1,0,1,0,1,0,1,0,1,0,0,0,0,0,0,0,0,0
1,69.54090554975647,69.54090554975647,69.54090554975647,0,0,0,0,1,0,0,1,0,0,0,0,0,0,0,0,0,0,0,0,0,0,0,1,0,1,0,0,0
57,96.41036122662715,5273.814851116104,91.77420915418831,0,0,1,0,1,0,1,0,0,0,0,0,1,0,1,0,0,0,1,0,1,0,0,1,0,0,0,0,1
1,79.47203352896778,79.47203352896778,79.47203352896778,0,0,0,0,1,0,0,1,0,0,0,0,0,0,0,0,0,0,1,0,0,0,0,1,0,1,0,0,0
6,84.18845374720948,473.3222315977459,78.8870385996243,0,0,1,0,1,0,1,1,0,0,0,0,0,0,0,0,0,0,0,0,0,0,0,1,0,1,0,0,0
4,85.35347171275406,337.90848353952134,84.47712088488034,0,0,0,0,1,0,1,1,0,0,0,0,0,0,0,0,0,0,0,0,0,0,0,0,0,0,0,0,0
8,81.18682467024733,585.752577094523,73.21907213681537,1,1,0,0,1,0,0,1,0,0,0,0,0,0,0,0,0,0,0,0,0,0,0,1,0,0,0,0,0
22,39.193535080022215,843.9920402610301,37.4957847217629,0,0,0,0,0,1,0,0,0,0,0,0,0,0,0,0,0,0,0,0,0,0,0,1,0,1,0,1,0
13,99.61882510252609,1304.3818668444733,100.33706668034411,0,1,0,0,1,0,1,1,0,0,0,0,0,0,0,0,0,0,1,0,1,0,0,1,0,1,0,1,0
25,84.28283456057424,2254.5415021272556,86.96472193240116,0,0,0,0,1,0,1,1,0,0,0,0,0,0,0,0,0,0,0,0,1,0,0,1,0,1,0,1,0
1,79.34140341754174,79.34140341754174,79.34140341754174,1,0,0,0,1,0,0,1,0,0,0,0,0,0,0,0,0,0,1,0,0,0,0,1,0,1,0,0,0
42,94.19771875809566,4186.156281760026,99.63114085406202,0,0,0,0,1,0,1,1,0,0,0,0,0,0,0,0,0,0,0,0,1,0,0,1,0,1,0,0,1
37,99.77367105455181,3735.664178280392,98.69122022492323,0,1,0,0,1,0,1,1,0,0,0,0,0,0,0,0,0,0,1,0,1,0,0,1,0,1,0,0,1
3,30.088362593668208,94.92539736925244,27.468060920364415,0,0,0,0,0,1,0,0,0,0,0,0,0,0,0,0,0,0,0,0,0,0,0,1,0,0,1,0,0
22,89.35404477074059,1995.171461595127,89.99001894597396,0,0,0,0,1,0,0,1,0,0,0,0,0,0,0,0,0,0,0,0,0,0,0,1,0,0,0,1,0
14,65.32353013578928,938.1733300510886,67.0123807179349,0,0,1,0,1,0,0,0,0,0,1,0,0,0,0,0,0,0,1,0,0,0,0,1,0,0,0,1,0
32,90.50363691583425,3019.992981541287,93.40706281049648,1,0,0,0,1,0,0,1,0,0,0,0,0,0,1,0,0,0,1,0,0,0,0,1,0,1,0,1,0
2,45.87298659941192,80.92529355191128,40.46264677595564,1,0,0,0,1,0,0,0,0,0,0,0,0,0,0,0,0,0,0,0,0,0,0,0,0,0,0,0,0
2,30.84019435488641,75.7454787914762,37.8727393957381,1,0,0,0,0,1,0,0,0,0,0,0,0,0,0,0,1,0,0,0,0,0,0,0,0,0,0,0,0
17,74.87298799916854,1235.3249487460007,71.15024792552802,1,0,0,0,1,0,0,0,0,0,0,0,1,0,0,0,0,0,0,0,0,0,0,0,0,1,0,1,0
22,84.83536021035046,1867.7290647460325,84.8967756702742,0,0,0,0,1,0,0,1,0,0,0,0,0,0,0,0,0,0,0,0,1,0,0,1,0,0,0,1,0
17,100.21942336327957,1743.0438922603757,97.80844651574388,0,0,1,0,1,0,1,1,0,0,1,0,0,0,0,0,0,0,1,0,1,0,0,1,0,1,0,1,0
1,75.43789789002822,75.43789789002822,75.43789789002822,1,0,0,0,1,0,1,1,0,0,0,0,0,0,0,0,0,0,0,0,0,0,0,1,0,1,0,0,0
3,52.32333655386819,169.2787089408193,56.42623631360644,1,0,0,0,1,0,0,0,0,0,0,0,0,0,0,0,0,0,0,0,0,0,0,1,0,0,0,0,0
27,89.45222317998505,2437.562768241225,89.70971697734402,1,0,0,0,1,0,0,1,0,0,0,0,1,0,0,0,0,0,0,0,0,0,0,1,0,1,0,1,0
1,45.65,45.65,45.65,0,0,0,0,1,0,0,0,0,0,0,0,0,0,0,0,0,0,0,0,0,0,0,1,0,1,0,0,0
70,113.55323649691594,8121.958350737318,115.00798697971233,0,0,0,0,1,0,1,1,0,0,0,0,1,0,1,0,1,0,1,0,1,1,0,0,0,0,0,0,1
2,92.25339645637543,179.8154040391413,89.90770201957065,0,1,0,0,1,0,0,1,0,0,0,0,0,0,1,0,0,0,0,0,1,0,0,1,0,0,0,0,0
5,93.96217650993495,533.4647117525412,92.99527244408449,1,0,0,0,1,0,0,1,0,0,0,0,1,0,1,0,0,0,0,0,1,0,0,0,0,0,0,0,0
7,70.49125023015984,457.46778253049655,65.3525403614995,0,0,0,0,1,0,0,0,0,0,0,0,0,0,0,0,0,0,0,0,0,0,0,1,0,0,0,0,0
51,93.79509276107781,4841.587385942676,94.18596768378563,0,0,0,0,1,0,1,1,0,0,0,0,1,0,0,0,0,0,0,0,0,0,0,1,0,1,0,0,1
62,96.44450984901852,6047.104925233662,97.05910017657354,0,0,1,0,1,0,0,1,0,0,0,0,1,0,0,0,0,0,0,0,1,0,0,0,0,0,0,0,1
5,82.57843290466876,398.4635078492938,79.69270156985877,0,0,0,0,1,0,0,1,0,0,0,0,0,0,0,0,0,0,0,0,0,0,0,1,0,0,0,0,0
1,20.315911601108606,20.315911601108606,20.315911601108606,1,0,0,0,1,0,0,0,1,1,0,1,0,1,0,1,0,1,0,1,0,0,0,0,0,0,1,0,0
39,37.23966944353571,1199.0287659702312,37.75664580446849,0,0,0,0,1,0,0,0,0,0,0,0,0,0,0,0,0,0,0,0,0,0,0,1,0,0,0,0,0
21,49.67901319256549,949.7658467810553,51.84201215535485,0,0,0,0,0,0,0,0,0,0,0,0,0,0,0,0,1,0,0,0,0,0,0,0,1,0,0,0,0
22,59.44476634475818,1238.6235807416326,56.63371066632882,0,0,0,0,0,0,0,0,0,0,0,0,1,0,0,0,0,0,0,0,0,0,0,1,0,0,0,1,0
52,103.29327322141027,5400.639553043086,101.992271898358,0,0,0,0,1,0,0,1,0,0,0,0,1,0,0,0,0,0,1,0,1,1,0,1,0,0,0,0,1
29,69.10845935576853,1978.5260367003984,66.98632139979901,1,0,0,0,1,0,0,0,0,0,0,0,0,0,0,0,0,0,0,0,0,0,0,0,0,0,0,1,0
2,96.84435241177944,251.27847477456814,108.6662665328293,0,0,1,0,1,0,1,1,0,0,0,0,0,0,0,0,0,0,0,0,1,0,0,1,0,0,0,0,0
5,82.10578070053072,418.27361182311375,83.65472236462276,1,0,0,0,1,0,1,1,0,0,0,0,1,0,0,0,0,0,0,0,0,0,0,1,0,1,0,0,0
10,23.50381163584072,228.50450641756822,22.32345121921101,0,0,0,0,0,0,0,0,0,0,0,0,0,0,0,0,0,0,0,0,0,0,0,0,0,0,0,0,0
25,88.02794957741368,2187.391699368276,85.94407317066276,0,0,0,0,0,0,0,0,0,0,0,0,0,0,0,0,0,0,0,0,1,0,0,0,0,1,0,0,0
3,82.7956053007986,218.9077863737356,72.96926212457852,0,0,0,0,1,0,0,1,0,0,0,0,0,0,1,0,0,0,0,0,0,0,0,0,0,0,0,0,0
6,83.0435450969108,527.8025461604408,78.64206922554504,0,0,0,0,1,0,0,1,0,0,0,0,0,0,0,0,0,0,0,0,0,0,0,1,0,0,0,0,0
37,91.67555448103941,3343.4066278265923,91.35856201341223,0,0,1,0,1,0,0,0,0,0,1,0,0,0,1,0,1,0,0,0,1,0,0,0,0,0,0,0,0
52,90.55367009579426,4670.46352562206,90.7111889790729,1,0,1,0,1,0,1,0,0,0,0,0,0,0,1,0,0,0,0,0,1,0,0,0,0,0,0,0,1
50,81.54277570090957,4244.55599192176,84.50022370310262,1,0,0,0,1,0,1,1,0,0,0,0,0,0,0,0,0,0,0,0,0,0,0,0,0,0,0,0,1
8,77.03558781021823,636.5337031346874,72.94270698468992,0,0,0,0,1,0,0,1,0,0,0,0,0,0,0,0,0,0,0,0,0,0,0,1,1,0,0,0,0
1,79.58190734533974,79.58190734533974,79.58190734533974,0,0,0,0,1,0,0,1,0,0,0,0,0,0,0,0,0,0,0,0,0,0,0,0,0,1,0,0,0
54,101.23334077828355,5627.814108461639,103.22100185537978,0,0,0,0,1,0,1,1,0,0,1,0,0,0,0,0,0,0,1,0,1,0,0,1,0,0,0,0,1
9,70.22781648740667,659.2733978496053,66.25773526074113,0,0,0,0,1,0,0,0,0,0,0,0,0,0,0,0,0,0,0,0,0,0,0,1,0,0,0,0,0
61,104.79386987321209,6281.709044580473,102.74620501106097,0,0,1,0,1,0,0,1,0,0,0,0,1,0,1,0,0,0,1,0,1,0,0,1,0,1,0,0,1
49,100.66178622215129,5035.238600529942,102.16465143253411,0,0,1,0,1,0,1,1,0,0,1,0,0,0,0,0,0,0,0,0,1,0,0,0,0,0,0,0,1
42,83.61678458162521,3587.699704196166,84.75507147155511,0,0,1,0,1,0,0,0,0,0,0,0,0,0,1,0,0,0,0,0,0,0,0,0,0,0,0,0,1
17,43.32795177884386,726.5242516536772,42.677358720733,1,0,0,0,0,1,0,0,0,0,0,0,0,0,1,0,0,0,1,0,0,0,0,1,0,1,0,1,0
37,91.39667923597317,3342.999130875206,91.11624841524223,0,0,1,0,1,0,0,0,0,0,1,0,0,0,1,0,1,0,0,0,1,0,0,0,0,0,0,0,0
47,106.77653710894745,5090.987079506828,106.50767077599045,1,0,0,0,1,0,1,1,0,0,0,0,1,0,1,0,0,0,1,0,1,0,0,1,0,0,0,0,1
1,69.88053900355379,69.88053900355379,69.88053900355379,1,0,0,0,1,0,0,1,0,0,0,0,0,0,0,0,0,0,0,0,0,0,0,1,0,1,0,0,0
2,69.7438633568968,133.84391619267626,66.92195809633813,0,0,0,0,1,0,0,1,0,0,0,0,0,0,0,0,0,0,0,0,0,0,0,1,0,0,0,0,0
22,94.01944610922237,2080.393641656285,91.56615271224649,1,0,0,0,1,0,1,1,0,0,0,0,0,0,0,0,0,0,1,0,0,0,0,1,0,1,0,1,0
65,107.54862485181746,6961.940391032106,106.26612855210202,1,0,0,0,1,0,1,1,0,0,0,0,0,0,1,0,0,0,1,0,1,0,0,1,0,0,0,0,1
9,79.27229848659971,793.603681541814,79.40951047046546,0,0,0,0,1,0,0,1,0,0,0,0,0,0,0,0,0,0,0,0,1,0,0,1,0,1,0,0,0
7,73.84808399183768,511.3170602856807,73.04529432652582,0,0,0,0,1,0,1,1,0,0,0,0,0,0,0,0,0,0,0,0,0,0,0,0,0,1,0,0,0
50,107.54228347813145,5616.910600738038,110.50807872888545,0,0,0,0,1,0,1,1,0,0,1,0,0,0,0,0,0,0,1,0,1,1,0,0,0,0,0,0,1
53,98.25495061812177,5148.58563807373,96.95291403278765,0,0,0,0,1,0,1,1,0,0,0,0,1,0,0,0,0,0,0,0,1,0,0,1,0,0,0,0,1
4,50.855401287706535,238.04304072987688,59.51076018246922,0,0,1,1,1,0,1,0,0,0,0,0,0,0,0,0,0,0,0,0,0,0,0,0,0,0,0,0,0
65,105.86362664286368,6982.807100792157,106.35189357728285,0,0,1,0,1,0,1,1,0,0,0,0,0,0,1,0,0,0,1,0,1,0,0,1,0,0,0,0,1
4,50.751292839789905,239.09594706303358,57.43215938977393,0,0,0,0,1,0,0,0,0,0,0,0,0,0,0,0,0,0,0,0,0,0,0,0,0,0,0,0,0
31,82.21853320707972,2559.494791395698,81.01298063943267,0,0,0,0,1,0,0,1,0,0,0,0,0,0,0,0,0,0,1,0,0,0,0,0,0,1,0,1,0
1,70.35506709038256,70.35506709038256,70.35506709038256,0,1,0,0,1,0,0,1,0,0,0,0,0,0,0,0,0,0,0,0,0,0,0,1,0,1,0,0,0
5,53.260835765734015,307.57497570662133,61.51499514132426,0,0,0,0,0,0,0,0,0,0,0,0,0,0,0,0,0,0,0,0,0,0,0,0,0,0,0,0,0
23,90.67786578121809,2170.9328882574155,94.38838644597459,0,0,0,0,1,0,1,1,0,0,1,0,0,0,0,0,0,0,1,0,0,0,0,1,0,0,0,1,0
2,61.89387928195788,97.80552333814497,48.90276166907248,0,0,0,0,1,0,0,0,0,0,0,0,0,0,0,0,0,0,0,0,0,0,0,0,0,0,0,0,0
18,45.24627208892076,891.9170106225793,47.16577468888704,0,0,0,0,0,0,0,0,0,0,0,0,0,0,0,0,0,0,0,0,0,0,0,0,0,0,0,1,0
1,19.62658669677644,19.62658669677644,19.62658669677644,1,0,0,0,1,0,0,0,1,1,0,1,0,1,0,1,0,1,0,1,0,0,0,0,0,0,1,0,0
1,19.70122727706447,19.70122727706447,19.70122727706447,1,0,0,0,1,0,0,0,1,1,0,1,0,1,0,1,0,1,0,1,0,0,0,0,0,0,1,0,0
43,59.44669261305748,2535.4502512009317,59.59050839346798,0,0,0,0,0,0,0,0,0,0,0,0,1,0,0,0,0,0,0,0,0,0,0,1,0,0,0,0,0
12,51.57634296879343,661.1797565874762,51.182824376121594,1,0,0,0,0,0,0,0,0,0,0,0,0,0,0,0,0,0,0,0,0,0,0,0,0,0,0,0,0
29,83.92802347744347,2469.1061507312716,84.13196286978369,1,0,1,0,1,0,0,1,0,0,0,0,0,0,0,0,0,0,0,0,0,0,0,1,0,0,0,1,0
3,90.12258696880959,259.5177329017006,86.50591096723353,1,0,0,0,1,0,0,1,0,0,0,0,0,0,1,0,0,0,0,0,0,0,0,0,0,0,0,0,0
6,86.22464039098469,522.6782336225248,87.11303893708745,1,0,1,0,1,0,0,1,0,0,0,0,1,0,0,0,0,0,0,0,1,0,0,1,0,1,0,0,0
69,108.36408419499536,7318.5911231165,106.03455798480827,1,0,1,0,1,0,1,1,0,0,0,0,1,0,1,0,0,0,1,0,1,0,1,1,0,0,0,0,1
25,82.63012374234731,2088.030788648597,82.22415804097052,1,0,0,0,1,0,1,1,0,0,0,0,0,0,0,0,0,0,0,0,0,0,0,1,0,1,0,1,0
7,20.122526847448047,158.61269111946785,20.63532731818157,0,0,0,0,1,0,0,0,1,1,0,1,0,1,0,1,0,1,0,1,0,0,0,0,0,0,0,0,0
53,105.26189837354083,5636.080613797663,105.95265469912015,0,0,0,0,1,0,0,1,0,0,0,0,1,0,0,0,0,0,1,0,1,0,0,1,0,0,0,0,1
11,101.44822680342475,1132.2334790374202,102.9303162761291,0,1,1,0,1,0,1,1,0,0,0,0,0,0,1,0,0,0,1,0,1,0,0,1,0,0,0,0,0
17,89.05149109676782,1457.978363010774,85.76343311828083,0,0,1,0,1,0,1,1,0,0,0,0,0,0,1,0,0,0,0,0,0,0,0,0,0,0,0,1,0
29,92.08803378926247,2756.9535624831074,92.18997653769179,0,1,0,0,1,0,1,1,0,0,0,0,1,0,1,0,0,0,0,0,0,0,0,0,0,0,0,1,0
1,45.65,45.65,45.65,0,0,0,0,1,0,0,0,0,0,0,0,0,0,0,0,0,0,0,0,0,0,0,1,0,1,0,0,0
1,54.8667194319771,54.8667194319771,54.8667194319771,0,0,0,0,1,0,0,0,0,0,0,0,0,0,0,0,0,0,0,0,0,0,0,0,0,0,0,0,0
1,60.06906272821372,60.06906272821372,60.06906272821372,0,0,0,0,1,0,0,0,0,0,0,0,1,0,0,0,1,0,0,0,0,0,0,0,0,0,0,0,0
54,107.04740066367788,5916.864092597079,109.29553734096996,0,0,0,0,1,0,1,1,0,0,0,0,1,0,0,0,0,0,0,0,0,1,0,0,0,0,0,0,1
7,84.95058583874169,602.6466199003072,86.09237427147247,0,0,0,0,1,0,1,1,0,0,0,0,0,0,0,0,0,0,0,0,0,0,0,1,0,0,1,0,0
11,21.534376659262804,234.1862640525867,20.2761743106998,0,0,0,0,0,0,0,0,0,0,0,0,0,0,0,0,0,0,0,0,0,0,0,0,0,0,0,0,0
1,55.69890442636597,55.69890442636597,55.69890442636597,1,0,0,0,1,0,0,0,0,0,0,0,0,0,0,0,0,0,0,0,1,0,0,1,0,0,0,0,0
9,87.61339109380785,859.1177856130741,89.40959738014304,0,0,1,0,1,0,1,1,0,0,0,0,0,0,0,0,0,0,0,0,0,0,0,0,0,0,0,0,0
10,84.78948691752367,831.9886375422694,83.19886375422695,0,0,0,0,1,0,0,1,0,0,0,0,0,0,0,0,0,0,0,0,0,0,0,0,0,0,0,0,0
1,74.75152144406675,74.75152144406675,74.75152144406675,0,0,0,0,1,0,0,1,0,0,0,0,0,0,0,0,0,0,0,0,0,0,0,1,0,1,0,0,0
1,91.6494040047044,91.6494040047044,91.6494040047044,0,0,0,0,1,0,0,1,0,0,0,0,0,0,0,0,0,0,1,0,0,0,0,0,0,1,0,0,0
2,77.78766477791449,163.26221932145376,81.63110966072688,0,0,0,0,1,0,0,1,0,0,0,0,0,0,0,0,0,0,0,0,0,0,0,1,0,1,0,0,0
2,54.673907896191125,104.44241446713993,52.22120723356996,0,0,0,0,1,0,0,0,0,0,0,0,1,0,0,0,0,0,0,0,0,0,0,1,0,0,0,0,0
29,98.38024731731446,2950.34844510826,100.6513582348608,0,1,1,0,1,0,1,1,0,0,0,0,0,0,0,0,0,0,1,0,1,0,0,1,0,0,0,1,0
8,78.17727744477506,619.2535306110726,72.07604188539405,0,1,0,0,1,0,1,1,0,0,0,0,0,0,0,0,0,0,0,0,0,0,0,1,0,1,0,0,0
1,45.48249460358222,45.48249460358222,45.48249460358222,1,0,0,0,0,0,0,0,0,0,0,0,0,0,0,0,0,0,0,0,0,0,0,1,0,0,1,0,0
1,19.6,19.6,19.6,0,0,0,0,1,0,0,0,1,1,0,1,0,1,0,1,0,1,0,1,0,0,0,1,0,0,1,0,0
5,85.70225375201355,473.21457249364397,94.6429144987288,0,0,0,0,1,0,0,1,0,0,0,0,0,0,0,0,0,0,0,0,0,0,0,1,0,1,0,0,0
3,76.61158031810929,242.0209473895094,80.67364912983646,0,0,0,0,1,0,0,1,0,0,0,0,0,0,0,0,0,0,0,0,0,0,0,0,0,1,0,0,0
48,103.39929317131495,5032.660648639436,103.80662711840313,0,0,1,1,1,0,1,1,0,0,0,0,1,0,0,0,0,0,1,0,1,0,0,1,0,0,0,0,1
5,49.615070672080805,236.27009422944107,47.25401884588822,1,0,0,0,0,0,0,0,0,0,0,0,0,0,1,0,0,0,0,0,0,0,0,0,0,0,0,0,0
58,101.2723870302761,6038.115994686677,102.48194709338611,0,0,0,0,1,0,1,1,0,0,0,0,1,0,0,0,0,0,1,0,1,0,0,0,0,0,0,0,1
44,93.877385645918,4165.975295692833,93.6395852252334,0,0,0,0,1,0,1,1,0,0,0,0,0,0,0,0,0,0,0,0,1,0,0,1,0,1,0,0,1
1,25.105827428838108,25.105827428838108,25.105827428838108,0,0,0,0,0,1,0,0,0,0,0,0,0,0,0,0,0,0,0,0,0,0,0,0,0,0,1,0,0
70,113.46200767435435,8121.700593111668,114.95770309619586,0,0,0,0,1,0,1,1,0,0,0,0,1,0,1,0,1,0,1,0,1,1,0,0,0,0,0,0,1
4,48.42950487478231,192.4156526841416,48.1039131710354,0,0,0,0,1,0,0,0,0,0,0,0,0,0,0,0,0,0,0,0,0,0,0,0,0,0,0,0,0
50,88.38516804214582,4536.3924002748645,90.06132649215188,1,0,0,0,1,0,1,1,0,0,0,0,0,0,0,0,0,0,0,0,0,0,0,0,0,0,0,0,1
2,83.72694163736371,183.43098237362562,91.71549118681281,0,0,0,0,1,0,0,1,0,0,0,0,1,0,0,0,0,0,0,0,0,0,0,1,0,1,0,0,0
33,104.31996364618084,3409.868476376735,103.24143928051285,0,0,1,0,1,0,1,1,0,0,0,0,1,0,0,0,0,0,1,0,1,0,0,1,0,1,0,1,0
66,80.51360960464095,5250.27091389119,79.54955930138165,0,1,0,0,1,0,1,0,0,0,0,0,1,0,0,0,0,0,0,0,0,0,0,1,0,0,0,0,1
1,19.586993042136438,19.586993042136438,19.586993042136438,1,0,0,0,1,0,0,0,1,1,0,1,0,1,0,1,0,1,0,1,0,0,0,1,0,0,1,0,0
23,96.87522355938266,2324.151162876124,99.3162613938494,1,0,0,0,1,0,0,1,0,0,0,0,0,0,0,0,0,0,1,0,0,0,0,0,0,0,0,1,0
8,100.956767313975,831.9963560617058,103.99954450771322,0,1,0,0,1,0,0,1,0,0,0,0,0,0,0,0,0,0,1,0,1,0,0,0,0,0,0,0,0
3,82.08835027894078,242.29842425008053,80.76614141669351,0,0,0,0,1,0,0,1,0,0,0,0,0,0,0,0,0,0,0,0,0,0,0,1,0,0,0,0,0
1,20.2,20.2,20.2,1,0,0,0,1,0,0,0,1,1,0,1,0,1,0,1,0,1,0,1,0,0,0,0,0,0,1,0,0
15,79.83419990232191,1218.8253790873337,80.31138534469564,1,1,0,0,1,0,0,1,0,0,0,0,1,0,0,0,0,0,0,0,0,0,0,1,0,1,0,1,0
5,70.43869648948129,347.15413763343804,69.43082752668761,1,0,0,0,1,0,0,0,0,0,0,0,0,0,0,0,0,0,0,0,0,0,0,1,0,0,0,0,0
33,68.3588984612899,2288.158625406016,69.27201108199148,0,0,1,0,1,0,1,0,0,0,0,0,0,0,0,0,0,0,0,0,0,0,0,0,0,1,0,1,0
20,104.10171337734046,2243.1181458205606,109.47419433165653,0,0,1,0,1,0,1,1,0,0,0,0,0,0,0,0,0,0,1,0,1,0,0,1,0,0,0,1,0
49,89.99614959063784,4546.898801678073,92.71240267217604,1,0,0,0,1,0,1,1,0,0,0,0,0,0,0,0,0,0,0,0,0,0,0,0,0,0,0,0,1
34,70.12661027803829,2416.2899154170573,70.21031945234081,0,0,0,0,1,0,0,1,0,0,0,0,0,0,0,0,0,0,0,0,0,0,0,1,0,0,0,1,0
60,81.95473716061329,4830.063367777179,81.50265820329783,1,0,1,0,1,0,0,0,0,0,0,0,0,0,0,0,0,0,1,0,1,0,0,1,0,0,0,0,1
23,78.54640365410226,1843.649408838977,79.15580157560981,0,0,0,0,1,0,1,1,0,0,0,0,0,0,0,0,0,0,0,0,0,0,0,1,0,0,0,1,0
41,99.07648018122472,4197.812642695718,100.36565853764586,1,0,0,0,1,0,1,1,0,0,0,0,0,0,0,0,0,0,1,0,1,0,0,1,0,1,0,0,1
10,94.96380900953169,929.6958009358259,92.96958009358259,1,0,0,0,1,0,1,1,0,0,0,0,0,0,0,0,0,0,0,0,1,0,0,0,0,1,0,0,0
1,35.844648517194315,35.844648517194315,35.844648517194315,1,0,0,0,0,1,0,0,0,0,0,0,0,0,0,0,0,0,0,0,1,0,0,0,0,1,0,0,0
1,88.99552483875765,88.99552483875765,88.99552483875765,1,0,0,0,1,0,0,1,0,0,0,0,0,0,0,0,0,0,1,0,0,0,0,0,0,0,0,0,0
40,72.03415200629631,2796.784777238859,71.81766186744753,0,0,0,0,1,0,0,0,0,0,0,0,0,0,1,0,0,0,0,0,1,0,0,0,0,0,0,0,0
63,94.81359043597855,6125.995818327391,96.44464336340384,0,0,0,0,1,0,1,1,0,0,0,0,0,0,0,0,0,0,0,0,1,0,0,1,0,0,0,0,1
8,79.82952063993375,683.0402918221092,79.39380257283464,0,0,0,0,1,0,0,1,0,0,0,0,1,0,0,0,0,0,0,0,0,0,0,1,0,1,0,0,0
38,76.77851680639992,3019.6494234992806,78.79807728393112,1,0,0,0,1,0,0,1,0,0,0,0,0,0,0,0,0,0,0,0,0,0,0,0,0,1,0,0,0
57,55.86056186526669,3151.5129686119667,57.19686168469322,0,0,0,0,0,0,0,0,0,0,1,0,0,0,1,0,1,0,0,0,1,0,0,0,0,0,0,0,1
43,78.07490977845005,3288.8985394628285,75.78709644402328,0,1,1,0,1,0,0,1,0,0,0,0,0,0,0,0,0,0,0,0,0,0,0,0,0,0,0,0,1
5,83.263888118613,414.55254819830304,82.9105096396606,0,0,0,0,1,0,0,1,0,0,0,0,0,0,0,0,0,0,0,0,0,0,0,1,0,0,0,0,0
10,100.5036165890106,1061.4254462254366,106.14254462254367,0,0,0,0,1,0,1,1,0,0,0,0,0,0,0,0,0,0,1,0,1,0,0,1,0,1,0,0,0
1,45.645947024816735,45.645947024816735,45.645947024816735,1,0,0,0,1,0,0,0,0,0,0,0,0,0,0,0,0,0,0,0,0,0,0,0,0,1,0,0,0
35,92.91271684022182,3205.661417181291,90.12918764124444,0,0,0,0,1,0,0,1,0,0,0,0,0,0,0,0,0,0,0,0,0,0,0,1,0,1,0,0,0
24,100.13395120899604,2425.485118886208,101.061879953592,0,0,0,0,1,0,1,1,0,0,0,0,0,0,0,0,0,0,1,0,1,0,0,1,0,1,0,1,0
2,77.27704551874517,160.5278134596998,80.2639067298499,0,0,0,0,1,0,0,0,0,0,0,0,0,0,0,0,0,0,0,0,1,0,0,0,0,1,0,0,0
67,100.17336335605025,6855.245946933217,101.35624417967252,0,1,1,0,1,0,1,1,0,0,0,0,0,0,0,0,0,0,1,0,1,0,0,1,0,0,0,0,1
1,79.58590305194758,79.58590305194758,79.58590305194758,0,0,0,0,1,0,0,1,0,0,0,0,0,0,0,0,0,0,1,0,0,0,0,1,0,1,0,0,0
4,46.28344019813989,181.83342133964462,45.458355334911154,0,0,0,1,1,0,0,0,0,0,0,0,0,0,0,0,0,0,0,0,0,0,0,0,0,1,0,0,0
1,71.02676108461502,71.02676108461502,71.02676108461502,1,0,0,0,1,0,0,1,0,0,0,0,0,0,0,0,0,0,0,0,0,0,0,0,0,0,1,0,0
1,19.615943340916058,19.615943340916058,19.615943340916058,0,0,0,0,1,0,0,0,1,1,0,1,0,1,0,1,0,1,0,1,0,0,0,0,0,0,1,0,0
20,72.31303598910117,1466.6126193378739,73.3306309668937,1,0,1,0,1,0,0,1,0,0,0,0,0,0,0,0,0,0,0,0,0,0,0,1,0,1,0,1,0
11,44.8989172283592,505.83473069499547,43.51301620349796,0,0,0,0,1,0,0,0,0,0,0,0,0,0,0,0,0,0,0,0,0,0,0,1,0,0,0,0,0
1,50.51010741668002,50.51010741668002,50.51010741668002,0,0,0,0,1,0,0,0,0,0,0,0,0,0,0,0,0,0,0,0,0,0,0,0,0,1,0,0,0
23,103.7261444489082,2477.931416053674,106.40451124737503,1,0,0,0,1,0,1,1,0,0,0,0,0,0,1,0,0,0,1,0,1,0,0,1,0,0,0,1,0
3,19.781159498150785,60.37681540938853,20.125605136462845,0,0,0,0,1,0,0,0,1,1,0,1,0,1,0,1,0,1,0,1,0,0,0,0,0,0,0,0,0
1,74.94345937656308,74.94345937656308,74.94345937656308,1,1,0,0,1,0,1,1,0,0,0,0,0,0,0,0,0,0,0,0,0,0,0,1,0,1,0,0,0
12,95.82235824681202,1060.091540868896,88.34096173907466,0,0,0,0,1,0,1,1,0,0,0,0,0,0,0,0,0,0,1,0,0,0,0,1,0,1,0,0,0
67,101.8575379530795,6868.160800130026,102.32426628622791,0,0,1,0,1,0,1,1,0,0,0,0,1,0,0,0,0,0,1,0,1,0,0,1,0,1,0,0,1
4,84.1028535367113,321.68564853602044,80.42141213400511,0,0,0,0,1,0,0,1,0,0,0,0,0,0,0,0,0,0,0,0,0,0,0,1,0,0,0,0,0
3,99.39238867834202,293.73792237185296,97.91264079061764,1,0,0,0,1,0,0,1,0,0,0,0,0,0,1,0,0,0,1,0,1,0,0,1,0,1,0,0,0
37,52.219979208135896,2011.1060041583728,53.60463432988209,0,0,0,0,0,0,0,0,0,0,0,0,0,0,0,0,0,0,1,0,0,0,0,0,0,0,0,0,0
4,78.39793326694765,305.1175127077747,76.27937817694368,0,0,0,0,1,0,0,1,0,0,0,0,0,0,0,0,0,0,0,0,0,0,0,0,0,0,0,0,0
1,79.64236567202828,79.64236567202828,79.64236567202828,0,0,0,0,1,0,0,1,0,0,0,0,0,0,0,0,0,0,1,0,0,0,0,1,0,1,0,0,0
66,104.79064634674135,7019.776431984046,105.33194988567297,1,0,1,0,1,0,1,1,0,0,0,0,0,0,1,0,0,0,1,0,1,0,0,0,0,0,0,0,1
1,69.35,69.35,69.35,1,0,0,0,1,0,0,1,0,0,0,0,0,0,0,0,0,0,0,0,0,0,0,1,0,1,0,0,0
13,90.24278541655568,1131.3479874994364,82.93597796417059,0,0,0,0,1,0,0,1,0,0,0,0,0,0,0,0,0,0,1,0,1,0,0,1,0,0,0,1,0
33,74.75317315509369,2526.7053389042585,75.03364101367707,0,0,0,0,1,0,0,1,0,0,0,0,0,0,0,0,0,0,0,0,0,0,0,0,0,0,0,1,0
35,64.01128398949514,2236.9274320210097,64.2633372859678,0,1,0,0,1,0,0,0,0,0,0,0,0,0,0,0,0,0,0,0,0,0,0,1,0,0,0,0,0
1,19.653317375740492,19.653317375740492,19.653317375740492,1,0,0,0,1,0,0,0,1,1,0,1,0,1,0,1,0,1,0,1,0,0,0,0,0,0,1,0,0
2,36.99362274920435,76.64953699158927,38.324768495794636,1,0,0,0,0,1,0,0,0,0,0,0,0,0,0,0,1,0,0,0,0,0,0,0,0,0,0,0,0
1,24.907688300218922,24.907688300218922,24.907688300218922,1,0,0,0,0,1,0,0,0,0,0,0,0,0,0,0,0,0,0,0,0,0,0,0,0,1,0,0,0
12,72.03909212536298,918.4662731704199,72.18340147469827,0,0,0,0,1,0,0,1,0,0,0,0,0,0,0,0,0,0,0,0,0,0,0,1,0,0,0,0,0
2,70.62373760601075,140.34047728547927,70.17023864273963,0,0,0,0,1,0,0,1,0,0,0,0,0,0,0,0,0,0,0,0,0,0,0,0,0,0,0,0,0
28,69.15388645964796,1970.5388831099942,68.25981714238603,0,0,0,0,1,0,0,0,0,0,0,0,0,0,0,0,0,0,0,0,1,0,0,1,0,0,0,1,0
26,87.02060632266485,2282.8915844365174,86.02455553827177,0,1,0,0,1,0,1,1,0,0,0,0,0,0,0,0,0,0,0,0,0,0,0,1,0,1,0,1,0
33,72.634082707657,2422.0383758083863,73.39704614257994,0,0,0,0,1,0,0,1,0,0,0,0,0,0,0,0,0,0,0,0,0,0,0,1,0,0,0,1,0
20,91.28490773814534,1954.1975800124078,97.04936371548278,0,1,0,0,1,0,1,1,0,0,0,0,0,0,0,0,0,0,1,0,0,0,0,0,0,1,0,1,0
15,72.420828497265,1148.1067690989782,72.16195560100304,1,0,0,0,1,0,0,1,0,0,0,0,0,0,0,0,0,0,0,0,0,0,0,0,0,1,0,1,0
6,69.31667227849886,506.78847628452866,72.72804041175078,0,0,1,1,1,0,0,1,0,0,0,0,0,0,0,0,0,0,0,0,0,0,0,1,0,1,0,0,0
12,84.87782897261198,1036.1349206258956,80.30435860239875,0,0,0,0,1,0,0,1,0,0,0,0,0,0,0,0,0,0,0,0,0,0,0,0,0,1,0,0,0
3,95.20075126007043,307.6842624837701,102.56142082792337,0,0,0,0,1,0,0,1,0,0,0,0,1,0,0,0,0,0,1,0,1,0,0,1,0,1,0,0,0
1,80.39605167824645,80.39605167824645,80.39605167824645,1,0,1,0,1,0,0,1,0,0,0,0,0,0,0,0,0,0,0,0,0,0,0,1,0,1,0,0,0
37,99.25974900314372,3776.5592104094903,99.48747779833424,0,0,0,0,1,0,1,1,0,0,0,0,0,0,1,0,0,0,1,0,1,0,0,1,0,0,0,0,1
66,87.92934402472078,5918.878937266844,88.82144544378441,0,0,1,0,1,0,1,1,0,0,0,0,1,0,1,0,0,0,0,0,0,0,0,0,0,0,0,0,1
4,79.34626362745276,338.4103894079575,84.60259735198937,0,0,0,0,1,0,1,1,0,0,0,0,0,0,0,0,0,0,0,0,0,0,0,0,0,1,0,0,0
15,19.830012468231597,302.1247518343653,19.92331609960405,0,0,0,0,1,0,0,0,1,1,0,1,0,1,0,1,0,1,0,1,0,0,0,0,0,0,0,1,0
2,65.99951154797162,94.45192119542162,47.22596059771081,1,0,0,0,0,0,0,0,0,0,0,0,0,0,1,0,0,0,1,0,0,0,0,0,0,0,0,0,0
32,86.40951914492528,2754.76610221647,86.2750120294812,0,0,0,0,1,0,1,1,0,0,0,0,0,0,0,0,0,0,0,0,1,0,0,1,0,1,0,1,0
7,87.44712951314015,629.8095726104756,84.83570080555904,0,0,0,0,1,0,1,1,0,0,0,0,0,0,0,0,0,0,0,0,0,0,0,1,1,0,0,0,0
40,76.97013652673338,3230.6148280422854,79.26351569186086,0,0,0,0,1,0,0,1,0,0,1,0,0,0,0,0,0,0,0,0,0,0,0,1,1,0,0,0,1
2,70.0751039787706,116.32968390453738,58.16484195226869,0,0,0,0,1,0,0,1,0,0,0,0,0,0,0,0,0,0,0,0,0,0,0,0,0,0,0,0,0
67,97.3455518773736,6584.350532060231,97.72371878870563,0,0,1,0,1,0,1,1,0,0,0,0,1,0,0,0,0,0,0,0,1,0,0,1,0,0,0,0,1
3,78.99886134349342,205.21750844996978,68.40583614998994,0,0,0,0,1,0,0,1,0,0,0,0,0,0,0,0,0,0,0,0,0,0,0,1,0,1,0,0,0
65,105.64128502281982,6982.384746139275,106.91081512815985,0,0,1,0,1,0,1,1,0,0,0,0,0,0,1,0,0,0,1,0,1,0,0,1,0,0,0,0,1
65,105.56137798023022,6985.170135790927,107.28254917013366,0,0,1,0,1,0,1,1,0,0,0,0,0,0,1,0,0,0,1,0,1,0,0,1,0,0,0,0,1
47,92.27937674452309,4347.756621472078,92.51476612510392,1,0,0,0,1,0,0,1,0,0,0,0,0,0,0,0,0,0,1,0,0,0,0,0,0,1,0,0,1
8,74.37996948019388,638.4889393102679,72.4666262657468,0,0,0,0,1,0,0,1,0,0,1,0,0,0,0,0,0,0,0,0,0,0,0,0,0,0,0,0,0
28,103.04660863688585,2890.3862171929727,102.93848737690043,0,0,0,0,1,0,1,1,0,0,0,0,0,0,1,0,0,0,1,0,0,0,0,0,0,1,0,1,0
1,70.15768108756374,70.15768108756374,70.15768108756374,0,0,0,0,1,0,0,1,0,0,0,0,0,0,0,0,0,0,0,0,0,0,0,1,0,1,0,0,0
4,53.97742452888302,195.23393032519292,48.80848258129823,0,0,0,0,1,0,0,0,0,0,0,0,0,0,0,0,0,0,0,0,0,0,0,0,0,0,0,0,0
1,71.1747331472939,71.1747331472939,71.1747331472939,0,0,0,0,1,0,0,1,0,0,0,0,0,0,0,0,0,0,0,0,0,0,0,0,0,0,1,0,0
60,106.16985833331584,6408.7671053563445,106.1356745077394,0,0,0,0,1,0,1,1,0,0,0,0,0,0,1,0,0,0,1,0,1,0,0,1,0,1,0,0,1
10,80.67663225095822,822.3558968688195,82.23558968688195,0,0,0,0,1,0,1,1,0,0,0,0,1,0,0,0,0,0,0,0,0,0,0,1,0,0,0,0,0
40,60.33255406119082,2480.8588409810454,62.09990696696238,0,0,0,0,1,0,0,0,0,0,0,0,0,0,0,0,1,0,0,0,0,0,0,0,0,0,0,0,0
7,19.688341982728605,142.07895143176768,19.21711763091958,0,0,1,0,1,0,0,0,1,1,0,1,0,1,0,1,0,1,0,1,0,0,0,0,0,0,1,0,0
43,96.0205182218022,4039.2822724047987,94.26491615099168,1,0,0,0,1,0,0,1,0,0,0,0,0,0,0,0,0,0,0,0,1,0,0,0,0,0,0,0,1
8,70.71906470238254,612.9661326262599,72.67083493024121,0,0,0,0,1,0,0,0,0,0,0,0,1,0,0,0,0,0,0,0,0,0,0,0,0,0,0,0,0
68,107.40236797546143,7196.895490112914,105.4681840965319,1,0,0,0,1,0,0,1,0,0,0,0,1,0,1,0,1,0,1,0,1,1,0,0,0,0,0,0,1
22,78.52656731159104,1724.0702860631438,78.36683118468835,0,0,0,0,1,0,1,1,0,0,0,0,0,0,0,0,0,0,0,0,0,0,0,1,0,0,0,1,0
2,22.223677131187213,47.05389544209446,18.756710232460645,0,0,0,0,0,0,0,0,0,0,0,0,0,0,0,0,0,0,0,0,0,0,0,0,0,0,0,0,0
6,77.64415039051555,434.3790667002594,72.3965111167099,0,0,0,0,1,0,0,1,0,0,0,0,0,0,0,0,0,0,0,0,0,0,0,0,0,1,0,0,0
1,34.97230164218295,34.97230164218295,34.97230164218295,0,0,0,0,0,1,0,0,0,0,0,0,0,0,0,0,0,0,1,0,0,0,0,1,0,1,0,0,0
2,54.856720204118915,112.33795604913466,56.16897802456733,1,0,0,0,1,0,0,0,0,0,1,0,0,0,0,0,0,0,0,0,0,0,0,1,0,0,1,0,0
25,102.33017220507794,2659.5629942167006,105.53994270724708,0,0,0,0,1,0,0,1,0,0,1,0,0,0,0,0,0,0,1,0,1,0,0,0,0,0,0,1,0
45,91.7427747523542,4265.1063169661,94.72127543630963,1,0,1,0,1,0,1,1,0,0,0,0,0,0,0,0,0,0,1,0,0,0,0,0,0,1,0,0,1
39,103.73376007673733,4005.908502146345,102.01627608325363,0,0,0,0,1,0,1,1,0,0,0,0,1,0,1,0,0,0,1,0,1,0,0,1,0,0,0,0,1
32,74.20316075672795,2303.9024340024976,71.29364250183332,0,0,1,0,1,0,0,0,0,0,0,0,0,0,0,0,0,0,0,0,0,0,0,1,0,0,0,0,0
3,55.34132220193744,168.87502147412505,56.291673824708354,1,0,0,1,1,0,0,0,0,0,0,0,0,0,0,0,0,0,0,0,0,0,0,1,0,0,0,0,0
1,70.13681925975763,70.13681925975763,70.13681925975763,1,0,0,0,1,0,0,1,0,0,0,0,0,0,0,0,0,0,0,0,0,0,0,1,0,1,0,0,0
43,98.9442912448691,4378.205362704147,100.85103309539062,0,0,1,0,1,0,1,1,0,0,0,0,0,0,0,0,0,0,1,0,1,0,0,1,0,1,0,0,1
12,94.39227809945722,1061.7450484115684,88.47875403429737,0,0,0,0,1,0,0,1,0,0,0,0,0,0,0,0,0,0,1,0,0,0,0,1,0,1,0,0,0
11,90.30757314007836,973.3388087498405,87.35877962127132,0,0,0,0,1,0,0,1,0,0,0,0,0,0,0,0,0,0,0,0,0,0,0,1,0,1,0,0,0
51,106.83067787853689,5621.296256987713,109.30343128821269,0,0,0,0,1,0,1,1,0,0,1,0,0,0,0,0,0,0,1,0,1,1,0,0,0,0,0,0,1
11,83.68560742439622,861.658801248434,78.78513889745288,1,0,1,0,1,0,0,1,0,0,0,0,0,0,0,0,0,0,0,0,0,0,0,0,0,0,0,0,0
43,61.20162393531119,2555.2921690828684,60.598309950635446,1,0,1,0,0,0,0,0,0,0,0,0,0,0,0,0,0,0,0,0,0,0,0,1,0,0,0,0,0
2,86.05936304711791,165.46138048053555,82.73069024026778,1,0,0,0,1,0,0,1,0,0,0,0,0,0,0,0,0,0,0,0,1,0,0,0,0,1,0,0,0
37,63.457399431208415,2348.8144941831024,62.259051318253334,0,0,0,0,0,0,0,0,0,0,0,0,0,0,0,0,0,0,1,0,1,0,0,1,0,0,0,0,1
36,94.71313116821285,3356.9352947983202,94.77112504600889,1,0,0,0,1,0,1,1,0,0,0,0,0,0,0,0,0,0,0,0,0,0,0,1,0,1,0,0,0
3,85.04594053387171,259.2421028405518,86.41403428018393,1,0,0,0,1,0,0,1,0,0,0,0,0,0,0,0,0,0,0,0,0,0,0,0,0,1,0,0,0
53,103.24813727916677,5620.904868990176,105.1687986219967,0,0,1,0,1,0,1,1,0,0,0,0,1,0,0,0,0,0,1,0,1,0,0,0,0,0,0,0,1
5,92.27855668139533,452.1061292819238,90.42122585638477,1,0,0,0,1,0,0,1,0,0,0,0,0,0,0,0,0,0,1,0,0,0,0,1,0,1,0,0,0
1,89.0117017898575,89.0117017898575,89.0117017898575,1,0,0,0,1,0,0,1,0,0,0,0,0,0,0,0,0,0,1,0,0,0,0,0,0,0,0,0,0
8,84.58089204242634,662.1370260724183,82.76712825905228,1,0,0,0,1,0,1,1,0,0,0,0,0,0,0,0,0,0,0,0,1,0,0,0,0,0,0,0,0
3,20.19334047188488,54.47882226240779,18.159607420802594,1,0,0,0,1,0,0,0,1,1,0,1,0,1,0,1,0,1,0,1,0,0,0,1,0,0,0,0,0
35,60.13663521176714,2263.8183461609733,63.39870764214725,0,0,0,0,1,0,0,0,0,0,1,0,1,0,0,0,0,0,0,0,0,0,0,0,0,0,0,0,0
12,93.36949054800793,1061.3028759236386,86.89641997672081,0,0,0,0,1,0,0,1,0,0,0,0,0,0,1,0,0,0,0,0,0,0,0,1,0,1,0,0,0
12,95.41007163011346,1233.8226615336057,95.19500264507138,0,0,0,0,1,0,1,1,0,0,0,0,0,0,0,0,0,0,0,0,1,0,0,1,0,0,0,0,0
4,91.02976408492012,365.9885450289079,91.49713625722697,0,0,1,0,1,0,1,1,0,0,0,0,1,0,0,0,0,0,0,0,0,0,0,1,0,0,0,0,0
1,45.38617824986248,45.38617824986248,45.38617824986248,0,0,0,0,1,0,0,0,0,0,0,0,0,0,0,0,0,0,0,0,0,0,0,0,0,1,0,0,0
68,116.13644549062374,7761.34572304158,113.20569843649216,0,0,0,0,1,0,1,1,0,0,1,0,1,0,1,0,1,0,1,0,1,0,0,1,0,0,0,0,1
4,69.95495373947153,267.42678103349857,66.85669525837464,0,0,0,0,1,0,0,0,0,0,0,0,0,0,0,0,0,0,0,0,0,0,0,1,0,0,0,0,0
16,83.16659550680973,1379.680643164867,83.96126224730975,0,0,0,0,1,0,0,1,0,0,0,0,0,0,0,0,0,0,0,0,0,0,0,0,0,0,0,1,0
1,25.304745102862558,25.304745102862558,25.304745102862558,0,0,0,0,0,1,0,0,0,0,0,0,0,0,0,0,0,0,0,0,0,0,0,0,0,0,1,0,0
1,69.58744624419005,69.58744624419005,69.58744624419005,0,1,0,0,1,0,0,1,0,0,0,0,0,0,0,0,0,0,0,0,0,0,0,1,0,1,0,0,0
39,73.78957660415023,2869.305314958449,72.95313248079098,0,0,0,0,1,0,0,1,0,0,0,0,0,0,0,0,0,0,0,0,0,0,0,0,0,0,0,0,0
41,99.20526268957394,4039.276754600612,96.82786916423194,0,0,0,0,1,0,0,1,0,0,0,0,0,0,1,0,0,0,0,0,1,0,0,1,0,0,0,0,1
1,74.7,74.7,74.7,0,0,0,0,1,0,0,1,0,0,0,0,1,0,0,0,0,0,0,0,0,0,0,1,0,1,0,0,0
1,50.527616837530154,50.527616837530154,50.527616837530154,0,1,0,0,1,0,0,0,0,0,0,0,0,0,0,0,0,0,0,0,0,0,0,0,0,0,1,0,0
1,19.964879596940513,19.964879596940513,19.964879596940513,1,0,0,0,1,0,0,0,1,1,0,1,0,1,0,1,0,1,0,1,0,0,0,0,0,0,0,0,0
27,103.8373243949346,2878.3452713559977,104.8362888362244,0,1,0,0,1,0,1,1,0,0,0,0,0,0,0,0,1,0,1,0,1,0,0,1,0,0,0,1,0
19,71.55952228807935,1388.9918117908815,69.77714241513507,0,0,0,0,1,0,0,1,0,0,0,0,0,0,0,0,0,0,0,0,0,0,0,0,0,0,0,1,0
43,87.25381467912754,3859.5537631286443,88.77017980224223,0,0,0,0,1,0,0,1,0,0,0,0,0,0,0,0,0,0,0,0,0,0,0,1,0,0,0,0,1
2,44.56588688062864,80.64551673423982,40.32275836711991,0,0,0,0,1,0,0,0,0,0,0,0,0,0,0,0,0,0,0,0,0,0,0,0,0,0,0,0,0
1,74.28225369557374,74.28225369557374,74.28225369557374,0,1,0,0,1,0,1,1,0,0,0,0,0,0,0,0,0,0,0,0,0,0,0,1,0,1,0,0,0
39,61.29696484713966,2344.074010276241,60.03808685097587,0,0,0,0,0,0,0,0,0,0,0,0,0,0,0,0,0,0,1,0,1,0,0,0,0,0,0,0,1
1,75.24284328889482,75.24284328889482,75.24284328889482,0,0,0,0,1,0,0,1,0,0,0,0,0,0,0,0,0,0,0,0,0,0,0,1,0,0,0,0,0
47,107.3898388454457,5120.822425735948,107.14492147681945,0,0,0,0,1,0,1,1,0,0,0,0,0,0,1,0,0,0,1,0,1,0,0,1,0,0,0,0,1
25,90.19808795793814,2274.4104554027367,89.20585342834669,0,1,0,0,1,0,1,1,0,0,0,0,0,0,0,0,0,0,1,0,0,0,0,1,0,1,0,1,0
26,87.42778120077826,2279.336372538017,86.40736080383972,0,0,0,0,1,0,0,1,0,0,0,0,0,0,0,0,0,0,0,0,1,0,0,1,0,0,0,1,0
13,82.495101848803,1065.1489088065098,79.05589021302387,0,0,0,0,1,0,1,1,0,0,0,0,0,0,1,0,0,0,0,0,0,0,0,1,0,1,0,1,0
22,95.3146393980016,2113.362626092021,92.10384582604449,1,0,0,0,1,0,0,1,0,0,0,0,0,0,0,0,0,0,1,0,1,0,0,1,0,0,0,1,0
55,98.04980329178068,5450.939623055713,98.69184277305787,0,0,0,0,1,0,0,1,0,0,0,0,0,0,0,0,0,0,1,0,1,0,0,1,0,1,0,0,1
65,83.00680221763602,5291.350051470774,81.52472488504831,1,0,1,0,1,0,1,0,0,0,0,0,0,0,1,0,0,0,1,0,1,0,0,1,0,1,0,0,1
2,76.46452319899552,160.8712644287413,80.43563221437066,0,0,0,0,1,0,0,0,0,0,0,0,0,0,0,0,0,0,1,0,0,0,0,0,0,1,0,0,0
14,93.99168634624846,1355.3040173854079,96.31713856033032,0,0,0,0,1,0,1,1,0,0,0,0,0,0,0,0,0,0,1,0,0,0,0,1,0,1,0,1,0
6,98.23275189221063,561.7814953835718,93.63024923059531,0,0,0,0,1,0,0,1,0,0,0,0,1,0,0,0,0,0,0,0,1,0,0,1,0,0,0,0,0
1,79.0646791691982,79.0646791691982,79.0646791691982,1,0,0,0,1,0,0,1,0,0,0,0,0,0,0,0,0,0,1,0,0,0,0,1,0,1,0,0,0
1,79.62867644757279,79.62867644757279,79.62867644757279,0,0,0,0,1,0,0,1,0,0,0,0,0,0,0,0,0,0,0,0,0,0,0,1,0,1,0,0,0
18,80.7818585691642,1452.5087470609749,80.5065564178588,1,0,0,0,1,0,1,1,0,0,0,0,0,0,0,0,0,0,0,0,0,0,0,1,0,1,0,1,0
18,94.28724780993527,1754.2540333819913,96.42626020083785,0,0,0,0,1,0,1,1,0,0,0,0,0,0,0,0,0,0,0,0,1,0,0,0,0,0,0,1,0
8,74.04393815979081,631.5951237921607,78.00766956141405,0,0,0,0,1,0,0,0,0,0,0,0,0,0,0,0,0,0,0,0,0,0,0,0,0,0,0,0,0
3,75.00209587017957,209.53330032651598,69.844433442172,0,0,0,0,1,0,1,1,0,0,0,0,0,0,0,0,0,0,0,0,0,0,0,1,0,1,0,0,0
49,88.83853287000214,4438.89328054061,90.54328942496511,0,0,1,0,1,0,1,1,0,0,0,0,0,0,1,0,0,0,0,0,0,0,0,1,0,1,0,0,1
2,30.592201057095757,73.55703420366426,36.77851710183213,0,0,0,0,0,1,0,0,0,0,0,0,0,0,0,0,0,0,0,0,0,0,0,0,0,0,0,0,0
33,103.81949136662298,3366.2404705377626,102.0072869859928,0,0,1,0,1,0,0,1,0,0,0,0,0,0,1,0,0,0,1,0,1,0,0,1,0,1,0,1,0
1,25.08126272191428,25.08126272191428,25.08126272191428,0,1,0,0,0,1,0,0,0,0,0,0,0,0,0,0,0,0,0,0,0,0,0,1,0,1,0,0,0
4,48.962992861197726,185.1749593261427,46.293739831535675,0,0,0,0,1,0,0,0,0,0,0,0,0,0,0,0,0,0,0,0,0,0,0,0,0,0,0,0,0
47,84.87409689739904,4051.791971058561,84.62789347244541,0,0,1,0,1,0,0,0,0,0,0,0,0,0,1,0,0,0,0,0,1,0,0,0,0,1,0,0,1
4,75.45562394812185,299.308014234804,74.827003558701,0,0,0,0,1,0,0,1,0,0,0,0,0,0,0,0,0,0,0,0,0,0,0,1,0,0,0,0,0
7,95.13069262111738,657.5164004400966,93.93091434858523,0,0,0,0,1,0,0,1,0,0,0,0,0,0,0,0,0,0,1,0,1,0,0,0,0,0,0,0,0
3,20.210725227022575,63.98557565846372,21.328525219487908,0,0,0,0,0,0,0,0,0,0,0,0,0,0,0,0,0,0,0,0,0,0,0,0,0,0,0,0,0
40,73.04301121246696,3001.5144597533695,73.27982194815094,1,0,0,0,1,0,1,0,0,0,0,0,0,0,0,0,0,0,0,0,0,0,0,0,0,1,0,0,1
41,59.61912032491188,2478.3892626631564,61.07214412338526,0,0,0,0,1,0,0,0,0,0,0,0,0,0,0,0,1,0,0,0,0,0,0,0,0,0,0,0,0
3,79.1189498381875,243.83807731031948,81.27935910343982,0,0,0,0,1,0,0,1,0,0,0,0,0,0,0,0,0,0,1,0,0,0,0,1,0,1,0,0,0
37,81.57554799458815,3061.02085551168,81.79662078736584,0,0,0,0,1,0,0,0,0,0,0,0,0,0,0,0,0,0,0,0,1,0,0,0,0,0,0,0,0
2,44.907759729461134,95.60446418672704,47.80223209336352,1,0,0,0,1,0,0,0,0,0,0,0,0,0,0,0,0,0,0,0,0,0,0,1,0,0,0,0,0
3,79.64044151884411,224.78267145527428,74.9275571517581,0,0,1,0,1,0,0,1,0,0,0,0,0,0,0,0,0,0,0,0,0,0,0,1,0,0,0,0,0
50,89.23326382279292,4516.26915382372,90.08567049147835,0,0,0,0,1,0,1,1,0,0,0,0,0,0,0,0,0,0,0,0,0,0,0,0,0,0,0,0,1
13,68.62463239994057,938.5864676948968,68.89528694703048,0,0,0,0,1,0,0,0,0,0,0,0,0,0,0,0,0,0,0,0,0,0,0,1,0,1,0,1,0
4,88.92255444327152,382.1995888446743,95.54989721116857,0,0,1,1,1,0,1,1,0,0,0,0,0,0,0,0,0,0,0,0,1,0,0,0,0,1,0,0,0
45,66.87231474019183,2929.6168341434354,66.42713480104528,0,0,0,0,1,0,1,0,0,0,0,0,1,0,0,0,0,0,0,0,0,0,0,0,1,0,0,0,0
16,39.01053524819336,677.742950361328,41.378790508371566,0,0,0,0,0,1,0,0,0,0,0,0,0,0,0,0,0,0,1,0,0,0,0,1,0,0,0,1,0
4,45.51701510290571,197.36062661628236,49.34015665407059,0,0,0,0,1,0,0,0,0,0,0,0,0,0,0,0,0,0,0,0,0,0,0,0,0,0,1,0,0
16,39.00044316425567,679.7613671488654,42.44385578337869,0,0,0,0,0,1,0,0,0,0,0,0,0,0,0,0,0,0,1,0,0,0,0,1,0,0,0,1,0
1,45.69912834227279,45.69912834227279,45.69912834227279,1,0,0,0,0,0,0,0,0,0,0,0,0,0,0,0,0,0,0,0,0,0,0,1,0,0,1,0,0
59,100.01708592182817,5986.5664816500375,101.46722850254301,0,0,1,0,1,0,1,1,0,0,0,0,0,0,0,0,0,0,1,0,1,0,0,0,0,0,0,0,1
18,91.21792677881709,1688.7476177575616,90.88665690822388,0,0,0,0,1,0,1,1,0,0,0,0,0,0,0,0,0,0,0,0,0,0,0,1,0,0,0,1,0
55,100.48559648212596,5436.572244007943,99.48977085497641,0,0,1,0,1,0,1,1,0,0,1,0,1,0,0,0,0,0,0,0,1,0,0,0,0,0,0,0,1
4,85.55695069516412,321.5870127782649,80.39675319456623,0,0,0,0,1,0,0,1,0,0,0,0,0,0,0,0,0,0,0,0,0,0,0,1,0,1,0,0,0
3,54.00769625870011,155.42863914443154,51.809546381477176,0,0,0,0,0,0,0,0,0,0,0,0,0,0,0,0,0,0,1,0,0,0,0,1,0,1,0,0,0
24,71.688056543347,1764.115819641513,71.04778339588114,0,0,0,0,1,0,0,1,0,0,0,0,0,0,0,0,0,0,0,0,0,0,0,0,0,0,0,1,0
67,100.16107141979303,6856.905358327941,101.63159487239334,0,1,1,0,1,0,1,1,0,0,0,0,0,0,0,0,0,0,1,0,1,0,0,1,0,0,0,0,1
9,45.357152112143865,402.70713771547565,40.910921142467494,0,0,0,0,1,0,0,0,0,0,0,0,0,0,0,0,0,0,0,0,0,0,0,1,0,0,0,0,0
24,92.46508285793067,2267.4033802573053,92.67512516177422,0,1,0,0,1,0,1,1,0,0,0,0,0,0,0,0,0,0,1,0,0,0,0,1,0,1,0,1,0
2,94.28346043290367,196.1374451809552,98.0687225904776,0,0,0,0,1,0,1,1,0,0,0,0,0,0,0,0,0,0,1,0,0,0,0,1,0,1,0,0,0
1,81.39024056168046,81.39024056168046,81.39024056168046,0,0,0,0,1,0,0,1,0,0,0,0,0,0,0,0,0,0,0,0,1,0,0,1,0,1,0,0,0
8,87.30698124852259,745.0499187833326,85.18810729469567,1,0,0,0,1,0,0,1,0,0,0,0,0,0,0,0,0,0,0,0,1,0,0,1,0,1,0,0,0
19,97.7042294511982,1886.3465255231822,97.20940805282898,1,0,1,0,1,0,0,1,0,0,0,0,0,0,0,0,0,0,0,0,1,0,0,0,0,0,0,1,0
9,98.74435526862692,921.9157768683735,102.43508631870817,0,0,0,0,1,0,1,1,0,0,0,0,0,0,0,0,0,0,1,0,1,0,0,0,1,0,0,0,0
9,78.53040639578046,661.1082324576485,72.8070469445154,1,0,1,0,1,0,0,1,0,0,0,0,0,0,0,0,0,0,0,0,0,0,0,1,0,0,0,0,0
64,107.18711657099837,6920.9561708330975,107.28541790053653,1,0,0,0,1,0,1,1,0,0,0,0,0,0,0,0,1,0,1,0,1,0,0,0,0,0,0,0,1
62,71.80345876096865,4483.706079313305,71.73513683227152,0,1,0,0,1,0,0,0,0,0,0,0,0,0,0,0,0,0,0,0,0,0,0,1,1,0,0,0,1
2,80.12792018258405,162.73813617777,81.369068088885,0,0,0,0,1,0,0,1,0,0,0,0,0,0,0,0,0,0,0,0,0,0,0,0,0,0,0,0,0
1,45.422131946737686,45.422131946737686,45.422131946737686,0,0,0,0,1,0,0,0,0,0,0,0,0,0,0,0,0,0,0,0,0,0,0,1,0,1,0,0,0
18,83.45197046757929,1464.8357636586577,77.37685215954109,1,0,0,0,1,0,1,1,0,0,0,0,0,0,0,0,0,0,0,0,0,0,0,1,0,1,0,1,0
57,94.04531798784355,5445.733236511814,94.46853497039615,0,0,0,0,1,0,0,1,0,0,0,0,0,0,0,0,0,0,0,0,1,0,0,1,0,0,0,0,1
6,44.7333502851813,269.82336929726813,44.97056154954469,1,0,0,0,1,0,0,0,0,0,0,0,0,0,0,0,0,0,0,0,0,0,0,0,0,0,0,0,0
3,79.4479411974977,246.01153000893453,82.0038433363115,0,0,0,0,1,0,0,1,0,0,0,0,0,0,0,0,0,0,0,0,0,0,0,1,0,0,0,0,0
1,70.7659972168769,70.7659972168769,70.7659972168769,0,0,0,0,1,0,0,1,0,0,0,0,0,0,0,0,0,0,0,0,0,0,0,1,0,0,1,0,0
2,80.62107340989682,144.17892659010317,72.08946329505159,0,0,0,0,1,0,0,1,0,0,0,0,0,0,0,0,0,0,1,0,0,0,0,1,0,1,0,0,0
1,80.22306912437502,80.22306912437502,80.22306912437502,0,0,0,0,1,0,0,1,0,0,0,0,0,0,0,0,0,0,1,0,0,0,0,1,0,1,0,0,0
44,93.23154452879099,4114.556141372023,93.0381718811003,0,0,1,0,1,0,1,1,0,0,0,0,0,0,0,0,0,0,1,0,0,0,0,1,0,0,0,0,1
7,20.12004343220461,158.82626483040332,20.73512956827713,0,0,0,0,1,0,0,0,1,1,0,1,0,1,0,1,0,1,0,1,0,0,0,0,0,0,0,0,0
10,74.21148966022093,812.0843896785218,80.63861149160026,1,0,0,0,1,0,0,1,0,0,0,0,0,0,0,0,0,0,0,0,0,0,0,0,0,0,0,0,0
70,109.05056184126337,7682.714793217048,108.98030211302077,0,0,1,0,1,0,1,1,0,0,0,0,1,0,1,0,1,0,1,0,1,0,0,1,0,0,0,0,1
21,82.34528328316887,1679.2103290106018,77.1981240472827,0,0,0,0,1,0,1,1,0,0,0,0,0,0,0,0,0,0,0,0,0,0,0,1,0,1,0,1,0
70,108.47472460796328,7532.882283806833,106.54099813692973,1,0,0,0,1,0,0,1,0,0,1,0,0,0,1,0,1,0,1,0,1,0,0,1,0,0,0,0,1
58,59.750025174469485,3561.361527143424,60.845417095386004,1,0,1,0,0,0,0,0,0,0,0,0,1,0,0,0,0,0,0,0,0,0,0,0,0,0,0,0,1
10,86.16155770303506,856.6900960094523,85.66900960094523,1,0,1,0,1,0,0,1,0,0,0,0,0,0,0,0,0,0,0,0,0,0,0,1,0,1,0,0,0
49,102.45109282383882,5049.735823975799,103.05583314236323,1,0,0,0,1,0,1,1,0,0,0,0,0,0,0,0,0,0,1,0,1,0,0,1,0,0,0,0,1
1,45.388587148214384,45.388587148214384,45.388587148214384,1,0,0,0,1,0,0,0,0,0,0,0,0,0,0,0,0,0,0,0,0,0,0,0,0,1,0,0,0
11,64.38959038035694,726.7775089785533,65.23442628428903,0,0,0,0,1,0,0,0,0,0,0,0,0,0,0,0,0,0,0,0,0,0,0,1,0,1,0,0,0
64,106.22142952996535,6877.262556236359,107.3291453080776,0,0,0,0,1,0,1,1,0,0,0,0,1,0,1,0,0,0,1,0,0,0,0,1,0,0,0,0,1
15,25.144527566285948,401.6241277440421,26.143158135700006,0,0,0,0,1,0,1,0,1,1,0,1,0,1,0,1,0,1,0,1,0,0,0,0,0,0,0,1,0
4,89.67844728156723,368.368933396199,92.09223334904975,1,0,0,0,1,0,1,1,0,0,0,0,1,0,0,0,0,0,0,0,0,0,0,1,0,0,0,0,0
45,100.81764122905105,4579.0472609775015,101.24380466148776,0,1,0,0,1,0,0,1,0,0,0,0,1,0,0,0,0,0,0,0,1,0,0,0,1,0,0,0,1
8,75.39194547974128,610.2286114925363,76.27857643656704,0,0,1,0,1,0,0,1,0,0,0,0,0,0,0,0,0,0,0,0,0,0,0,1,0,1,0,0,0
31,93.62196560998305,2953.969532092941,95.3804980333887,0,0,1,0,1,0,1,1,0,0,0,0,0,0,1,0,0,0,0,0,1,0,0,1,0,0,0,1,0
7,71.93008746601433,502.13563013656204,71.7336614480803,0,0,1,0,1,0,0,1,0,0,0,0,0,0,0,0,0,0,0,0,0,0,0,1,0,0,0,0,0
51,95.5609681873328,4868.650689893229,94.51327728777662,1,0,1,0,1,0,0,1,0,0,0,0,0,0,0,0,0,0,1,0,1,0,0,1,0,0,0,0,1
66,105.3489282822429,7002.741675490538,105.52970104012208,1,0,1,0,1,0,1,1,0,0,0,0,0,0,1,0,0,0,1,0,1,0,0,0,0,0,0,0,1
5,25.775988579531372,135.0546491005455,26.845661331426456,0,0,0,0,1,0,0,0,1,1,0,1,0,1,0,1,0,1,0,1,0,0,0,0,0,0,0,0,0
23,90.18877741638482,2173.2892607548183,91.4862115425229,0,0,0,0,1,0,0,1,0,0,0,0,0,0,0,0,0,0,1,0,0,0,0,1,0,0,0,1,0
3,40.93881014531122,130.94650140422064,39.53844451015249,0,0,0,0,0,0,0,0,0,0,0,0,0,0,0,0,0,0,0,0,0,0,0,0,0,1,0,0,0
19,98.08060508064838,1892.5240080941044,97.84593835041578,1,0,1,0,1,0,0,1,0,0,0,0,0,0,0,0,0,0,1,0,1,0,0,0,0,0,0,1,0
1,19.850831728613844,19.850831728613844,19.850831728613844,0,0,0,0,1,0,0,0,1,1,0,1,0,1,0,1,0,1,0,1,0,0,0,0,0,0,1,0,0
1,79.49422612625213,79.49422612625213,79.49422612625213,0,0,0,1,1,0,0,1,0,0,0,0,0,0,0,0,0,0,0,0,1,0,0,0,0,1,0,0,0
42,77.44225012568376,3286.736993202602,78.2065306593426,0,0,0,0,1,0,0,1,0,0,0,0,0,0,0,0,0,0,0,0,0,0,0,0,0,0,0,0,1
2,46.95831631559783,91.79649210016144,45.89824605008072,1,1,0,0,1,0,0,0,0,0,0,0,0,0,0,0,0,0,0,0,0,0,0,1,0,1,0,0,0
1,75.0656540846186,75.0656540846186,75.0656540846186,0,0,0,0,1,0,0,1,0,0,0,0,0,0,1,0,0,0,0,0,0,0,0,1,0,0,0,0,0
67,98.76377520954253,6594.375936562252,98.0822267988516,0,0,1,0,1,0,1,1,0,0,0,0,1,0,0,0,0,0,0,0,1,1,0,1,1,0,0,0,1
26,92.77695169691363,2381.736617096189,90.92438863467461,0,0,0,0,1,0,0,1,0,0,0,0,0,0,0,0,0,0,0,0,0,0,0,1,0,1,0,1,0
24,103.48955072392022,2511.2202621290294,104.63417758870955,1,0,0,0,1,0,1,1,0,0,0,0,1,0,1,0,0,0,1,0,1,0,0,1,0,0,0,1,0
1,74.38951707992112,74.38951707992112,74.38951707992112,0,1,0,0,1,0,1,1,0,0,0,0,0,0,0,0,0,0,0,0,0,0,0,1,0,1,0,0,0
65,94.66978156364127,6143.922327892232,93.87444811752938,0,0,0,0,1,0,0,1,0,0,0,0,1,0,0,0,0,0,1,0,0,0,0,1,0,1,0,0,1
7,80.90676339818746,585.4199985200638,83.63142836000912,0,0,0,0,1,0,0,1,0,0,0,0,0,0,0,0,0,0,1,0,0,0,0,1,0,1,0,0,0
1,70.14019792537763,70.14019792537763,70.14019792537763,0,0,0,0,1,0,0,1,0,0,0,0,0,0,0,0,0,0,0,0,0,0,0,1,0,1,0,0,0
5,87.57575415985393,476.4022528054829,95.28045056109657,0,0,0,0,1,0,0,1,0,0,0,0,0,0,0,0,0,0,1,0,0,0,0,1,0,1,0,0,0
63,106.05796225618917,6874.058705053089,108.59442422959641,1,0,0,0,1,0,1,1,0,0,0,0,0,0,0,0,1,0,1,0,1,0,0,1,1,0,0,0,1
24,99.22141822126332,2427.9138331297872,101.16307638040779,0,0,0,0,1,0,0,1,0,0,0,0,0,0,1,0,0,0,1,0,1,0,0,1,0,0,0,1,0
4,89.47903077887122,370.8661903603421,92.71654759008553,0,0,0,0,1,0,1,1,0,0,0,0,0,0,0,0,0,0,0,0,0,0,0,1,0,1,0,0,0
10,98.77140938044671,1057.8971678054193,103.18184273814961,0,0,0,0,1,0,1,1,0,0,0,0,0,0,0,0,0,0,1,0,1,0,0,1,0,1,0,0,0
15,74.87219110939526,1146.5692169899314,76.43794779932877,0,1,0,0,1,0,0,1,0,0,0,0,0,0,0,0,0,0,0,0,0,0,0,1,0,0,0,1,0
4,80.1878025652551,318.6098792234377,79.65246980585943,0,0,0,0,1,0,0,1,0,0,0,0,0,0,0,0,0,0,0,0,0,0,0,1,0,0,0,0,0
1,69.85669141814998,69.85669141814998,69.85669141814998,1,0,0,0,1,0,0,1,0,0,0,0,0,0,0,0,0,0,0,0,0,0,0,1,0,1,0,0,0
5,69.24059327862805,348.474282679014,69.69485653580278,0,0,0,0,1,0,0,0,0,0,0,0,0,0,1,0,0,0,1,0,0,0,0,0,0,0,0,0,0
4,85.17217443853689,371.5468417736511,92.88671044341278,0,0,1,0,1,0,1,1,0,0,0,0,1,0,0,0,0,0,0,0,0,0,0,1,0,0,0,0,0
11,97.0797416805583,1226.1722181603302,109.11194172823906,0,0,0,0,1,0,1,1,0,0,1,0,0,0,0,0,0,0,0,0,0,0,0,1,0,0,0,0,0
47,84.99829254450194,4050.0009390950772,85.05065310506833,0,0,1,0,1,0,0,0,0,0,0,0,0,0,1,0,0,0,0,0,1,0,0,0,0,1,0,0,1
1,84.60011448905381,84.60011448905381,84.60011448905381,0,0,0,0,1,0,0,1,0,0,0,0,0,0,0,0,0,0,0,0,1,0,0,1,0,0,1,0,0
5,48.15218526456368,220.09455712023268,44.01891142404654,1,0,0,0,1,0,0,0,0,0,0,0,0,0,0,0,0,0,0,0,0,0,0,0,0,1,0,0,0
7,89.74362992434354,676.5313331293007,96.6473333041858,1,1,1,0,1,0,0,1,0,0,0,0,0,0,0,0,0,0,0,0,1,0,0,1,0,0,0,0,0
4,45.90334065476269,192.8957676275567,48.22394190688917,0,0,0,0,1,0,0,0,0,0,0,0,0,0,0,0,0,0,0,0,0,0,0,0,0,0,1,0,0
4,88.56720940501772,371.1774423225797,92.79436058064492,0,0,0,0,1,0,0,1,0,0,0,0,0,0,0,0,0,0,0,0,1,0,0,1,0,1,0,0,0
5,81.16299301621684,390.51526847567925,78.10305369513586,0,0,0,0,1,0,0,1,0,0,0,0,0,0,0,0,0,0,0,0,0,0,0,1,0,0,0,0,0
54,25.985439839748786,1332.3795320738122,24.85637858545871,1,0,1,0,0,0,0,0,0,0,0,0,0,0,0,0,0,0,0,0,0,0,0,1,0,0,0,0,1
1,85.44828103480364,85.44828103480364,85.44828103480364,0,0,0,0,1,0,0,1,0,0,0,0,0,0,0,0,0,0,0,0,0,0,0,1,0,1,0,0,0
1,100.66424687193896,100.66424687193896,100.66424687193896,0,0,0,0,1,0,1,1,0,0,0,0,0,0,0,0,0,0,1,0,1,0,0,1,0,0,0,0,0
33,98.14228229331107,3206.7986217628413,95.84391500856199,0,0,1,0,1,0,1,1,0,0,0,0,0,0,0,0,0,0,1,0,1,0,0,1,0,0,0,1,0
1,45.53930544759474,45.53930544759474,45.53930544759474,0,0,0,0,1,0,0,0,0,0,0,0,0,0,0,0,0,0,0,0,0,0,0,1,0,1,0,0,0
53,102.97372546263227,5483.375543708824,102.72266833420164,0,0,0,0,1,0,0,1,0,0,0,0,0,0,1,0,0,0,1,0,1,0,0,1,0,1,0,0,1
2,44.5099415202999,80.80216374316029,40.401081871580146,0,0,0,0,1,0,0,0,0,0,0,0,0,0,0,0,0,0,0,0,0,0,0,0,0,0,0,0,0
68,77.84289879812333,5339.550419600967,77.68987149857654,1,0,0,0,1,0,1,0,0,0,0,0,1,0,1,0,1,0,0,0,1,1,0,1,0,0,0,0,1
6,55.24335617382755,385.3958652958811,61.83694987576314,0,0,0,0,1,0,0,0,0,0,1,0,0,0,0,0,0,0,0,0,0,0,0,0,0,1,0,0,0
1,20.115667395879257,20.115667395879257,20.115667395879257,1,0,0,0,1,0,0,0,1,1,0,1,0,1,0,1,0,1,0,1,0,0,0,0,0,0,1,0,0
1,19.8683398707664,19.8683398707664,19.8683398707664,1,0,0,1,1,0,0,0,1,1,0,1,0,1,0,1,0,1,0,1,0,0,0,0,0,0,1,0,0
24,98.91219178278389,2405.18610043105,99.78578370758014,0,0,0,0,1,0,1,1,0,0,0,0,0,0,0,0,0,0,1,0,1,0,0,1,0,1,0,1,0
1,34.898163903148216,34.898163903148216,34.898163903148216,0,0,0,0,0,1,0,0,0,0,0,0,0,0,0,0,0,0,0,0,0,0,0,0,0,0,0,0,0
4,91.09916237409632,367.7802981606831,91.94507454017078,1,0,0,0,1,0,1,1,0,0,0,0,1,0,0,0,0,0,0,0,1,0,0,1,0,1,0,0,0
6,46.316797145532526,264.57318053963195,44.095530089938656,0,0,1,0,1,0,0,0,0,0,0,0,0,0,0,0,0,0,0,0,0,0,0,1,0,0,0,0,0
15,85.46714491870581,1270.0762511984199,84.47953967346382,0,0,0,0,1,0,0,1,0,0,0,0,0,0,0,0,0,0,0,0,0,0,0,1,0,0,0,1,0
4,87.02147429430688,381.58572647848183,95.39643161962046,0,0,1,1,1,0,1,1,0,0,0,0,0,0,0,0,0,0,0,0,1,0,0,1,0,1,0,0,0
15,80.17057725182983,1266.406200997566,82.75237232501884,0,0,1,0,1,0,1,1,0,0,0,0,0,0,0,0,0,0,0,0,0,0,0,1,0,0,0,1,0
19,95.5203605303427,1783.645210640814,93.87606371793757,0,0,0,0,1,0,0,1,0,0,0,0,0,0,0,0,0,0,0,0,1,0,0,1,0,0,0,1,0
10,85.3662946416367,853.9238467406324,85.39238467406325,1,0,1,0,1,0,1,1,0,0,0,0,0,0,0,0,0,0,0,0,1,0,0,0,0,1,0,0,0
43,59.367008889771995,2429.5427452378012,60.23022562023809,0,0,0,0,0,0,0,0,0,0,0,0,0,0,0,0,0,0,0,0,0,0,0,1,0,0,0,0,0
53,105.52252132868695,5761.8429843466365,107.54711392085287,0,0,1,0,1,0,0,1,0,0,0,0,0,0,1,0,0,0,1,0,1,1,0,1,0,0,0,0,1
11,80.88774228247517,866.4353830466715,72.26571422114232,1,0,0,0,1,0,0,1,0,0,0,0,0,0,0,0,0,0,0,0,0,0,0,0,0,0,0,0,0
41,101.19759405452352,4208.833918949389,102.24861142883387,0,0,1,1,1,0,1,1,0,0,0,0,0,0,0,0,0,0,1,0,1,0,0,1,0,1,0,0,1
40,90.56090622153904,3618.8191795671155,90.4974091728044,1,0,1,0,1,0,0,1,0,0,0,0,0,0,0,0,0,0,0,0,0,0,0,1,0,1,0,0,1
13,81.36744011265993,1068.1967937147915,78.24390081676508,0,0,0,0,1,0,0,1,0,0,0,0,0,0,1,0,0,0,0,0,0,0,0,1,0,1,0,1,0
17,68.55691994192924,1149.901248462048,67.20108482055896,0,0,1,1,0,0,0,0,0,0,0,0,0,0,0,0,0,0,0,0,0,0,0,1,0,1,0,1,0
1,55.047792441949845,55.047792441949845,55.047792441949845,0,0,0,0,1,0,0,0,0,0,0,0,0,0,0,0,0,0,1,0,0,0,0,0,0,0,0,0,0
13,83.79894080942982,1095.6224387643597,83.98062115777368,0,0,0,0,1,0,0,1,0,0,0,0,0,0,0,0,0,0,0,0,0,0,0,0,0,1,0,1,0
56,96.66293261770967,5477.93156660647,97.14954494199186,0,0,0,0,1,0,0,1,0,0,0,0,0,0,1,0,0,0,1,0,1,0,0,1,0,1,0,0,1
11,60.658802206200505,656.2806506014693,57.96688987393926,1,0,0,0,1,0,0,0,0,0,0,0,0,0,0,0,0,0,0,0,0,0,0,0,0,0,0,0,0
1,35.49741421501289,35.49741421501289,35.49741421501289,1,0,0,0,0,1,0,0,0,0,0,0,0,0,0,0,0,0,0,0,1,0,0,0,0,1,0,0,0
22,91.56280766633084,2101.113725847683,92.31827205429958,1,0,0,0,1,0,1,1,0,0,0,0,0,0,0,0,0,0,0,0,0,0,0,1,0,0,0,1,0
1,85.61103730536898,85.61103730536898,85.61103730536898,0,0,0,0,1,0,0,1,0,0,0,0,0,0,0,0,0,0,1,0,0,0,0,1,0,1,0,0,0
70,109.33134895662346,7676.9183425091305,109.59537787006562,0,0,1,0,1,0,1,1,0,0,0,0,1,0,1,0,0,0,1,0,1,0,0,1,0,0,0,0,1
59,59.11194293718766,3267.7264592396987,58.591441709296845,1,1,0,0,0,0,0,0,0,0,0,0,0,0,0,0,0,0,0,0,0,0,0,1,0,0,0,0,1
28,89.77719926193714,2625.681760562773,93.26740214055438,0,0,0,0,1,0,1,1,0,0,0,0,0,0,0,0,0,0,0,0,0,0,0,1,0,0,0,1,0
64,105.77638395270019,6881.868481382209,106.75243180689169,0,0,1,0,1,0,1,1,0,0,0,0,1,0,0,0,0,0,1,0,1,1,0,1,0,1,0,0,1
33,91.45584641069853,3058.0910516867852,92.27007286733527,0,0,0,0,1,0,1,1,0,0,0,0,0,0,0,0,0,0,0,0,1,0,0,1,0,1,0,1,0
59,69.85332649644786,3926.2134746933393,70.35969408689563,0,0,1,0,0,0,0,0,0,0,0,0,1,0,0,0,0,0,0,0,1,0,0,0,0,0,0,0,1
3,97.31512837278555,313.6498264803592,104.54994216011974,0,0,0,0,1,0,0,1,0,0,0,0,1,0,0,0,0,0,1,0,1,0,0,1,0,1,0,0,0
3,20.165646414567604,72.43027640060906,20.066325945371492,0,0,0,0,1,0,0,0,1,1,0,1,0,1,0,1,0,1,0,1,0,0,0,0,0,0,1,0,0
1,50.87188795359231,50.87188795359231,50.87188795359231,1,0,0,0,1,0,0,0,0,0,0,0,0,0,0,0,0,0,0,0,0,0,0,0,0,0,1,0,0
17,90.52355020187473,1527.7374271493873,85.43230058630431,0,0,0,0,1,0,1,1,0,0,0,0,1,0,0,0,0,0,1,0,0,0,0,1,0,0,0,1,0
3,55.81297306135098,168.45216208292672,56.1507206943089,1,0,0,1,1,0,0,0,0,0,0,0,0,0,0,0,0,0,0,0,0,0,0,1,0,0,0,0,0
4,49.32053319902217,203.3324248186617,50.83310620466543,1,0,0,0,0,0,0,0,0,0,0,0,0,0,0,0,0,0,0,0,0,0,0,0,0,0,0,0,0
7,88.44197032655772,677.2956973791651,94.59712519755051,0,0,1,0,1,0,0,1,0,0,0,0,0,0,0,0,0,0,1,0,0,0,0,1,0,1,0,0,0
1,20.644895599664032,20.644895599664032,20.644895599664032,0,0,0,0,1,0,0,0,1,1,0,1,0,1,0,1,0,1,0,1,0,0,0,0,0,0,1,0,0
59,104.45062942924164,6207.588141438782,105.22440248256342,0,0,1,0,1,0,0,1,0,0,1,0,1,0,0,0,0,0,1,0,0,0,0,1,0,0,0,0,1
71,106.11080722759812,7542.634788040614,106.2342927893044,1,0,0,0,1,0,1,1,0,0,1,0,0,0,0,0,0,0,1,0,1,0,0,1,0,0,0,0,1
51,101.25756472629753,5121.618392193521,100.69465500011954,1,0,0,0,1,0,1,1,0,0,0,0,0,0,0,0,1,0,0,0,1,0,0,1,0,0,0,0,1
8,72.09057368491449,673.3589420190299,75.94834811225243,0,0,0,0,1,0,0,1,0,0,0,0,0,0,0,0,0,0,0,0,0,0,0,0,0,0,0,0,0
7,95.80027746379992,673.1323611018765,96.16176587169664,1,0,0,0,1,0,1,1,0,0,0,0,1,0,0,0,0,0,0,0,1,0,0,1,0,0,0,0,0
1,24.32112528012402,24.32112528012402,24.32112528012402,1,0,0,0,0,0,0,0,0,0,0,0,0,0,0,0,0,0,0,0,0,0,0,1,0,0,1,0,0
10,99.32372054326927,1059.0148833616072,105.90148833616072,0,0,0,0,1,0,1,1,0,0,0,0,0,0,0,0,0,0,1,0,1,0,0,1,0,1,0,0,0
15,94.27718487863294,1427.7835551715013,93.42575810186212,0,0,0,0,1,0,0,1,0,0,0,0,0,0,1,0,0,0,0,0,0,0,0,1,0,0,0,1,0
1,74.37267981926978,74.37267981926978,74.37267981926978,0,1,0,0,1,0,1,1,0,0,0,0,0,0,0,0,0,0,0,0,0,0,0,1,0,1,0,0,0
24,91.89528886226707,2267.638110467084,91.94552027344099,0,0,0,0,1,0,0,1,0,0,0,0,0,0,0,0,0,0,1,0,1,0,0,1,0,0,0,1,0
6,71.99166207387142,447.45404746409383,66.64806186006196,0,0,0,0,1,0,0,0,0,0,0,0,0,0,0,0,0,0,0,0,0,0,0,1,0,0,0,0,0
19,80.4937265623665,1465.0398384765324,75.89177934719207,1,0,1,0,1,0,0,1,0,0,0,0,0,0,0,0,0,0,0,0,0,0,0,1,0,1,0,1,0
31,46.08391553814445,1345.8038573833192,46.92892761235686,1,0,1,0,0,0,0,0,0,0,0,0,0,0,0,0,0,0,0,0,0,0,0,0,0,1,0,0,0
8,43.168167293438955,336.1208820154598,42.43237571662538,0,0,0,0,0,0,0,0,0,0,0,0,0,0,0,0,0,0,0,0,0,0,0,0,0,1,0,0,0
3,98.78603793501522,291.85754302051635,97.28584767350544,0,0,0,0,1,0,0,1,0,0,0,0,0,0,1,0,0,0,1,0,1,0,0,1,0,0,0,0,0
4,90.28537536697574,366.69489928681134,91.67372482170283,0,0,1,0,1,0,1,1,0,0,0,0,1,0,0,0,0,0,0,0,0,0,0,1,0,0,0,0,0
1,75.36587099841829,75.36587099841829,75.36587099841829,1,0,0,0,1,0,0,1,0,0,0,0,0,0,0,0,0,0,0,0,0,0,0,1,0,1,0,0,0
5,79.64073800441803,412.3850361614138,82.47700723228276,0,0,0,0,1,0,0,1,0,0,0,0,0,0,0,0,0,0,0,0,0,0,0,1,0,1,0,0,0
21,98.60047235837092,2110.489243299974,98.83171365422142,0,0,0,0,1,0,1,1,0,0,0,0,0,0,0,0,0,0,1,0,1,0,0,1,0,1,0,1,0
25,24.770332183228124,693.3054080056672,27.503742675865436,0,0,0,0,0,0,0,0,0,0,0,0,0,0,0,0,0,0,0,0,0,0,0,0,1,0,0,1,0
1,80.18309267260723,80.18309267260723,80.18309267260723,0,0,0,0,1,0,0,1,0,0,0,0,0,0,0,0,0,0,1,0,0,0,0,1,0,1,0,0,0
1,20.319448334050684,20.319448334050684,20.319448334050684,1,0,0,0,1,0,0,0,1,1,0,1,0,1,0,1,0,1,0,1,0,0,0,0,0,0,1,0,0
27,55.44412195632226,1534.5912059332913,56.193513163052344,0,0,1,0,1,0,0,0,0,0,0,0,0,0,0,0,0,0,0,0,0,0,0,1,0,0,0,1,0
9,45.19112994356445,416.8366214695058,46.31518016327843,0,0,0,0,0,0,0,0,0,0,0,0,0,0,0,0,0,0,0,0,0,0,0,0,0,1,0,0,0
42,107.65211905115193,4533.805227643175,105.51279721968345,0,0,0,0,1,0,1,1,0,0,0,0,0,0,1,0,1,0,1,0,1,0,0,1,0,0,0,0,1
1,79.94149827323044,79.94149827323044,79.94149827323044,0,0,0,0,1,0,0,1,0,0,0,0,0,0,0,0,0,0,0,0,1,0,0,0,0,0,0,0,0
7,94.54819450395391,671.7168832582468,95.9595547511781,1,0,0,0,1,0,0,1,0,0,0,0,1,0,0,0,0,0,0,0,1,0,0,1,0,0,0,0,0
1,89.31159657855056,89.31159657855056,89.31159657855056,0,0,0,0,1,0,0,1,0,0,0,0,0,0,0,0,0,0,1,0,1,0,0,1,0,1,0,0,0
1,74.86268948029985,74.86268948029985,74.86268948029985,0,0,0,0,1,0,0,1,0,0,0,0,0,0,1,0,0,0,0,0,0,0,0,1,0,0,0,0,0
1,20.212046401237796,20.212046401237796,20.212046401237796,0,0,0,0,1,0,0,0,1,1,0,1,0,1,0,1,0,1,0,1,0,0,0,1,0,0,1,0,0
1,70.57107552144609,70.57107552144609,70.57107552144609,0,0,0,0,1,0,0,1,0,0,0,0,0,0,0,0,0,0,0,0,0,0,0,1,0,1,0,0,0
44,89.26311195991144,3965.307102527451,88.42275651475217,0,0,0,0,1,0,1,1,0,0,0,0,1,0,1,0,0,0,0,0,0,0,0,1,0,0,0,0,1
15,50.34839422000369,730.4032958848129,50.30594143445617,1,0,0,0,0,0,0,0,0,0,0,0,0,0,0,0,0,0,1,0,0,0,0,1,0,1,0,0,0
69,95.39612527348119,6583.296795721575,95.15647755224776,0,0,1,0,1,0,1,1,0,0,0,0,0,0,0,0,0,0,0,0,1,0,0,1,0,0,0,0,1
28,89.97381717070681,2625.3252254514546,93.76161519469481,0,0,0,0,1,0,0,1,0,0,0,0,0,0,0,0,0,0,0,0,1,0,0,1,0,0,0,1,0
1,69.33922854783606,69.33922854783606,69.33922854783606,0,0,0,0,1,0,0,1,0,0,0,0,0,0,0,0,0,0,0,0,0,0,0,1,0,1,0,0,0
1,80.25182503795563,80.25182503795563,80.25182503795563,0,0,0,0,1,0,0,1,0,0,0,0,0,0,0,0,0,0,0,0,0,0,0,1,0,1,0,0,0
1,94.20761291205183,94.20761291205183,94.20761291205183,0,0,0,0,1,0,0,1,0,0,0,0,0,0,0,0,0,0,1,0,1,0,0,0,0,1,0,0,0
31,82.94116453209384,2558.608644953345,82.04429458254285,0,0,0,0,1,0,0,1,0,0,0,0,0,0,0,0,0,0,1,0,0,0,0,0,0,1,0,1,0
2,45.59779740602052,80.41237277158338,40.20618638579169,0,0,0,0,1,0,0,0,0,0,0,0,0,0,0,0,0,0,0,0,0,0,0,0,0,0,0,0,0
3,29.677399137815275,88.93139438237134,29.643798127457114,0,0,0,0,0,1,0,0,0,0,0,0,0,0,0,0,0,0,0,0,0,0,0,0,0,0,0,0,0
58,108.37313511193983,6279.449852902444,107.85144420083793,1,0,1,0,1,0,1,1,0,0,1,0,1,0,1,0,0,0,1,0,0,0,0,1,0,1,0,0,1
10,77.3913901569639,828.0935197617293,78.89631428028181,0,0,0,0,1,0,1,1,0,0,0,0,0,0,0,0,0,0,0,0,0,0,0,1,0,0,0,0,0
10,44.61613477697233,435.6566520909124,43.31873674520333,0,0,0,0,0,0,0,0,0,0,0,0,0,0,0,0,0,0,0,0,0,0,0,1,0,0,0,0,0
3,55.131387553690665,155.974554765746,51.991518255248664,0,0,0,0,1,0,0,0,0,0,1,0,0,0,0,0,0,0,0,0,0,0,0,0,0,0,0,0,0
70,115.44322971119564,8127.298331564966,116.04972133476875,0,0,0,0,1,0,1,1,0,0,0,0,1,0,1,0,1,0,1,0,1,1,0,0,0,0,0,0,1
23,95.73572011773268,2223.970872922119,95.67562800616834,0,0,1,0,1,0,0,1,0,0,0,0,0,0,1,0,0,0,1,0,1,0,0,1,0,0,0,1,0
1,50.530715553736485,50.530715553736485,50.530715553736485,0,0,0,0,1,0,1,0,0,0,0,0,0,0,0,0,0,0,0,0,0,0,0,0,0,0,0,0,0
7,85.80616554431002,647.889792531893,92.55568464741329,0,0,0,0,1,0,1,1,0,0,0,0,0,0,0,0,0,0,0,0,1,0,0,0,0,0,0,0,0
10,86.37872704007408,857.371546097077,85.73715460970772,1,0,0,0,1,0,0,1,0,0,0,0,0,0,0,0,0,0,0,0,1,0,0,1,0,1,0,0,0
34,85.61594254059932,2917.028719043606,83.70609010957264,0,0,0,0,1,0,1,1,0,0,0,0,0,0,0,0,1,0,0,0,0,0,0,0,0,0,0,1,0
1,94.66269509760235,94.66269509760235,94.66269509760235,0,0,0,0,1,0,0,1,0,0,0,0,0,0,0,0,0,0,1,0,1,0,0,1,0,1,0,0,0
3,77.33559105265991,205.91206087910905,68.63735362636969,0,0,0,0,1,0,0,1,0,0,0,0,0,0,0,0,0,0,0,0,0,0,0,1,0,1,0,0,0
2,80.23847039578443,154.18516776783713,77.09258388391856,0,0,0,0,1,0,0,1,0,0,0,0,0,0,1,0,0,0,0,0,0,0,0,0,0,0,0,0,0
2,97.2640403400501,251.3631515919399,110.16811552710324,0,0,1,0,1,0,0,1,0,0,0,0,0,0,0,0,1,0,1,0,0,0,0,1,0,0,0,0,0
10,67.81837021488,739.8334778332435,69.75229750756625,0,0,1,0,1,0,0,0,0,0,0,0,0,0,0,0,0,0,0,0,0,0,0,1,0,1,0,0,0
47,85.49708970471174,4042.3307273037412,86.00703675114343,1,0,0,0,1,0,0,1,0,0,0,0,0,0,0,0,0,0,0,0,0,0,0,0,0,0,0,0,1
1,75.1551296570826,75.1551296570826,75.1551296570826,1,1,0,0,1,0,1,1,0,0,0,0,0,0,0,0,0,0,0,0,0,0,0,1,0,1,0,0,0
1,74.5030311887543,74.5030311887543,74.5030311887543,0,0,0,0,1,0,0,1,0,0,0,0,0,0,0,0,0,0,0,0,0,0,0,1,0,0,1,0,0
2,79.66613194240315,159.47870694636012,79.73935347318006,0,0,0,0,1,0,0,1,0,0,0,0,0,0,0,0,0,0,0,0,0,0,0,1,0,0,0,0,0
68,109.70176861261861,7599.660747910617,111.04391688598884,1,0,0,0,1,0,1,1,0,0,0,0,0,0,1,0,1,0,1,0,1,0,1,1,0,0,0,0,1
12,80.46651647525188,950.2495494257556,79.04342729296722,0,0,0,0,1,0,0,1,0,0,0,0,0,0,0,0,0,0,0,0,0,0,0,1,0,1,0,0,0
8,85.843386376524,766.2027765322657,95.77534706653321,0,0,1,0,1,0,0,1,0,0,0,0,0,0,0,0,0,0,0,0,1,0,0,1,0,1,0,0,0
3,80.10487857196877,248.87927143181258,82.95975714393754,0,0,0,0,1,0,0,1,0,0,0,0,0,0,0,0,0,0,0,0,0,0,0,1,0,1,0,0,0
22,79.23294358146435,1740.0266639322801,79.09212108783092,0,0,0,0,1,0,1,0,0,0,0,0,0,0,0,0,0,0,0,0,0,0,0,1,0,1,0,1,0
1,30.066396607202858,30.066396607202858,30.066396607202858,0,0,0,0,0,1,0,0,0,0,1,0,0,0,0,0,0,0,0,0,0,0,0,0,0,0,0,0,0
32,83.62860370506814,2767.402127030908,84.90914686476755,0,0,0,0,1,0,1,1,0,0,0,0,0,0,0,0,0,0,0,0,0,0,0,0,0,1,0,1,0
5,81.46914128484099,413.42389297294125,82.68477859458825,0,0,0,0,1,0,0,1,0,0,0,0,0,0,0,0,0,0,0,0,0,0,0,1,0,0,0,0,0
18,99.67116616925476,1836.680301326151,101.36522515100225,0,1,0,0,1,0,1,1,0,0,0,0,0,0,0,0,0,0,1,0,1,0,0,0,0,0,0,1,0
8,91.82035227863517,771.1051756970452,93.97107106402031,0,0,0,0,1,0,1,1,0,0,0,0,0,0,0,0,0,0,0,0,0,0,0,1,0,1,0,0,0
28,102.66687855744009,3039.441022582589,105.22754533818443,0,0,0,0,1,0,1,1,0,0,0,0,0,0,0,0,0,0,1,0,1,0,0,1,0,0,0,1,0
1,19.682165318630407,19.682165318630407,19.682165318630407,0,0,0,0,1,0,0,0,1,1,0,1,0,1,0,1,0,1,0,1,0,0,0,1,0,1,0,0,0
24,90.10802771154421,2280.479044134093,93.17893512784102,0,0,0,0,1,0,0,1,0,0,0,0,0,0,0,0,0,0,1,0,0,0,0,1,0,0,0,1,0
41,52.24821634168614,2091.906795811392,50.39218844014494,0,0,0,0,0,1,0,0,0,0,0,0,0,0,0,0,0,0,1,0,1,0,0,1,0,0,0,0,1
1,90.56156888988943,90.56156888988943,90.56156888988943,0,0,0,0,1,0,0,1,0,0,0,0,0,0,0,0,0,0,1,0,1,0,0,0,0,1,0,0,0
1,79.93798917911062,79.93798917911062,79.93798917911062,1,0,0,0,1,0,0,1,0,0,0,0,0,0,0,0,0,0,0,0,1,0,0,0,0,1,0,0,0
6,98.10681079773528,561.3531752039124,93.5588625339854,0,1,0,0,1,0,0,1,0,0,0,0,0,0,0,0,0,0,1,0,1,0,0,1,0,1,0,0,0
3,55.11074052284258,155.61664705583217,51.87221568527739,0,0,0,0,1,0,0,0,0,0,0,0,0,0,0,0,0,0,0,0,0,0,0,0,0,0,1,0,0
4,79.11314358164795,317.289024442961,79.32225611074026,0,0,0,0,1,0,0,1,0,0,0,0,0,0,0,0,0,0,0,0,0,0,0,1,0,1,0,0,0
43,101.88398171536065,4406.943389674724,101.4281575674912,1,0,0,0,1,0,0,1,0,0,0,0,1,0,0,0,0,0,1,0,1,0,0,0,0,1,0,0,1
60,95.52661010151924,5743.8940850482395,95.45616843493333,1,0,1,0,1,0,1,1,0,0,0,0,1,0,1,0,0,0,0,0,0,0,0,0,0,1,0,0,1
2,79.49672311393388,164.22026134971802,82.11013067485901,0,0,0,0,1,0,0,0,0,0,0,0,0,0,0,0,0,0,1,0,0,0,0,0,0,1,0,0,0
9,84.66940844895683,756.6491080278181,84.07212311420201,0,1,0,0,1,0,1,1,0,0,0,0,0,0,0,0,0,0,0,0,1,0,0,1,0,1,0,0,0
2,80.77766887604736,174.16848041783956,87.08424020891978,0,0,0,0,1,0,0,1,0,0,0,0,0,0,1,0,0,0,0,0,0,0,0,0,0,0,0,0,0
25,75.98791534591163,1840.1493683837648,71.94338367538822,0,0,0,0,1,0,1,1,0,0,0,0,0,0,0,0,0,0,0,0,0,0,0,1,0,0,0,1,0
8,92.78205449207834,771.5309156191652,94.95784893809032,1,0,0,0,1,0,1,1,0,0,0,0,0,0,0,0,0,0,1,0,0,0,0,1,0,1,0,0,0
30,91.16129120165326,2749.97646743419,90.47431271776323,0,0,0,0,1,0,1,1,0,0,0,0,0,0,0,0,0,0,0,0,1,0,0,1,0,1,0,1,0
22,95.98393667994145,2102.461623722387,95.56643744192668,1,0,0,0,1,0,1,1,0,0,0,0,0,0,0,0,0,0,1,0,1,0,0,1,0,0,0,1,0
9,87.1946362422606,852.3192971607825,89.22919233223925,0,0,1,0,1,0,0,1,0,0,0,0,0,0,0,0,0,0,0,0,1,0,0,0,0,1,0,0,0
3,71.098072870544,206.4709006505379,68.82363355017931,0,0,0,0,1,0,0,1,0,0,0,0,0,0,0,0,0,0,0,0,0,0,0,1,0,0,0,0,0
1,35.617786638953426,35.617786638953426,35.617786638953426,0,0,0,0,0,1,0,0,0,0,0,0,0,0,0,0,0,0,0,0,0,0,0,0,0,0,0,0,0
23,89.16854351403525,2038.662804399203,87.17791147536227,1,0,0,0,1,0,0,1,0,0,0,0,0,0,0,0,0,0,0,0,1,0,0,1,0,0,0,1,0
11,95.30751462486818,1101.1689938032157,96.88773151729237,0,0,0,0,1,0,1,1,0,0,0,0,0,0,0,0,0,0,1,0,0,0,0,1,0,0,0,0,0
3,55.17251107147271,169.02636938419687,56.34212312806562,1,0,0,1,1,0,0,0,0,0,0,0,0,0,0,0,0,0,0,0,0,0,0,1,0,0,0,0,0
55,99.65071475079013,5436.457686431501,98.80960519567188,0,0,1,0,1,0,1,1,0,0,1,0,1,0,0,0,0,0,0,0,1,0,0,0,0,0,0,0,1
20,82.8072585787645,1749.067017415444,83.86597020861154,0,0,1,0,1,0,1,0,0,0,0,0,0,0,0,0,0,0,0,0,1,0,0,0,0,0,0,1,0
47,83.51090260589261,4063.403351064604,86.45539044818305,0,0,1,0,1,0,0,1,0,0,0,0,0,0,1,0,0,0,0,0,0,0,0,1,0,0,0,0,1
15,99.16814503728506,1506.1271072155507,98.57926377699233,0,0,0,0,1,0,0,1,0,0,0,0,0,0,0,0,0,0,1,0,1,0,0,1,0,1,0,1,0
17,69.53001173184207,1146.9204395810134,67.46590821064785,0,0,0,0,1,0,0,1,0,0,0,0,0,0,0,0,0,0,0,0,0,0,0,1,0,1,0,1,0
2,45.089577625567806,98.34619759235441,49.17309879617721,0,0,0,0,0,0,0,0,0,0,0,0,0,0,0,0,0,0,0,0,0,0,0,0,0,1,0,0,0
51,81.31646024532242,4109.339907461233,79.62339956731563,0,0,0,0,1,0,0,1,0,0,0,0,0,0,0,0,0,0,0,0,0,0,0,1,0,0,0,0,1
47,85.48755935476706,4042.508380807652,86.01081661292876,0,0,0,0,1,0,0,1,0,0,0,0,0,0,0,0,0,0,0,0,1,0,0,0,0,0,0,0,1
1,20.9,20.9,20.9,0,0,0,0,1,0,0,0,1,1,0,1,0,1,0,1,0,1,0,1,0,0,0,0,0,0,1,0,0
12,29.125896967205385,309.0074692288914,25.711767353466104,0,0,0,0,0,0,0,0,0,0,0,0,0,0,0,0,0,0,0,0,0,0,0,0,0,0,0,0,0
6,100.30998878851672,671.7528645343365,101.84753796993108,0,0,0,0,1,0,1,1,0,0,0,0,1,0,0,0,0,0,0,0,1,0,0,1,1,0,0,0,0
5,85.50377961602427,472.6735426878301,94.53470853756602,0,0,0,0,1,0,0,1,0,0,0,0,0,0,0,0,0,0,1,0,0,0,0,1,0,1,0,0,0
12,59.081629547672826,724.9869418735973,59.8071670897211,1,0,0,0,0,0,0,0,0,0,0,0,0,0,0,0,1,0,1,0,0,0,0,1,0,1,0,0,0
1,20.50210329394716,20.50210329394716,20.50210329394716,0,0,0,0,1,0,0,0,1,1,0,1,0,1,0,1,0,1,0,1,0,0,0,0,0,0,1,0,0
51,99.08306248448942,5008.525022886162,97.17230662564073,0,0,1,0,1,0,0,1,0,0,0,0,0,0,1,0,0,0,1,0,1,0,0,1,0,0,0,0,1
1,69.72581067058871,69.72581067058871,69.72581067058871,1,1,0,0,1,0,0,1,0,0,0,0,0,0,0,0,0,0,0,0,0,0,0,1,0,1,0,0,0
3,92.82285732240078,284.3307641045275,94.77692136817582,1,1,0,0,1,0,1,1,0,0,0,0,0,0,0,0,0,0,1,0,0,0,0,0,0,1,0,0,0
3,83.72853702381546,259.66653828103017,86.55551276034338,1,0,0,0,1,0,0,1,0,0,0,0,0,0,0,0,0,0,0,0,0,0,0,0,0,1,0,0,0
66,77.97281771224658,5292.745420356017,79.36870400220188,1,0,1,0,1,0,1,0,0,0,0,0,1,0,1,0,0,0,0,0,1,0,0,1,0,0,0,0,1
5,62.48577660158715,386.1606691789876,67.82504231696868,0,0,0,0,1,0,0,0,0,0,0,0,0,0,0,0,0,0,0,0,0,0,0,0,0,1,0,0,0
4,69.860448236326,266.9794549852764,66.7448637463191,0,0,0,0,1,0,0,0,0,0,0,0,0,0,0,0,0,0,0,0,0,0,0,1,0,0,0,0,0
59,68.26574503432144,3903.0211012068407,69.90098728471193,0,0,0,0,0,0,0,0,0,0,0,0,1,0,1,0,0,0,0,0,0,0,0,1,0,0,0,0,1
1,19.763355714491926,19.763355714491926,19.763355714491926,0,0,0,0,1,0,0,0,1,1,0,1,0,1,0,1,0,1,0,1,0,0,0,0,0,0,1,0,0
5,79.79929039591248,414.05678479237736,82.81135695847547,1,0,0,0,1,0,0,1,0,0,0,0,0,0,0,0,0,0,0,0,0,0,0,1,0,1,0,0,0
69,51.584507080528965,3515.7921642916413,51.76166499244916,0,0,0,0,0,0,0,0,0,0,0,0,0,0,0,0,0,0,1,0,1,0,0,0,0,1,0,0,0
4,46.36908607984,197.63786158625365,49.40946539656341,0,0,0,0,1,0,0,0,0,0,0,0,0,0,0,0,0,0,0,0,0,0,0,0,0,0,0,0,0
11,100.90842298508237,1139.0455858118023,103.54959871016383,0,0,1,0,1,0,1,1,0,0,0,0,0,0,0,0,0,0,1,0,1,0,0,1,0,1,0,0,0
11,96.93214912892775,1225.48064163269,109.44471181786236,0,0,0,0,1,0,1,1,0,0,1,0,0,0,0,0,0,0,0,0,0,0,0,1,0,0,0,0,0
21,70.25707742749253,1553.2728051330016,71.63192183318648,0,0,1,0,1,0,0,1,0,0,0,0,0,0,0,0,0,0,0,0,0,0,0,1,0,1,0,1,0
24,46.32526314947112,1068.7682259770636,44.57794545500098,1,0,1,1,0,0,0,0,0,0,0,0,0,0,0,0,0,0,0,0,0,0,0,0,0,0,0,1,0
18,89.53483550138168,1612.813945400842,89.08119023181749,0,0,0,0,1,0,1,0,0,0,0,0,0,0,0,0,1,0,0,0,0,0,0,1,0,1,0,1,0
21,105.64491432279283,2250.829142785514,107.1823401326435,0,0,1,0,1,0,1,1,0,0,0,0,0,0,1,0,0,0,1,0,1,0,0,1,0,1,0,1,0
6,99.70143436689794,549.5434852639246,91.59058087732075,0,0,0,0,1,0,0,1,0,0,0,0,0,0,0,0,0,0,1,0,1,0,0,1,0,0,0,0,0
50,54.60167835177693,2568.8242899280945,54.832398290661345,0,0,0,0,0,0,0,0,0,0,0,0,0,0,0,0,0,0,1,0,0,0,0,0,0,1,0,0,0
5,68.33931690801325,318.0058685426907,63.601173708538134,0,0,0,0,0,0,0,0,0,0,0,0,0,0,0,0,0,0,0,0,0,0,0,1,0,0,1,0,0
48,62.24825789635577,2856.893415882996,62.06904983880004,1,0,0,0,0,0,0,0,0,0,0,0,0,0,0,0,0,0,1,0,1,0,0,1,0,0,0,0,0
8,100.26842937673518,831.7744432527877,103.97180540659846,0,0,0,0,1,0,0,1,0,0,0,0,0,0,0,0,0,0,1,0,1,0,0,0,0,0,0,0,0
1,74.95259035301703,74.95259035301703,74.95259035301703,1,0,0,0,1,0,1,1,0,0,0,0,0,0,0,0,0,0,0,0,0,0,0,1,0,1,0,0,0
1,20.171172280574606,20.171172280574606,20.171172280574606,1,0,0,0,1,0,0,0,1,1,0,1,0,1,0,1,0,1,0,1,0,0,0,0,0,0,1,0,0
4,70.36700153063569,280.6275887028885,70.15689717572212,0,0,0,0,1,0,0,0,0,0,0,0,0,0,0,0,0,0,0,0,0,0,0,0,0,0,0,0,0
1,57.928794859688296,57.928794859688296,57.928794859688296,0,0,0,0,1,0,0,0,0,0,0,0,0,0,0,0,0,0,0,0,1,0,0,1,0,1,0,0,0
5,76.38053370616349,413.24771023607707,82.6495420472154,0,0,0,0,1,0,1,1,0,0,0,0,0,0,0,0,0,0,0,0,0,0,0,0,0,1,0,0,0
8,98.51207201168893,823.7233107081066,97.93328482732768,1,0,0,0,1,0,1,1,0,0,0,0,0,0,0,0,0,0,1,0,1,0,0,0,0,1,0,0,0
1,69.60774632738257,69.60774632738257,69.60774632738257,1,0,0,0,1,0,0,1,0,0,0,0,0,0,0,0,0,0,0,0,0,0,0,0,0,0,0,0,0
1,89.14634592189866,89.14634592189866,89.14634592189866,1,0,0,0,1,0,0,1,0,0,0,0,0,0,0,0,0,0,1,0,1,0,0,0,0,0,0,0,0
12,44.31089928691982,523.9098632801689,43.6591552733474,1,0,0,0,0,0,0,0,0,0,0,0,0,0,0,0,0,0,0,0,0,0,0,1,0,0,0,0,0
5,104.02188802256352,542.0082274386168,108.05804689781904,0,0,0,0,1,0,0,1,0,0,0,0,0,0,1,0,0,0,1,0,1,0,0,0,0,0,1,0,0
1,50.84296770506488,50.84296770506488,50.84296770506488,1,0,0,0,1,0,0,0,0,0,0,0,0,0,0,0,0,0,0,0,0,0,0,0,0,0,1,0,0
9,55.78299602337782,535.5048676862416,56.51102990519468,0,0,0,0,0,0,0,0,0,0,0,0,0,0,0,0,0,0,0,0,0,0,0,0,0,0,0,0,0
53,94.76250385409064,5002.870934980391,94.39379122604511,0,0,1,0,1,0,0,1,0,0,0,0,0,0,1,0,0,0,0,0,1,0,0,0,0,0,0,0,1
54,99.10401139877081,5614.968858685319,102.41917774772558,1,1,0,0,1,0,1,1,0,0,1,0,0,0,0,0,0,0,1,0,1,0,0,1,0,1,0,0,1
1,79.53206102198244,79.53206102198244,79.53206102198244,1,0,0,0,1,0,0,1,0,0,0,0,0,0,0,0,0,0,1,0,0,0,0,1,0,1,0,0,0
30,100.72006045020994,3000.2280206391783,100.12235335224833,1,0,0,0,1,0,1,1,0,0,0,0,0,0,0,0,0,0,1,0,1,0,0,1,0,0,0,1,0
49,103.8363847447949,5018.345899607966,100.46217844890717,0,0,1,1,1,0,1,1,0,0,0,0,1,0,0,0,0,0,1,0,1,0,0,1,0,0,0,0,1
30,92.6666636386674,2808.1862559021874,92.94549754810005,0,0,0,0,1,0,1,1,0,0,0,0,0,0,0,0,0,0,0,0,1,0,0,1,0,0,0,1,0
2,20.99668574494785,34.59845792344972,17.29922896172486,0,0,0,0,0,0,0,0,0,0,0,0,0,0,0,0,0,0,0,0,0,0,0,0,0,0,0,0,0
33,68.11870244876332,2257.6127415544324,68.23362177919026,0,0,0,0,1,0,0,0,0,0,0,0,1,0,0,0,0,0,0,0,0,0,0,1,0,0,0,0,0
21,88.31378075094894,1852.0305556035303,86.54256757299898,0,0,0,0,1,0,0,1,0,0,0,0,0,0,0,0,0,0,0,0,1,0,0,1,0,0,0,1,0
27,103.54734031581908,2884.985906767743,103.97345194896724,0,1,0,0,1,0,1,1,0,0,0,0,0,0,0,0,1,0,1,0,1,0,0,1,0,0,0,1,0
1,76.07187696329022,76.07187696329022,76.07187696329022,0,0,0,0,1,0,0,1,0,0,0,0,0,0,0,0,0,0,0,0,0,0,0,0,0,1,0,0,0
30,88.35060561672343,2658.6161735688975,85.94185985973259,1,1,1,0,1,0,1,1,0,0,0,0,0,0,0,0,0,0,0,0,1,0,0,0,0,1,0,1,0
52,110.15177672929218,5917.247228744662,112.16804365669415,0,0,0,0,1,0,1,1,0,0,0,0,1,0,0,0,0,0,1,0,1,0,0,1,1,0,0,0,1
1,45.55428839060374,45.55428839060374,45.55428839060374,1,0,0,0,1,0,0,0,0,0,0,0,0,0,0,0,0,0,0,0,0,0,0,0,0,1,0,0,0
65,96.9077785970396,6327.747614658716,96.54996068861811,0,0,1,0,1,0,1,1,0,0,0,0,0,0,0,0,0,0,0,0,1,0,0,1,0,0,0,0,1
11,97.86865007108166,1125.0145640298647,102.27405127544223,0,0,0,0,1,0,0,1,0,0,0,0,0,0,0,0,0,0,1,0,1,0,0,1,0,1,0,0,0
2,54.78403801357022,104.22844232442385,52.114221162211926,0,0,0,0,1,0,0,0,0,0,0,0,0,0,0,0,0,0,0,0,0,0,0,0,0,0,0,0,0
8,74.99593268891432,632.8591633857532,79.02920011225399,0,0,0,0,1,0,0,1,0,0,0,0,0,0,0,0,0,0,0,0,0,0,0,0,0,1,0,0,0
1,69.921485328015,69.921485328015,69.921485328015,0,0,0,0,1,0,0,1,0,0,0,0,0,0,0,0,0,0,0,0,0,0,0,1,0,1,0,0,0
3,76.73965309503058,228.3704776273727,76.12349254245758,0,0,0,0,1,0,1,1,0,0,0,0,0,0,0,0,0,0,0,0,0,0,0,1,0,0,0,0,0
1,19.214338389801807,19.214338389801807,19.214338389801807,0,0,0,0,1,0,0,0,1,1,0,1,0,1,0,1,0,1,0,1,0,0,0,1,0,0,1,0,0
5,93.90261763573444,518.6308549287633,92.7030446187923,0,0,0,0,1,0,1,1,0,0,0,0,0,0,0,0,0,0,1,0,0,0,0,1,0,1,0,0,0
32,84.88232350778391,2757.2948103232666,85.40862076832578,0,0,0,0,1,0,0,1,0,0,0,0,0,0,0,0,0,0,0,0,1,0,0,1,0,1,0,1,0
52,91.81632179521989,4671.62224627092,92.04427165934618,1,0,1,0,1,0,1,0,0,0,0,0,0,0,1,0,0,0,0,0,1,0,0,0,0,0,0,0,1
3,82.05511386510285,251.1137053727896,83.70456845759655,0,0,0,1,1,0,0,1,0,0,0,0,0,0,0,0,0,0,0,0,1,0,0,0,0,1,0,0,0
54,89.37722884539893,4832.8686321676105,89.24267325016575,1,0,0,0,1,0,0,0,0,0,1,0,0,0,0,0,0,0,1,0,0,0,0,1,0,0,0,0,1
10,90.53951364035626,1046.7507771907335,96.05916701762837,0,0,0,0,1,0,0,1,0,0,0,0,0,0,0,0,0,0,1,0,1,0,0,0,0,0,0,0,0
1,35.01421388845746,35.01421388845746,35.01421388845746,0,0,0,0,0,1,0,0,0,0,0,0,0,0,0,0,0,0,0,0,0,0,0,1,0,0,0,0,0
3,98.76810037902015,287.44958859819695,95.81652953273232,0,0,0,0,1,0,0,1,0,0,0,0,0,0,1,0,0,0,1,0,0,0,0,0,0,0,0,0,0
10,82.79871777699594,848.7651183429673,84.87651183429672,0,0,0,0,1,0,0,1,0,0,0,0,0,0,0,0,0,0,0,0,1,0,0,0,0,0,0,0,0
1,20.718148095904628,20.718148095904628,20.718148095904628,0,0,0,0,1,0,0,0,1,1,0,1,0,1,0,1,0,1,0,1,0,0,0,0,0,0,1,0,0
37,99.27962565589954,3775.3546852524883,99.6685136730571,0,0,0,0,1,0,1,1,0,0,0,0,0,0,1,0,0,0,1,0,1,0,0,1,0,0,0,0,1
56,102.86002310738138,5799.835484653419,102.53451752404295,1,1,1,0,1,0,1,1,0,0,0,0,0,0,1,0,0,0,1,0,1,0,0,1,0,0,0,0,1
23,51.77788510281208,1203.4975345475377,51.94360555332675,1,0,0,0,1,0,0,0,0,0,0,0,0,0,0,0,0,0,0,0,0,0,0,1,0,0,0,1,0
63,107.31894480547611,6866.721035003706,108.72885908832541,0,0,1,0,1,0,1,1,0,0,0,0,0,0,1,0,0,0,1,0,1,0,0,0,0,0,0,0,1
1,80.54595300925378,80.54595300925378,80.54595300925378,1,0,0,0,1,0,0,1,0,0,0,0,0,0,0,0,0,0,1,0,0,0,0,1,0,1,0,0,0
1,70.89326330515067,70.89326330515067,70.89326330515067,0,0,0,0,1,0,0,1,0,0,0,0,0,0,0,0,0,0,0,0,0,0,0,0,0,0,1,0,0
19,100.12140538248872,2008.183049754063,102.27397102436537,0,0,0,0,1,0,1,1,0,0,0,0,0,0,0,0,1,0,1,0,0,0,0,0,0,1,0,1,0
23,85.51448443954493,1974.1403102697225,84.36358539765381,0,0,0,0,1,0,0,1,0,0,0,0,0,0,0,0,0,0,0,0,0,0,0,1,0,1,0,1,0
7,85.81089304944288,677.7203912841967,92.0565407922837,0,0,0,0,1,0,0,1,0,0,0,0,0,0,0,0,0,0,1,0,0,0,0,1,0,0,0,0,0
1,71.39914700533059,71.39914700533059,71.39914700533059,1,0,0,0,1,0,0,1,0,0,0,0,0,0,0,0,0,0,0,0,0,0,0,1,0,0,1,0,0
8,85.27753743745535,789.3628150702032,88.59125958711297,0,1,0,0,1,0,1,1,0,0,0,0,0,0,0,0,0,0,0,0,1,0,0,0,0,1,0,0,0
7,74.61074287560204,520.6166466558501,74.37380666512145,0,0,0,0,1,0,1,0,0,0,0,0,0,0,0,0,0,0,0,0,0,0,0,1,0,1,0,0,0
23,95.35952779155255,2179.3802349282364,94.75566238818419,0,0,0,0,1,0,1,1,0,0,1,0,0,0,0,0,0,0,1,0,0,0,0,1,0,0,0,1,0
48,83.52862133360884,4048.850637916565,83.24150129078154,0,0,1,0,1,0,1,0,0,0,0,0,0,0,0,0,0,0,0,0,1,1,0,0,0,0,0,0,1
66,103.5236174681813,6889.8297979032795,103.85933227192973,0,0,0,0,1,0,1,1,0,0,0,0,1,0,0,0,0,0,1,0,0,0,0,1,1,0,0,0,1
5,53.39679557356064,307.6726968184967,61.53453936369934,0,0,0,0,0,0,0,0,0,0,0,0,0,0,0,0,0,0,0,0,0,0,0,0,0,0,0,0,0
19,95.57305552162515,1782.8477597727397,93.83409261961788,0,0,0,0,1,0,0,1,0,0,0,0,0,0,0,0,0,0,0,0,1,0,0,1,0,0,0,1,0
69,95.5280513846541,6583.137095692261,95.34354593606919,0,0,1,0,1,0,1,1,0,0,0,0,0,0,0,0,0,0,0,0,1,0,0,1,0,0,0,0,1
14,94.99344474984287,1355.8626903412585,97.61059797096252,0,0,0,0,1,0,1,1,0,0,0,0,0,0,0,0,0,0,1,0,0,0,0,1,0,1,0,1,0
22,53.80376608779636,1197.2209211387024,53.316940187492904,1,0,0,0,1,0,0,0,0,0,0,0,0,0,0,0,0,0,0,0,0,0,0,1,0,0,0,1,0
13,75.91964613952716,994.4685834108946,76.49758333929958,0,0,0,0,1,0,0,1,0,0,0,0,0,0,0,0,0,0,0,0,0,0,0,1,0,0,0,1,0
1,45.646855406339036,45.646855406339036,45.646855406339036,1,0,0,0,1,0,0,0,0,0,0,0,0,0,0,0,0,0,0,0,0,0,0,1,0,0,1,0,0
45,93.75090184147477,4158.00681601291,91.27381433968367,0,0,0,0,1,0,1,1,0,0,0,0,0,0,0,0,0,0,0,0,1,0,0,1,0,1,0,0,1
17,90.67241179146613,1589.9214020428722,89.536488557451,0,0,1,0,1,0,1,1,0,0,0,0,0,0,0,0,0,0,0,0,0,0,0,0,0,1,0,1,0
1,45.193554308925954,45.193554308925954,45.193554308925954,1,0,0,0,1,0,0,0,0,0,0,0,0,0,0,0,0,0,0,0,0,0,0,1,0,0,1,0,0
7,20.14610700366743,156.58479768460074,19.687699790115026,0,0,0,0,1,0,0,0,1,1,0,1,0,1,0,1,0,1,0,1,0,0,0,0,0,0,0,0,0
70,106.36739194657255,7724.730138203135,109.03380996421538,1,0,0,0,1,0,1,1,0,0,0,0,1,0,1,0,0,0,1,0,1,0,1,0,0,0,0,0,1
2,95.62327318997247,174.107874000182,87.053937000091,0,0,0,0,1,0,1,1,0,0,0,0,0,0,0,0,0,0,1,0,1,0,0,1,0,1,0,0,0
1,75.27335407090119,75.27335407090119,75.27335407090119,0,0,0,0,1,0,1,1,0,0,0,0,0,0,0,0,0,0,0,0,0,0,0,1,0,1,0,0,0
21,70.60589797108973,1557.3050013045313,71.74390042606058,0,0,1,0,1,0,0,1,0,0,0,0,0,0,0,0,0,0,0,0,0,0,0,1,0,0,0,1,0
8,74.54752295852876,622.090007438906,69.5384590222056,0,1,0,0,1,0,0,1,0,0,0,0,0,0,0,0,0,0,0,0,0,0,0,1,0,1,0,0,0
3,79.6923764649808,238.55654614645977,79.51884871548658,1,0,0,0,1,0,0,1,0,0,0,0,0,0,0,0,0,0,0,0,0,0,0,1,0,1,0,0,0
32,73.68938990354607,2424.417500315095,74.33264292449164,0,0,0,0,1,0,0,1,0,0,0,0,0,0,0,0,0,0,0,0,0,0,0,1,0,0,0,1,0
55,99.67013325200418,5615.835706845591,101.04867526803349,1,0,0,0,1,0,1,1,0,0,0,0,0,0,0,0,0,0,1,0,1,0,0,0,0,0,0,0,1
7,66.84467892140422,542.2784824105635,69.18548552736306,0,0,0,0,0,0,0,0,0,0,0,0,0,0,1,0,0,0,0,0,0,0,0,0,0,0,1,0,0
1,94.27214155592468,94.27214155592468,94.27214155592468,0,0,0,0,1,0,0,1,0,0,0,0,0,0,0,0,0,0,1,0,1,0,0,1,0,1,0,0,0
10,38.88907395971038,402.2906397526018,39.68182984083346,0,0,0,0,1,0,0,0,0,0,0,0,0,0,0,0,0,0,0,0,0,0,0,1,0,0,0,0,0
12,82.31108757207812,914.1991645042576,76.18326370868813,0,0,0,1,1,0,1,1,0,0,0,0,0,0,0,0,0,0,0,0,0,0,0,1,0,1,0,0,0
18,94.83574695469285,1753.4501984284673,96.86856298718438,0,0,0,0,1,0,1,1,0,0,0,0,0,0,0,0,0,0,0,0,1,0,0,0,0,0,0,1,0
6,80.87291530929066,526.9302369934533,75.95269079709178,0,0,0,0,1,0,0,1,0,0,0,0,0,0,0,0,0,0,0,0,0,0,0,1,0,0,0,0,0
31,78.99337246681752,2586.4644196160943,82.41390664439255,1,0,0,0,1,0,1,0,0,0,0,0,0,0,0,0,0,0,0,0,0,0,0,1,0,0,0,1,0
1,85.59680679788507,85.59680679788507,85.59680679788507,0,0,0,0,1,0,1,1,0,0,0,0,0,0,0,0,0,0,0,0,1,0,0,0,0,0,1,0,0
40,72.16082012384013,2861.8123802853956,71.44482430329971,0,0,0,0,1,0,0,1,0,0,0,0,0,0,0,0,0,0,0,0,0,0,0,0,0,0,0,0,1
7,71.93992421345582,537.6953457738377,76.81362082483396,1,0,0,0,1,0,0,1,0,0,0,0,0,0,0,0,0,0,0,0,0,0,0,0,0,0,0,0,0
3,95.04455817543848,288.2458177486484,96.08193924954946,0,0,0,0,1,0,0,1,0,0,0,0,0,0,1,0,0,0,1,0,0,0,0,0,0,0,0,0,0
13,53.69268359648805,708.057612643438,53.664400160865675,1,0,0,0,0,1,0,0,0,0,0,0,0,0,0,0,0,0,1,0,1,0,0,1,0,1,0,1,0
12,25.602190002259313,293.81233121077474,25.32933442636937,0,0,0,0,0,0,0,0,0,0,0,0,0,0,0,0,0,0,0,0,0,0,0,0,0,0,0,0,0
25,99.05873025437857,2386.5959574339295,94.78185068613489,0,0,0,0,1,0,1,1,0,0,0,0,1,0,0,0,0,0,0,0,1,0,0,1,0,1,0,1,0
34,99.0083595081992,3469.4701570080506,99.76480676866348,0,0,1,1,1,0,1,1,0,0,0,0,0,0,1,0,0,0,0,0,0,1,0,1,0,0,0,0,0
1,80.84349093951401,80.84349093951401,80.84349093951401,0,0,0,0,1,0,0,1,0,0,0,0,0,0,0,0,0,0,0,0,1,0,0,1,0,1,0,0,0
4,80.95858483815783,339.11056320262884,84.77764080065721,1,0,0,0,1,0,0,1,0,0,0,0,0,0,0,0,0,0,0,0,0,0,0,0,0,0,0,0,0
25,93.51199814542619,2380.6142685499694,91.82136614823692,0,0,1,0,1,0,1,1,0,0,0,0,0,0,1,0,0,0,0,0,1,0,0,1,0,1,0,1,0
24,60.45285386165412,1502.870824296361,61.73128982374792,0,0,0,0,0,0,0,0,0,0,0,0,1,0,0,0,0,0,0,0,0,0,0,1,0,0,0,1,0
43,74.32657167742084,3197.7502578692197,73.538918280469,1,0,0,0,0,0,0,0,0,0,0,0,0,0,0,0,0,0,0,0,0,0,0,1,0,1,0,0,1
26,25.201384087592366,694.3474040143931,25.834631245823136,0,0,0,0,0,0,0,0,0,0,0,0,0,0,0,0,0,0,0,0,0,0,0,0,0,0,0,1,0
5,26.944000783133397,133.38282231632277,26.676564463264555,0,0,0,0,0,0,0,0,0,0,0,0,0,0,0,0,0,0,0,0,0,0,0,0,0,0,0,0,0
1,19.709456070949603,19.709456070949603,19.709456070949603,1,0,0,0,1,0,0,0,1,1,0,1,0,1,0,1,0,1,0,1,0,0,0,0,0,0,1,0,0
1,70.01791296395525,70.01791296395525,70.01791296395525,0,0,0,0,1,0,0,1,0,0,0,0,0,0,0,0,0,0,0,0,0,0,0,1,0,1,0,0,0
65,105.80051403509798,6978.704786744403,106.27887678994642,0,0,1,0,1,0,1,1,0,0,0,0,0,0,1,0,0,0,1,0,1,0,0,1,0,0,0,0,1
14,72.0717132149696,1016.3296070046772,71.14396163871771,0,0,0,0,1,0,0,0,0,0,0,0,0,0,0,0,0,0,0,0,0,0,0,0,0,0,0,1,0
14,77.82433324940709,1144.9448649780966,77.5712618946423,1,0,0,0,1,0,1,1,0,0,0,0,0,0,0,0,0,0,0,0,0,0,0,0,0,1,0,1,0
12,54.173720549492764,703.2238322120926,55.63570500478207,1,0,1,0,0,0,0,0,0,0,0,0,0,0,0,0,0,0,0,0,1,0,0,0,0,0,0,0,0
16,70.67459808286044,1144.68191408976,68.69644574801315,0,0,0,0,1,0,0,1,0,0,0,0,0,0,0,0,0,0,0,0,0,0,0,1,0,0,0,1,0
12,89.0921803426404,1053.2874359528532,87.77395299607109,0,0,0,0,1,0,1,1,0,0,0,0,0,0,0,0,0,0,1,0,0,0,0,1,0,0,0,0,0
1,50.926543268358394,50.926543268358394,50.926543268358394,1,0,0,0,1,0,0,0,0,0,0,0,0,0,0,0,0,0,0,0,0,0,0,0,0,0,1,0,0
6,84.05845036746601,480.911421873803,80.15190364563384,1,0,0,0,1,0,0,1,0,0,0,0,1,0,0,0,0,0,0,0,0,0,0,1,0,0,0,0,0
2,87.95468054038723,181.16352683446962,90.58176341723481,0,0,0,0,1,0,0,1,0,0,0,0,0,0,0,0,0,0,0,0,0,0,0,1,0,0,0,0,0
9,84.89220142032458,746.6934911155544,82.96594345728381,0,1,0,0,1,0,0,1,0,0,0,0,0,0,0,0,0,0,0,0,0,0,0,1,0,1,0,0,0
36,98.57459939449913,3616.712441170635,99.78670867627436,0,0,0,0,1,0,1,1,0,0,0,0,1,0,0,0,0,0,1,0,0,0,0,1,0,1,0,0,0
29,87.94567511525986,2702.5584358282404,90.52982960923391,1,0,0,0,1,0,1,1,0,0,0,0,0,0,1,0,0,0,0,0,0,0,0,1,0,0,0,1,0
61,111.59993077320557,6876.0503147201325,112.72207458874212,1,0,0,0,1,0,1,1,0,0,0,0,0,0,0,0,1,0,1,0,1,0,0,1,1,0,0,0,1
54,101.51723136049917,5495.01852918082,101.36026498994767,0,0,1,0,1,0,1,1,0,0,0,0,1,0,0,0,0,0,1,0,1,0,0,1,0,1,0,0,1
40,59.942906334012584,2343.632469456743,58.726119490765534,0,0,0,0,0,0,0,0,0,0,0,0,0,0,0,0,0,0,1,0,1,0,0,0,0,0,0,0,1
40,84.57955962099518,3304.3147868230226,82.49706173898579,0,0,1,1,1,0,1,0,0,0,0,0,0,0,1,0,1,0,0,0,0,0,0,0,0,0,0,0,1
58,19.78209548429406,1099.0050274016885,19.07128905006947,1,0,0,0,0,0,0,0,0,0,0,0,0,0,0,0,0,0,0,0,0,0,0,0,0,0,0,0,0
35,87.36476611062143,3060.3144836634474,86.74279146457161,1,0,0,0,1,0,0,1,0,0,0,0,0,0,0,0,0,0,0,0,1,0,0,1,0,1,0,1,0
3,94.24408655618095,291.9138381566356,97.30461271887854,1,0,0,0,1,0,1,1,0,0,0,0,0,0,1,0,0,0,1,0,0,0,0,0,0,0,0,0,0
49,99.10900178063245,4677.550757457716,97.6464172809568,1,0,1,1,1,0,1,0,0,0,0,0,1,0,1,0,0,0,0,0,1,0,0,0,0,0,0,0,1
65,105.6036874979528,6983.253666713979,107.06002987894838,0,0,1,0,1,0,1,1,0,0,0,0,0,0,1,0,0,0,1,0,1,0,0,1,0,0,0,0,1
2,86.85390562852872,156.3575901837445,78.17879509187225,0,1,0,0,1,0,1,1,0,0,0,0,0,0,0,0,0,0,0,0,0,0,0,0,0,0,0,0,0
15,73.86552740866638,1146.6515671425595,74.01390931408211,0,0,0,0,1,0,0,1,0,0,0,0,0,0,0,0,0,0,0,0,0,0,0,1,0,0,0,1,0
3,79.42983905018065,244.82903430108385,81.60967810036128,0,0,0,0,1,0,0,1,0,0,0,0,0,0,0,0,0,0,0,0,0,0,0,1,0,1,0,0,0
3,79.2906793252173,249.20889943768108,83.0696331458937,0,0,0,0,1,0,0,1,0,0,0,0,0,0,0,0,0,0,0,0,0,0,0,1,0,1,0,0,0
41,57.824431455326895,2346.445605383277,56.9964598337032,0,0,0,0,0,0,0,0,0,0,0,0,0,0,1,0,0,0,0,0,1,0,0,0,0,0,0,0,1
5,75.78247538537913,337.16164860832777,67.43232972166555,0,1,1,0,1,0,1,1,0,0,0,0,0,0,0,0,0,0,0,0,0,0,0,1,0,0,0,0,0
10,85.47992242617936,830.8272638068636,83.08272638068637,0,0,0,0,1,0,1,1,0,0,0,0,0,0,0,0,0,0,0,0,0,0,0,0,0,0,0,0,0
69,118.03244605835748,8312.611597649964,118.87153509160788,1,0,0,0,1,0,1,1,0,0,1,0,1,0,1,0,1,0,1,0,1,1,0,1,0,0,0,0,1
1,44.85309491133372,44.85309491133372,44.85309491133372,1,0,0,0,1,0,0,0,0,0,0,0,0,0,0,0,0,0,0,0,0,0,0,0,0,0,1,0,0
43,101.34697307835643,4403.403516414472,100.83631158347788,1,0,0,0,1,0,0,1,0,0,0,0,1,0,0,0,0,0,1,0,1,0,0,0,0,1,0,0,1
12,91.21126186422454,1041.4013587961606,86.78344656634673,0,0,0,0,1,0,0,1,0,0,0,0,0,0,0,0,0,0,0,0,0,0,0,1,0,0,0,0,0
10,75.73177244103864,823.5224224255877,76.22825256073584,0,0,0,0,1,0,0,1,0,0,0,0,1,0,0,0,0,0,0,0,0,0,0,1,0,0,0,0,0
24,99.65414723712537,2432.948202916258,101.37284178817741,0,0,0,0,1,0,0,1,0,0,0,0,1,0,0,0,0,0,1,0,1,0,0,1,0,0,0,1,0
1,20.78871769755267,20.78871769755267,20.78871769755267,0,0,0,0,1,0,0,0,1,1,0,1,0,1,0,1,0,1,0,1,0,0,0,0,0,0,1,0,0
41,75.1060830816958,3229.811851173654,77.69498437579362,0,0,0,0,1,0,0,1,0,0,1,0,0,0,0,0,0,0,0,0,0,0,0,1,1,0,0,0,1
1,79.03066935196948,79.03066935196948,79.03066935196948,1,0,0,0,1,0,0,1,0,0,0,0,0,0,0,0,0,0,1,0,0,0,0,1,0,1,0,0,0
10,102.0772876041437,1068.7190251838954,106.87190251838953,0,0,0,0,1,0,1,1,0,0,0,0,0,0,1,0,0,0,1,0,1,0,0,1,0,0,0,0,0
9,72.21189512710983,653.4274518576228,70.80182647861682,0,0,0,0,1,0,0,0,0,0,0,0,0,0,0,0,0,0,0,0,0,0,0,1,0,0,0,0,0
1,69.93374263943464,69.93374263943464,69.93374263943464,0,1,0,0,1,0,0,1,0,0,0,0,0,0,0,0,0,0,0,0,0,0,0,1,0,1,0,0,0
4,81.75757187036997,332.11723241898125,83.02930810474531,0,0,0,0,1,0,1,1,0,0,0,0,1,0,0,0,0,0,0,0,0,0,0,0,0,0,0,0,0
1,74.83135498898656,74.83135498898656,74.83135498898656,1,0,0,0,1,0,1,1,0,0,0,0,0,0,0,0,0,0,0,0,0,0,0,1,0,0,0,0,0
15,58.21824368382116,893.5090911886725,58.06348871752037,0,0,0,0,0,0,0,0,0,0,0,0,0,0,1,0,0,0,0,0,1,0,0,1,0,0,0,1,0
32,98.90234300593889,3196.1700135547294,98.94367563983074,0,0,0,0,1,0,1,1,0,0,0,0,0,0,0,0,0,0,1,0,1,0,0,1,0,1,0,1,0
2,44.309873544340064,92.95521313010377,46.477606565051886,1,1,0,0,1,0,0,0,0,0,0,0,0,0,0,0,0,0,0,0,0,0,0,1,0,1,0,0,0
3,21.89772206200981,77.82627654280206,20.564375602607537,0,0,0,0,0,0,0,0,0,0,0,0,0,0,0,0,0,0,0,0,0,0,0,0,0,0,0,0,0
25,97.50079842134865,2494.19465452873,98.66367967137404,0,1,0,0,1,0,1,1,0,0,0,0,1,0,0,0,0,0,0,0,1,0,0,1,0,1,0,1,0
9,90.40732260481755,858.3860856874708,95.3762317430523,0,0,1,0,1,0,0,1,0,0,0,0,0,0,0,0,0,0,0,0,0,0,0,0,0,0,0,0,0
1,74.89044435713953,74.89044435713953,74.89044435713953,0,0,0,0,1,0,0,1,0,0,0,0,0,0,0,0,0,0,0,0,0,0,0,1,0,1,0,0,0
8,85.44876960314478,746.3494008413655,83.36545629421853,0,1,0,0,1,0,0,1,0,0,0,0,0,0,0,0,0,0,0,0,1,0,0,1,0,0,0,0,0
4,75.7459784126664,307.8642226667003,76.96605566667508,0,0,0,0,1,0,1,1,0,0,0,0,0,0,0,0,0,0,0,0,0,0,0,0,0,0,0,0,0
1,74.77930075431507,74.77930075431507,74.77930075431507,0,0,0,0,1,0,0,1,0,0,0,0,0,0,0,0,0,0,0,0,0,0,0,1,0,0,1,0,0
14,77.77935947323559,1129.7675563204482,78.74637383714297,0,0,0,0,1,0,1,1,0,0,0,0,0,0,0,0,0,0,0,0,0,0,0,1,0,0,0,1,0
2,86.89235180113997,165.6436601516132,82.8218300758066,0,0,0,0,1,0,0,1,0,0,0,0,0,0,0,0,0,0,0,0,1,0,0,0,0,1,0,0,0
37,87.21367736532345,3227.322087609696,87.32272554405324,0,0,0,0,1,0,0,1,0,0,0,0,0,0,0,0,0,0,0,0,0,0,0,1,0,0,0,0,0
1,69.61924521078006,69.61924521078006,69.61924521078006,1,0,0,0,1,0,0,1,0,0,0,0,0,0,0,0,0,0,0,0,0,0,0,1,0,1,0,0,0
2,86.22569272321034,180.21587066940995,90.10793533470498,0,0,0,0,1,0,0,1,0,0,0,0,0,0,0,0,0,0,0,0,0,0,0,1,0,0,0,0,0
4,51.37387930535142,198.20067616686902,49.550169041717254,1,0,0,0,0,0,0,0,0,0,0,0,0,0,0,0,0,0,0,0,1,0,0,0,0,1,0,0,0
33,96.70360036462452,3239.812584413377,97.41437531216087,0,0,0,0,1,0,0,1,0,0,0,0,0,0,1,0,0,0,0,0,0,0,0,1,0,0,0,0,0
8,86.41249596826782,650.5219767865942,81.31524709832428,1,0,0,0,1,0,1,1,0,0,0,0,0,0,0,0,0,0,0,0,1,0,0,0,0,0,0,0,0
1,69.92587405201903,69.92587405201903,69.92587405201903,1,0,0,0,1,0,0,1,0,0,0,0,0,0,0,0,0,0,0,0,0,0,0,1,0,1,0,0,0
1,19.71513953090452,19.71513953090452,19.71513953090452,1,0,0,0,1,0,0,0,1,1,0,1,0,1,0,1,0,1,0,1,0,0,0,0,0,0,1,0,0
1,55.1999713549855,55.1999713549855,55.1999713549855,0,0,0,0,1,0,0,0,0,0,0,0,0,0,0,0,0,0,0,0,0,0,0,1,0,0,0,0,0
11,94.22481820936856,1051.9708743302715,95.63371584820649,0,0,0,0,1,0,0,1,0,0,0,0,0,0,0,0,0,0,1,0,1,0,0,0,0,0,0,0,0
43,82.72621658870163,3543.1236730013816,82.51076248876181,0,0,0,0,1,0,0,0,0,0,0,0,0,0,0,0,0,0,0,0,0,0,0,0,0,0,0,0,1
39,33.91704442959366,1175.8818838983684,33.07811662035521,0,0,0,0,0,0,0,0,0,0,0,0,0,0,0,0,0,0,0,0,0,0,0,1,0,0,0,0,0
1,75.16681515067535,75.16681515067535,75.16681515067535,1,0,0,0,1,0,1,1,0,0,0,0,0,0,0,0,0,0,0,0,0,0,0,1,0,1,0,0,0
38,82.44115554815336,3186.3524037668312,83.37416925781054,0,0,1,0,1,0,0,0,0,0,0,0,0,0,0,0,0,0,1,0,1,0,0,0,0,0,0,0,0
55,104.44037136426313,5780.507905989943,103.73439664630472,1,0,1,0,1,0,1,1,0,0,0,0,0,0,1,0,0,0,1,0,1,1,0,1,0,0,0,0,1
2,80.62893936441999,156.50419120088654,78.25209560044327,0,0,0,0,1,0,0,1,0,0,0,0,0,0,0,0,0,0,0,0,0,0,0,0,0,0,0,0,0
12,93.74497103585252,1061.602136462461,88.46684470520508,0,0,0,0,1,0,0,1,0,0,0,0,0,0,0,0,0,0,1,0,0,0,0,1,0,1,0,0,0
2,91.08726438204089,169.62403606953066,84.81201803476533,0,0,0,0,1,0,0,1,0,0,0,0,0,0,0,0,0,0,0,0,1,0,0,1,0,1,0,0,0
39,80.62779807086903,3232.1904360920666,82.34130119786383,0,0,0,0,1,0,0,1,0,0,1,0,0,0,0,0,0,0,0,0,0,0,0,1,1,0,0,0,1
41,114.20365146377014,4527.745274809649,110.17427461637735,0,0,0,0,1,0,1,1,0,0,1,0,1,0,1,0,0,0,1,0,0,0,0,1,0,0,0,0,1
2,48.008021025565505,92.2563252520597,46.12816262602985,1,0,0,0,1,0,0,0,0,0,1,0,0,0,0,0,0,0,0,0,0,0,0,1,0,1,0,0,0
2,79.55058493079514,167.34581658651646,83.67290829325823,0,0,1,0,1,0,0,1,0,0,0,0,0,0,1,0,0,0,0,0,0,0,0,0,0,0,0,0,0
2,88.14260442131919,166.92389348727687,83.46194674363844,0,0,0,0,1,0,1,1,0,0,0,0,0,0,0,0,0,0,0,0,1,0,0,1,0,1,0,0,0
15,19.5532745219591,292.8034176447794,19.520227842985296,0,0,0,0,1,0,0,0,1,1,0,1,0,1,0,1,0,1,0,1,0,0,0,0,0,0,0,1,0
62,100.14470906671086,6281.760338412858,101.15192806423465,0,0,0,0,1,0,0,1,0,0,0,0,0,0,1,0,0,0,1,0,1,0,0,1,0,0,0,0,1
1,20.550374124711766,20.550374124711766,20.550374124711766,1,0,0,0,1,0,0,0,1,1,0,1,0,1,0,1,0,1,0,1,0,0,0,0,0,0,1,0,0
30,90.80175067931135,2756.4154495876355,91.88051498625452,0,0,0,0,1,0,0,1,0,0,0,0,0,0,0,0,0,0,0,0,0,0,0,0,0,0,0,1,0
3,19.833696466306844,62.951126849035205,20.9837089496784,0,0,0,0,1,0,0,0,1,1,0,1,0,1,0,1,0,1,0,1,0,0,0,0,0,0,0,0,0
35,100.60276067376925,3531.394849672366,99.7263767230618,0,0,0,0,1,0,1,1,0,0,0,0,0,0,1,0,0,0,1,0,1,0,0,1,0,0,0,0,0
4,77.68128333697983,321.8336109830189,80.45840274575473,0,0,0,0,1,0,0,1,0,0,0,0,0,0,0,0,0,0,0,0,0,0,0,1,0,0,0,0,0
14,24.401034416060657,335.06022976277785,22.866273309128026,0,0,0,0,0,0,0,0,0,0,0,0,0,0,0,0,0,0,0,0,0,0,0,0,0,0,0,1,0
45,100.71763538977146,4540.867446935738,98.88752656898833,1,0,0,0,1,0,1,1,0,0,0,0,1,0,0,0,0,0,1,0,0,0,0,1,0,1,0,0,1
1,50.816100267228194,50.816100267228194,50.816100267228194,1,0,0,0,1,0,0,0,0,0,0,0,0,0,0,0,0,0,0,0,0,0,0,0,0,0,0,0,0
1,35.25570899172704,35.25570899172704,35.25570899172704,0,0,0,0,0,1,0,0,0,0,0,0,0,0,0,0,0,0,0,0,0,0,0,1,0,0,0,0,0
8,49.420348787959774,411.3610622563817,48.43787106401411,1,0,0,0,1,0,0,0,0,0,0,0,0,0,0,0,0,0,0,0,0,0,0,1,0,1,0,0,0
22,79.08697701695903,1742.901688740397,79.02588694742218,0,0,1,0,1,0,1,0,0,0,0,0,0,0,0,0,0,0,0,0,0,0,0,1,0,0,0,1,0
1,86.29071373048151,86.29071373048151,86.29071373048151,1,0,0,0,1,0,1,1,0,0,0,0,0,0,0,0,0,0,0,0,0,0,0,1,0,1,0,0,0
16,87.24509975215105,1333.8289760784203,82.45576698779415,0,0,1,0,1,0,0,1,0,0,0,0,0,0,0,0,0,0,0,0,1,0,0,0,0,0,0,1,0
42,96.39011368580256,4080.0137525139244,97.53337816964833,1,0,1,0,1,0,1,1,0,0,0,0,0,0,0,0,0,0,0,0,0,0,0,0,0,0,0,0,1
23,104.31526081897768,2486.0053444543864,105.79621428852509,0,1,0,0,1,0,1,1,0,0,0,0,1,0,0,0,0,0,0,0,1,0,0,1,0,1,0,1,0
4,96.81607579019462,389.761408333497,97.44035208337425,0,0,0,0,1,0,1,1,0,0,0,0,0,0,0,0,0,0,1,0,1,0,0,1,0,1,0,0,0
32,84.97200098879865,2660.2742336451665,82.90081088356939,1,0,0,0,1,0,1,1,0,0,0,0,0,0,0,0,0,0,0,0,0,0,0,0,0,0,0,1,0
1,45.72674907525392,45.72674907525392,45.72674907525392,1,0,0,0,1,0,0,0,0,0,0,0,0,0,0,0,0,0,0,0,0,0,0,0,0,1,0,0,0
61,95.71168632702964,5951.072110865667,96.26286226529155,1,0,1,0,1,0,1,1,0,0,0,0,0,0,0,0,0,0,1,0,0,0,0,1,0,0,0,0,1
38,86.61487335635718,3336.0118799358092,86.96135618676574,0,0,1,0,1,0,0,0,0,0,1,0,0,0,1,0,1,0,0,0,1,0,0,0,0,0,0,0,0
1,56.76509823319058,56.76509823319058,56.76509823319058,0,0,0,0,1,0,0,0,0,0,0,0,0,0,0,0,0,0,0,0,0,0,0,1,0,1,0,0,0
49,99.3989874002178,5062.39911049833,101.92572335879278,1,0,0,0,1,0,1,1,0,0,0,0,0,0,0,0,0,0,0,0,1,0,0,0,0,0,0,0,1
38,79.98009000359117,3027.4100555341306,81.09310967676346,1,0,0,1,0,0,0,0,0,0,0,0,0,0,1,0,0,0,1,0,0,1,0,0,0,1,0,0,0
1,19.615812122715564,19.615812122715564,19.615812122715564,0,0,0,1,1,0,0,0,1,1,0,1,0,1,0,1,0,1,0,1,0,0,0,0,0,0,1,0,0
13,87.96552546435784,1188.9603843761972,87.54288709897148,0,0,0,0,1,0,0,1,0,0,0,0,0,0,0,0,0,0,0,0,1,0,0,1,0,1,0,1,0
71,117.8724432657185,8568.80516008182,120.07660964488176,1,0,0,0,1,0,1,1,0,0,1,0,1,0,1,0,1,0,1,0,1,1,0,1,0,0,0,0,1
1,24.61814927452703,24.61814927452703,24.61814927452703,1,0,0,0,0,1,0,0,0,0,0,0,0,0,0,0,0,0,0,0,0,0,0,0,0,0,0,0,0
57,102.4774556996313,5891.053971834061,101.85158684385856,0,0,1,0,1,0,1,1,0,0,0,0,0,0,1,0,0,0,1,0,1,0,0,1,1,0,0,0,1
53,101.97956837271128,5438.559981078104,101.73195269815011,0,0,0,0,1,0,0,1,0,0,0,0,0,0,1,0,0,0,1,0,1,0,0,1,0,0,0,0,1
71,107.84588161689766,7700.413493448367,108.45652807673758,1,0,1,0,1,0,1,1,0,0,0,0,1,0,1,0,0,0,1,0,1,0,1,1,0,0,0,0,1
1,69.81142421025726,69.81142421025726,69.81142421025726,0,1,0,0,1,0,0,1,0,0,0,0,0,0,0,0,0,0,0,0,0,0,0,1,0,1,0,0,0
53,105.59268964102378,5777.899695444198,107.09995557986957,0,0,1,0,1,0,0,1,0,0,1,0,0,0,1,0,0,0,1,0,1,1,0,1,0,0,0,0,1
24,93.2464604393208,2183.0018477508065,90.72846824016318,0,0,1,0,1,0,0,1,0,0,0,0,0,0,0,0,0,0,1,0,1,0,0,1,0,0,0,1,0
36,98.43682154675088,3471.1292415863127,94.4645237570134,0,0,0,0,1,0,1,1,0,0,0,0,0,0,0,0,0,0,1,0,0,0,0,0,0,0,0,0,0
4,90.5996474788996,368.04463759777065,92.01115939944266,0,0,0,0,1,0,1,1,0,0,0,0,0,0,0,0,0,0,0,0,0,0,0,1,0,1,0,0,0
1,74.00022218820062,74.00022218820062,74.00022218820062,0,0,0,0,1,0,0,1,0,0,0,0,0,0,0,0,0,0,0,0,0,0,0,1,0,0,0,0,0
1,79.65835848116059,79.65835848116059,79.65835848116059,0,0,0,0,1,0,0,1,0,0,0,0,0,0,0,0,0,0,0,0,0,0,0,1,0,1,0,0,0
11,103.62739177216567,1133.4199132981792,103.0381739361981,0,1,1,0,1,0,1,1,0,0,0,0,0,0,1,0,0,0,1,0,1,0,0,1,0,0,0,0,0
5,88.90547054716482,454.24178362465426,90.84835672493085,0,0,0,0,1,0,0,1,0,0,0,0,0,0,0,0,0,0,0,0,1,0,0,1,0,0,0,0,0
1,44.72071095548234,44.72071095548234,44.72071095548234,0,0,0,0,1,0,0,0,0,0,0,0,0,0,0,0,0,0,0,0,0,0,0,1,0,0,0,0,0
7,86.93218128775531,620.946111689877,88.70658738426813,1,0,0,0,1,0,1,1,0,0,0,0,0,0,0,0,0,0,0,0,0,0,0,1,0,0,0,0,0
1,20.145114133492264,20.145114133492264,20.145114133492264,1,0,0,0,1,0,0,0,1,1,0,1,0,1,0,1,0,1,0,1,0,0,0,1,0,0,1,0,0
37,99.9958307300177,3737.068800744628,99.10985558088707,0,1,0,0,1,0,1,1,0,0,0,0,0,0,0,0,0,0,1,0,1,0,0,1,0,1,0,0,1
2,78.94880957937877,150.4396521386142,75.2198260693071,0,0,0,0,1,0,0,1,0,0,0,0,0,0,1,0,0,0,0,0,0,0,0,1,0,1,0,0,0
54,105.55291431964885,5778.5386667359635,106.961709016551,0,0,1,0,1,0,0,1,0,0,1,0,0,0,1,0,0,0,1,0,1,1,0,1,0,0,0,0,1
30,77.00646224524806,2392.0649878148633,78.67805874215,0,0,0,0,1,0,0,0,0,0,0,0,0,0,0,0,0,0,1,0,0,0,0,1,0,0,0,1,0
20,68.11494178419383,1423.185769883274,69.50007563674019,0,0,0,0,1,0,0,0,0,0,0,0,0,0,1,0,0,0,0,0,0,0,0,0,0,0,0,1,0
24,100.46384075952777,2388.8325688451096,96.618853438468,0,0,0,0,1,0,1,1,0,0,0,0,0,0,0,0,0,0,1,0,1,0,0,1,0,1,0,1,0
37,93.93937278504764,3533.1622515516406,94.12571644003724,0,0,0,0,1,0,1,1,0,0,0,0,0,0,0,0,0,0,1,0,0,0,0,1,0,1,0,0,0
40,84.77481147965904,3301.033580590856,82.38940194228685,0,0,1,0,1,0,1,1,0,0,0,0,0,0,1,0,0,0,0,0,0,0,0,1,0,0,0,0,1
13,55.44276082605476,729.0001328742131,55.88133547372847,1,0,0,0,0,0,0,0,0,0,0,0,0,0,0,0,0,0,1,0,0,0,0,1,0,1,0,0,0
8,104.01405671211793,830.3501233088596,103.79376541360745,0,1,0,0,1,0,0,1,0,0,0,0,0,0,0,0,0,0,1,0,1,0,0,0,0,0,0,0,0
23,69.94821795099287,1621.1700131155465,70.7936618657188,0,0,1,1,1,0,1,0,0,0,0,0,1,0,0,0,1,0,0,0,0,0,0,0,0,0,0,1,0
16,91.61899494899711,1509.517124775237,91.05541523976969,0,1,0,0,1,0,0,1,0,0,0,0,0,0,0,0,1,0,0,0,0,0,0,1,0,1,0,1,0
1,70.08350876857027,70.08350876857027,70.08350876857027,0,0,0,0,1,0,0,1,0,0,0,0,0,0,0,0,0,0,0,0,0,0,0,1,0,0,1,0,0
66,94.98375934884321,6338.054860631197,95.11964431546849,0,0,1,0,1,0,1,1,0,0,0,0,0,0,0,0,0,0,0,0,1,0,0,1,0,0,0,0,1
30,83.29136837610251,2477.329007980704,82.75648325730135,0,1,0,0,1,0,0,1,0,0,0,0,0,0,0,0,0,0,0,0,1,0,0,0,1,0,0,1,0
7,95.03333085038342,654.8806016970415,93.55437167100592,1,0,0,0,1,0,1,1,0,0,0,0,0,0,0,0,0,0,1,0,1,0,0,0,0,0,0,0,0
68,103.68799455689334,7062.578808803843,103.78418914360685,1,0,1,0,1,0,1,1,0,0,0,0,1,0,1,0,0,0,1,0,1,0,0,0,0,1,0,0,1
28,97.55486229480616,2810.458839487936,97.18646139551609,0,0,0,0,1,0,1,1,0,0,0,0,0,0,0,0,0,0,0,0,1,0,0,1,0,0,0,1,0
34,101.36499167559901,3463.6537675981026,101.74826684404249,0,0,1,1,1,0,1,1,0,0,0,0,0,0,1,0,0,0,1,0,0,0,0,1,0,0,0,1,0
1,94.51939528337567,94.51939528337567,94.51939528337567,0,0,0,0,1,0,0,1,0,0,0,0,0,0,0,0,0,0,1,0,1,0,0,0,0,1,0,0,0
5,87.7011643843602,476.4868317941034,95.29736635882068,0,0,0,0,1,0,0,1,0,0,0,0,0,0,0,0,0,0,1,0,0,0,0,1,0,1,0,0,0
7,87.29605284687406,588.681532280393,84.09736175434186,0,0,0,0,1,0,0,1,0,0,0,0,0,0,1,0,0,0,1,0,0,0,0,1,0,1,0,0,0
26,76.78141720182929,1931.5447232320257,74.10248912319261,0,1,1,0,1,0,0,1,0,0,0,0,0,0,0,0,0,0,0,0,0,0,0,0,0,0,0,1,0
60,102.5673191519805,6284.397518465555,103.30444258533991,0,0,1,0,1,0,0,1,0,0,0,0,1,0,1,0,0,0,1,0,1,0,0,1,0,1,0,0,1
26,101.17691875489012,2706.961802609256,101.14731469055958,1,0,1,1,1,0,1,1,0,0,0,0,0,0,1,0,0,0,0,0,1,0,0,0,0,1,0,1,0
17,92.54231861134363,1609.5977050481495,92.40529465813286,0,0,0,0,1,0,1,1,0,0,0,0,0,0,0,0,0,0,0,0,0,0,0,0,0,1,0,1,0
1,45.062760318387575,45.062760318387575,45.062760318387575,1,0,0,0,1,0,0,0,0,0,0,0,0,0,0,0,0,0,0,0,0,0,0,1,0,0,1,0,0
3,20.13413760608492,58.744022410817635,19.581340803605876,1,0,0,0,0,0,0,0,0,0,0,0,0,0,0,0,0,0,0,0,0,0,0,0,0,0,0,0,0
2,79.74625980112388,152.57967524859515,76.28983762429758,0,0,0,0,1,0,0,1,0,0,0,0,0,0,0,0,0,0,0,0,0,0,0,1,0,0,0,0,0
36,94.50888443853675,3472.252066035122,95.88185715749742,0,0,1,0,1,0,1,1,0,0,0,0,0,0,0,0,0,0,1,0,1,0,0,1,0,0,0,0,0
1,70.91319555456562,70.91319555456562,70.91319555456562,0,0,0,0,1,0,0,1,0,0,0,0,0,0,0,0,0,0,0,0,0,0,0,0,0,0,1,0,0
2,93.97463385520021,171.67145040927412,85.83572520463706,0,0,0,0,1,0,0,1,0,0,0,0,0,0,0,0,0,0,1,0,1,0,0,0,0,1,0,0,0
4,22.004764109682526,80.48691027420631,20.121727568551577,0,0,0,0,0,0,0,0,0,0,0,0,0,0,0,0,0,0,0,0,0,0,0,0,0,0,0,0,0
10,103.31222268706362,1077.0464677452214,107.70464677452215,0,0,0,0,1,0,0,1,0,0,1,0,0,0,0,0,0,0,1,0,1,0,0,1,0,1,0,0,0
1,44.89318809961921,44.89318809961921,44.89318809961921,1,0,0,0,1,0,0,0,0,0,0,0,0,0,0,0,0,0,0,0,0,0,0,1,0,0,0,0,0
70,109.95157719921599,7709.548362777451,108.84642022964513,0,0,1,0,1,0,1,1,0,0,0,0,1,0,1,0,0,0,1,0,1,0,1,1,0,0,0,0,1
3,80.20395725038581,219.8024070916927,73.26746903056423,0,0,0,0,1,0,0,1,0,0,0,0,0,0,0,0,0,0,0,0,0,0,0,0,0,0,0,0,0
1,20.689164332493505,20.689164332493505,20.689164332493505,0,0,0,0,1,0,0,0,1,1,0,1,0,1,0,1,0,1,0,1,0,0,0,0,0,0,1,0,0
1,45.68678618684207,45.68678618684207,45.68678618684207,1,0,0,0,1,0,0,0,0,0,0,0,0,0,0,0,0,0,0,0,0,0,0,1,0,0,0,0,0
1,45.61786682451728,45.61786682451728,45.61786682451728,0,0,0,0,1,0,0,0,0,0,0,0,0,0,0,0,0,0,0,0,0,0,0,1,0,0,1,0,0
9,83.023678639015,753.0991190926767,83.67767989918629,0,0,0,0,1,0,0,1,0,0,0,0,0,0,0,0,0,0,1,0,0,0,0,1,0,0,0,0,0
41,108.39225686316452,4516.660872901997,108.24556849180614,0,0,0,0,1,0,1,1,0,0,0,0,0,0,1,0,1,0,1,0,1,0,0,1,0,0,0,0,1
50,90.03501355511115,4520.340212897646,91.00083077715938,1,0,0,0,1,0,1,1,0,0,0,0,0,0,0,0,0,0,1,0,0,0,0,0,0,0,0,0,1
2,95.16351212694912,197.37391826030083,98.68695913015041,1,0,0,0,1,0,0,1,0,0,0,0,0,0,0,0,0,0,1,0,1,0,0,1,0,1,0,0,0
4,78.70999112606451,293.01709241127077,73.25427310281769,0,0,0,0,1,0,0,0,0,0,0,0,0,0,0,0,0,0,1,0,0,0,0,1,0,1,0,0,0
1,85.27163674025172,85.27163674025172,85.27163674025172,0,0,0,0,1,0,1,1,0,0,0,0,0,0,0,0,0,0,0,0,1,0,0,1,0,0,0,0,0
1,70.36535923982078,70.36535923982078,70.36535923982078,1,0,0,0,1,0,0,1,0,0,0,0,0,0,0,0,0,0,0,0,0,0,0,0,0,1,0,0,0
1,20.146220819307295,20.146220819307295,20.146220819307295,1,0,0,0,1,0,0,0,1,1,0,1,0,1,0,1,0,1,0,1,0,0,0,0,0,0,1,0,0
18,95.37831086202584,1788.6525056164005,94.39199885618035,0,0,0,0,1,0,1,1,0,0,0,0,0,0,0,0,0,0,0,0,1,0,0,1,0,0,0,1,0
9,88.61758578713948,854.155382305591,92.07644075043481,0,0,1,0,1,0,0,1,0,0,0,0,0,0,0,0,0,0,0,0,1,0,0,0,0,1,0,0,0
52,103.70283827515463,5572.898109112474,106.6285902335635,1,1,0,0,1,0,1,1,0,0,1,0,0,0,0,0,0,0,1,0,1,0,0,1,0,1,0,0,1
70,110.17039810086133,7710.287563733755,108.92342270530645,0,0,1,0,1,0,1,1,0,0,0,0,1,0,1,0,0,0,1,0,1,0,1,1,0,0,0,0,1
1,19.51827707240159,19.51827707240159,19.51827707240159,0,0,0,0,1,0,0,0,1,1,0,1,0,1,0,1,0,1,0,1,0,0,0,0,0,0,0,0,0
51,85.48840596053118,4355.2229598637805,84.93513574649936,0,0,1,0,1,0,0,1,0,0,0,0,0,0,0,0,0,0,1,0,0,0,0,0,0,1,0,0,1
40,76.75716977161103,3230.5230885170017,79.08431212579364,0,0,0,0,1,0,0,1,0,0,1,0,0,0,0,0,0,0,0,0,0,0,0,1,1,0,0,0,1
71,54.66843121064873,3937.9320308264414,55.13661208880346,0,0,0,0,0,0,0,0,0,0,0,0,1,0,1,0,0,0,0,0,0,0,0,1,0,0,0,0,1
24,102.7943183940724,2497.3227264237103,103.90849884514337,0,1,0,0,1,0,0,1,0,0,0,0,1,0,1,0,0,0,1,0,1,0,0,1,0,0,0,1,0
2,44.91361630711388,80.662901870561,40.3314509352805,0,0,0,0,1,0,0,0,0,0,0,0,0,0,0,0,0,0,0,0,0,0,0,0,0,0,0,0,0
12,67.8599428482851,827.795352892306,67.57677435893216,0,0,0,0,1,0,0,0,0,0,0,0,1,0,0,0,0,0,0,0,0,0,0,1,0,0,0,0,0
5,89.95613246843665,453.7246133113241,90.74492266226483,0,0,0,0,1,0,0,1,0,0,0,0,0,0,1,0,0,0,0,0,0,0,0,1,0,0,0,0,0
16,72.06696068947872,1145.6504781196156,70.90098490328832,0,0,0,0,1,0,0,1,0,0,0,0,0,0,0,0,0,0,0,0,0,0,0,1,0,0,0,1,0
37,100.52112132070475,3754.407234748472,100.62985544551056,1,0,0,0,1,0,1,1,0,0,0,0,0,0,1,0,0,0,1,0,1,0,0,1,0,0,0,0,1
14,77.52963366151144,1109.4052152174243,77.06113272934302,0,0,0,0,1,0,1,1,0,0,0,0,0,0,0,0,0,0,0,0,0,0,0,1,0,0,0,1,0
2,90.74270785927027,180.23571270737838,90.11785635368919,0,1,0,0,1,0,1,1,0,0,0,0,0,0,0,0,0,0,0,0,1,0,0,1,0,1,0,0,0
12,58.58816548418581,725.784739285856,59.34586711735386,1,0,0,0,0,0,0,0,0,0,0,0,0,0,0,0,0,0,1,0,0,0,0,1,0,1,0,0,0
7,74.59407041536957,521.0414071018157,74.43448672883083,0,0,0,0,1,0,1,0,0,0,0,0,0,0,0,0,0,0,0,0,0,0,0,0,0,1,0,0,0
3,74.5747445772662,229.78828805990847,76.59609601996948,1,0,0,0,1,0,1,1,0,0,0,0,0,0,0,0,0,0,0,0,0,0,0,1,0,1,0,0,0
22,94.19177647591694,2083.8557473836963,92.4591353286707,1,0,0,0,1,0,1,1,0,0,0,0,0,0,0,0,0,0,0,0,0,0,0,1,0,1,0,1,0
1,55.10881482699208,55.10881482699208,55.10881482699208,0,0,0,0,1,0,0,0,0,0,0,0,0,0,0,0,0,0,1,0,0,0,0,0,0,0,1,0,0
1,71.42903943149956,71.42903943149956,71.42903943149956,0,0,0,0,1,0,0,1,0,0,0,0,0,0,0,0,0,0,0,0,0,0,0,0,0,1,0,0,0
18,88.613263894133,1641.7220278260236,90.63885461377741,0,0,0,0,1,0,1,1,0,0,0,0,0,0,0,0,0,0,1,0,0,0,0,1,0,1,0,1,0
22,78.4299959902857,1743.7834264340902,77.92132449861978,0,0,1,0,1,0,1,0,0,0,0,0,0,0,0,0,0,0,0,0,0,0,0,1,0,0,0,1,0
1,35.40510304533128,35.40510304533128,35.40510304533128,0,0,0,0,0,1,0,0,0,0,0,0,0,0,0,0,0,0,0,0,0,0,0,0,0,1,0,0,0
3,28.681723725036434,104.35293451461166,28.795410802554635,1,0,0,0,0,1,0,0,0,0,0,0,0,0,0,0,0,0,0,0,0,0,0,1,0,0,0,0,0
30,24.908067131268183,721.6309287444806,23.894010411445596,0,0,0,0,0,0,0,0,0,0,0,0,0,0,0,0,0,0,0,0,0,0,0,1,0,0,0,1,0
32,81.3090146866538,2631.7644072458997,82.84771643527614,0,0,0,0,1,0,1,1,0,0,0,0,0,0,0,0,0,0,0,0,0,0,0,0,0,0,0,1,0
54,110.2229921435467,5893.030689589392,109.01448263535907,0,0,1,0,1,0,1,1,0,0,0,0,0,0,1,0,1,0,1,0,1,0,0,0,0,0,0,0,1
1,45.4668295772783,45.4668295772783,45.4668295772783,0,0,0,0,1,0,0,0,0,0,0,0,0,0,0,0,0,0,0,0,0,0,0,1,0,0,1,0,0
1,68.71513630830266,68.71513630830266,68.71513630830266,1,0,0,0,1,0,0,1,0,0,0,0,0,0,0,0,0,0,0,0,0,0,0,1,0,1,0,0,0
58,51.78068214007833,3117.3464454009377,53.62801507763673,0,0,0,0,0,0,0,0,0,0,0,0,0,0,0,0,0,0,0,0,0,0,0,0,0,0,0,0,1
35,85.3990104692176,3049.9803240603355,85.43953450668948,0,0,0,0,1,0,1,1,0,0,0,0,0,0,0,0,0,0,0,0,1,0,0,1,0,1,0,1,0
61,99.72625489772497,6138.567605453026,99.63775584354664,0,0,0,0,1,0,0,1,0,0,0,0,1,0,0,0,0,0,0,0,1,0,0,1,0,0,0,0,1
2,51.997402445705085,91.65268445700772,45.82634222850386,1,1,0,0,1,0,0,0,0,0,1,0,0,0,0,0,0,0,0,0,0,0,0,0,0,0,0,0,0
2,30.76442193788387,73.08298291324749,36.541491456623746,0,0,0,0,0,1,0,0,0,0,0,0,0,0,0,0,0,0,0,0,0,0,0,0,0,0,0,0,0
5,92.92694131581638,499.5739277588874,99.91478555177748,1,0,0,0,1,0,0,1,0,0,0,0,0,0,0,0,0,0,0,0,1,0,0,1,0,1,0,0,0
2,45.96780973621452,84.40917747003382,42.20458873501691,0,0,0,0,1,0,0,0,0,0,0,0,0,0,0,0,0,0,0,0,0,0,0,1,1,0,0,0,0
25,94.12939863511156,2362.7419265354993,94.50967706141998,0,0,0,0,1,0,1,1,0,0,0,0,0,0,0,0,0,0,0,0,1,0,0,1,0,0,0,1,0
8,94.00166398844544,773.6803677891293,96.71004597364116,0,0,0,0,1,0,0,1,0,0,0,0,0,0,1,0,0,0,1,0,0,0,0,1,0,1,0,0,0
1,89.72869504931728,89.72869504931728,89.72869504931728,1,0,0,0,1,0,0,1,0,0,0,0,0,0,0,0,0,0,1,0,1,0,0,1,0,1,0,0,0
1,94.54442471016918,94.54442471016918,94.54442471016918,0,0,0,0,1,0,1,1,0,0,0,0,0,0,0,0,0,0,1,0,1,0,0,1,0,1,0,0,0
17,81.81480011295105,1378.685199887049,81.79851922506832,0,1,0,0,1,0,0,1,0,0,0,0,0,0,0,0,0,0,0,0,0,0,0,0,1,0,0,1,0
16,95.07020171586106,1554.2656883543468,96.65797295068221,0,0,0,0,1,0,0,1,0,0,0,0,0,0,1,0,0,0,0,0,0,0,0,1,0,0,0,1,0
9,75.9966520521385,684.5919039051731,75.8299515595438,0,0,0,0,1,0,0,1,0,0,0,0,0,0,0,0,0,0,0,0,0,0,0,1,0,0,0,0,0
45,72.96895385415337,3313.6351623345345,73.1822530568451,0,0,1,1,1,0,0,0,0,0,0,0,0,0,0,0,0,0,0,0,0,0,0,0,0,0,0,0,1
25,96.97958838347687,2506.9848225811857,98.61048218290388,0,1,0,0,1,0,0,1,0,0,0,0,1,0,0,0,0,0,0,0,1,0,0,1,0,1,0,1,0
1,69.7808619544625,69.7808619544625,69.7808619544625,0,1,0,0,1,0,0,1,0,0,0,0,0,0,0,0,0,0,0,0,0,0,0,1,0,1,0,0,0
42,95.15900567611727,3959.440541615804,94.18136260111325,0,0,0,0,1,0,1,1,0,0,0,0,1,0,1,0,0,0,0,0,0,0,0,1,0,0,0,0,1
8,88.4528236025242,768.5760809556265,89.82952863359107,0,0,0,0,1,0,0,1,0,0,0,0,0,0,0,0,0,0,0,0,1,0,0,1,0,1,0,0,0
9,76.54487074405185,711.2261600549855,79.02512889499839,0,0,0,0,1,0,0,0,0,0,0,0,0,0,0,0,0,0,0,0,1,0,0,1,0,1,0,0,0
9,81.83263739992854,799.7674604072354,85.66846791551802,0,0,0,0,1,0,0,1,0,0,0,0,0,0,0,0,0,0,0,0,1,0,0,1,0,1,0,0,0
52,94.38311214398948,4860.6046298725805,92.57582247566873,1,0,0,0,1,0,0,1,0,0,0,0,1,0,0,0,0,0,1,0,0,1,0,1,0,0,0,0,1
20,34.96095394430721,676.2123269048367,34.48884311460206,0,0,0,0,0,0,0,0,0,0,0,0,0,0,0,0,0,0,0,0,0,0,0,0,0,0,0,1,0
5,83.90397976223716,446.3881484994276,89.27762969988552,0,1,0,0,1,0,0,1,0,0,0,0,0,0,0,0,0,0,1,0,0,0,0,1,0,0,0,0,0
21,42.33164535254487,884.2451878302761,42.59193284239696,1,0,0,0,0,0,0,0,0,0,0,0,0,0,0,0,0,0,0,0,0,0,0,0,0,0,1,1,0
50,94.02055391602192,4754.938349981397,93.70317055331932,0,0,1,0,1,0,1,1,0,0,0,0,0,0,0,0,0,0,1,0,0,0,0,1,0,0,0,0,1
9,96.5847673011492,927.3169331785734,95.39845902610818,1,0,0,0,1,0,1,1,0,0,0,0,0,0,0,0,0,0,1,0,1,0,0,0,0,1,0,0,0
7,69.08453515716977,506.7625444598865,72.39464920855522,0,0,1,0,1,0,0,1,0,0,0,0,0,0,0,0,0,0,0,0,0,0,0,1,0,0,0,0,0
37,100.64050391831587,3752.2712542182408,100.74548596617166,1,0,0,0,1,0,1,1,0,0,0,0,0,0,1,0,0,0,1,0,1,0,0,1,0,0,0,0,1
13,101.55067630476172,1356.716655494218,102.77373775829435,0,0,0,0,1,0,0,1,0,0,1,0,0,0,0,0,0,0,1,0,1,0,0,0,0,0,0,1,0
5,47.705152972475794,221.45746044976892,44.291492089953785,1,0,0,0,1,0,0,0,0,0,0,0,0,0,0,0,0,0,0,0,0,0,0,0,0,1,0,0,0
3,36.20244022972012,96.95541097918051,32.3184703263935,1,0,0,0,0,1,0,0,0,0,0,0,0,0,0,0,0,0,0,0,0,0,0,1,0,0,1,0,0
5,39.97832616243277,211.5253260672113,42.305065213442255,0,0,0,0,0,0,0,0,0,0,0,0,0,0,0,0,0,0,0,0,0,0,0,0,0,1,0,0,0
42,99.7057602657753,4142.436790804238,97.3430739276392,1,0,0,0,1,0,1,1,0,0,0,0,0,0,0,0,0,0,0,0,1,0,0,0,0,0,0,0,1
30,86.32296929980848,2637.6401023339718,85.55893902505798,0,0,0,0,1,0,1,1,0,0,0,0,0,0,0,0,0,0,0,0,1,0,0,1,0,1,0,1,0
65,104.6792292404521,6895.151814406202,105.75739975951777,1,0,0,0,1,0,1,1,0,0,0,0,1,0,0,0,1,0,1,0,1,1,0,1,0,0,0,0,1
60,89.89004752316981,5287.642541367326,89.88138217226718,1,0,1,0,1,0,1,0,0,0,1,0,0,0,1,0,0,0,1,0,1,0,0,1,0,0,0,0,1
52,99.30481334067908,5147.475327995521,98.12382920634154,0,0,1,0,1,0,1,1,0,0,0,0,1,0,0,0,0,0,1,0,1,0,0,1,0,0,0,0,1
34,76.03193432046811,2577.49519803828,74.54461159024257,0,0,1,0,1,0,0,1,0,0,0,0,0,0,0,0,0,0,0,0,0,0,0,1,0,0,0,1,0
1,30.63728194123343,30.63728194123343,30.63728194123343,0,0,0,1,0,1,0,0,0,0,0,0,0,0,0,0,0,0,0,0,0,0,0,0,0,0,0,0,0
5,26.80301319128835,132.3266584138534,24.932784701342293,0,0,0,0,0,0,0,0,0,0,0,0,0,0,0,0,0,0,0,0,0,0,0,0,0,0,0,0,0
16,84.91641256269389,1325.4649582863813,82.15956559376657,0,1,0,0,1,0,0,1,0,0,0,0,0,0,0,0,0,0,0,0,1,0,0,0,0,0,0,1,0
2,85.28327226932356,181.4730842032531,90.73654210162655,1,0,0,0,1,0,0,1,0,0,0,0,0,0,0,0,0,0,0,0,0,0,0,1,0,1,0,0,0
1,19.47787301694315,19.47787301694315,19.47787301694315,1,0,0,1,1,0,0,0,1,1,0,1,0,1,0,1,0,1,0,1,0,0,0,0,0,0,1,0,0
41,35.196895336863456,1371.698169350453,35.1602522400555,1,0,0,0,0,0,0,0,0,0,0,0,0,0,0,0,0,0,0,0,0,0,0,0,0,0,0,0,0
4,70.37573393332534,269.2376199920995,67.30940499802487,0,0,0,0,1,0,0,1,0,0,0,0,0,0,0,0,0,0,0,0,0,0,0,1,0,0,0,0,0
3,103.45728896200764,292.63731453035894,97.54577151011965,0,0,0,0,1,0,0,1,0,0,0,0,0,0,1,0,0,0,1,0,1,0,0,1,0,0,0,0,0
30,98.65288889346907,3008.8322163858224,97.51205643393946,1,0,0,0,1,0,1,1,0,0,0,0,0,0,0,0,0,0,1,0,1,0,0,1,0,0,0,1,0
3,55.73284078066649,166.6117253787077,55.53724179290257,0,0,0,0,1,0,0,0,0,0,0,0,1,0,0,0,0,0,0,0,0,0,0,0,0,0,0,0,0
29,20.881522091038093,660.3807872340718,22.710115929091018,0,0,0,0,0,0,0,0,0,0,0,0,0,0,0,0,0,0,0,0,0,0,0,1,0,0,1,1,0
25,97.95034786051951,2497.014443530785,99.00875319149974,0,1,0,0,1,0,1,1,0,0,0,0,1,0,0,0,0,0,0,0,1,0,0,1,0,0,0,1,0
3,95.19207666084634,294.0028458468582,98.0009486156194,0,0,0,0,1,0,0,1,0,0,0,0,0,0,0,0,0,0,1,0,1,0,0,1,0,1,0,0,0
13,77.93002009390841,980.0988174438812,75.3922167264524,1,0,0,0,1,0,0,0,0,0,0,0,0,0,1,0,0,0,0,0,0,0,0,1,0,0,0,1,0
27,22.645408673720354,668.3169758126495,24.377457102248062,0,0,0,0,1,0,0,0,1,1,0,1,0,1,0,1,0,1,0,1,0,0,0,0,0,0,0,1,0
12,99.18229619010131,1124.1224714697098,93.67687262247583,0,0,0,0,1,0,0,1,0,0,0,0,0,0,0,0,1,0,1,0,1,0,0,1,0,0,0,0,0
28,97.73131281479667,2755.8132610036914,98.30331563544074,0,1,0,0,1,0,0,1,0,0,1,0,0,0,1,0,0,0,0,0,0,0,0,0,0,0,0,1,0
15,95.47846679985237,1426.2633593145622,94.46410592674049,0,0,0,0,1,0,0,1,0,0,0,0,0,0,1,0,0,0,0,0,1,0,0,1,0,0,0,1,0
24,103.51701281920438,2511.959315575647,104.66497148231862,1,0,0,0,1,0,1,1,0,0,0,0,1,0,1,0,0,0,1,0,1,0,0,1,0,0,0,1,0
6,88.98378189044975,521.7677485411448,86.96129142352414,0,0,0,0,1,0,0,1,0,0,0,0,1,0,0,0,0,0,1,0,0,0,0,1,0,1,0,0,0
4,87.009901036576,372.2001100173128,93.0500275043282,0,0,0,0,1,0,1,1,0,0,0,0,0,0,1,0,0,0,0,0,0,0,0,1,0,0,0,0,0
51,84.88861372635014,4368.422283063577,84.97450182546159,0,1,0,0,1,0,1,1,0,0,0,0,1,0,0,0,0,0,0,0,0,0,0,1,0,1,0,0,1
13,30.40492971617563,400.34515082622966,30.02298475108249,0,0,0,0,1,0,0,0,0,0,0,0,0,0,0,0,0,0,0,0,0,0,0,1,0,0,0,0,0
42,56.40940206713289,2369.33249310384,56.33739220038074,1,0,0,0,0,0,0,0,0,0,0,0,0,0,1,0,0,0,0,0,1,1,0,1,0,0,1,0,1
9,77.45475346485365,714.9121135259887,79.43467928066542,0,0,0,0,1,0,0,0,0,0,0,0,0,0,0,0,0,0,0,0,1,0,0,1,0,1,0,0,0
21,95.1129079759272,2026.3082745805534,95.22481909689407,1,0,0,0,1,0,1,1,0,0,0,0,0,0,0,0,0,0,0,0,1,0,0,0,0,1,0,1,0
9,98.70327932673659,922.0622215307652,102.4513579478628,0,0,0,0,1,0,1,1,0,0,0,0,0,0,0,0,0,0,1,0,1,0,0,0,1,0,0,0,0
1,20.2,20.2,20.2,0,0,0,0,1,0,0,0,1,1,0,1,0,1,0,1,0,1,0,1,0,0,0,1,0,0,1,0,0
12,91.17838794144362,1094.5736072985999,91.21446727488332,0,0,0,0,1,0,0,1,0,0,0,0,0,0,0,0,0,0,0,0,0,0,0,1,0,1,0,0,0
7,74.03660133071453,547.8974041666721,76.50706712614317,0,0,0,0,1,0,0,0,0,0,0,0,0,0,0,0,0,0,0,0,0,0,0,0,0,0,0,0,0
10,44.75897054287356,443.34029413060756,44.800815397251114,0,0,0,0,0,1,0,0,0,0,0,0,0,0,0,0,0,0,0,0,1,0,0,1,0,1,0,0,0
54,55.526684636695784,3020.309973044956,55.26905312860912,0,0,0,0,0,1,0,0,0,0,0,0,1,0,0,0,0,0,1,0,1,0,0,0,0,1,0,0,1
18,81.92439901572622,1425.38864267943,79.18825792663499,1,0,0,0,1,0,0,0,0,0,0,0,0,0,0,0,0,0,0,0,1,0,0,0,0,0,0,1,0
29,91.74490534889888,2647.0125728473763,88.7050279755276,1,0,1,0,1,0,0,1,0,0,0,0,0,0,0,0,0,0,0,0,1,0,0,0,0,0,0,1,0
60,106.25184186984109,6412.509068202033,105.99233291808756,0,0,0,0,1,0,1,1,0,0,0,0,0,0,1,0,0,0,1,0,1,0,0,1,0,1,0,0,1
1,70.09719119613263,70.09719119613263,70.09719119613263,0,0,0,0,1,0,0,1,0,0,0,0,0,0,0,0,0,0,0,0,0,0,0,1,0,1,0,0,0
34,75.31537834676088,2490.072668930179,71.76326801044122,1,1,0,0,1,0,0,0,0,0,0,0,0,0,0,0,0,0,0,0,0,0,0,1,1,0,0,0,0
6,83.60831149691326,477.35684316647485,79.55947386107914,0,0,1,0,1,0,0,1,0,0,0,0,0,0,0,0,0,0,0,0,1,0,0,1,0,0,0,0,0
38,98.8705844148119,3775.242382752249,99.08115691687554,1,0,0,0,1,0,1,1,0,0,0,0,0,0,0,0,0,0,1,0,1,0,0,1,0,0,0,0,1
5,84.01376458466804,415.7266694539434,83.14533389078868,0,0,0,0,1,0,0,1,0,0,0,0,0,0,0,0,0,0,0,0,0,0,0,1,0,0,0,0,0
6,88.38462171703993,542.6279703868832,82.75036607981386,0,0,0,0,1,0,1,1,0,0,0,0,0,0,0,0,0,0,1,0,0,0,0,1,0,0,0,0,0
18,82.00860651168472,1493.0017163985804,81.77513966635574,0,0,0,0,1,0,0,1,0,0,0,0,1,0,1,0,0,0,0,0,0,0,0,1,0,1,0,1,0
63,93.840809974587,5946.119791109201,93.90582685291822,1,0,1,0,1,0,1,1,0,0,0,0,0,0,0,0,0,0,1,0,0,0,0,1,0,0,0,0,1
8,92.95077273211123,743.5161975320218,91.28590005279268,0,1,0,0,1,0,0,1,0,0,0,0,0,0,0,0,0,0,0,0,1,0,0,1,0,0,0,0,0
13,79.02977945149811,977.6220279710519,75.20169445931168,0,0,0,0,1,0,0,1,0,0,0,0,0,0,0,0,0,0,0,0,0,0,0,1,0,0,0,1,0
11,83.7492607789005,917.5590996917634,76.95790349440423,0,0,0,0,1,0,0,1,0,0,0,0,0,0,0,0,0,0,0,0,0,0,0,1,0,1,0,0,0
9,45.35358832377469,418.3637302434821,46.48485891594245,0,0,0,0,0,0,0,0,0,0,0,0,0,0,0,0,0,0,0,0,0,0,0,0,0,1,0,0,0
25,86.73999129637976,2179.2547721992714,85.0007496433418,1,0,0,1,1,0,0,1,0,0,0,0,0,0,0,0,0,0,0,0,0,0,0,1,0,1,0,1,0
1,19.509154694078244,19.509154694078244,19.509154694078244,0,0,1,1,1,0,0,0,1,1,0,1,0,1,0,1,0,1,0,1,0,0,0,0,0,0,0,0,0
61,104.62062842795581,6269.163707817575,102.1719400864911,0,0,1,0,1,0,1,1,0,0,0,0,1,0,1,0,0,0,1,0,0,0,0,1,0,1,0,0,1
66,79.0543879719038,5274.183875160122,79.16905906203394,0,0,1,0,1,0,1,0,0,0,0,0,1,0,1,0,0,0,0,0,1,0,0,1,0,0,0,0,1
25,63.36847749550363,1615.7745316644023,65.18960143523353,0,0,0,0,1,0,1,0,0,0,0,0,0,0,0,0,1,0,0,0,0,0,0,1,0,1,0,1,0
41,112.68742798805468,4532.745553525095,110.55476959817304,0,0,0,0,1,0,1,1,0,0,0,0,1,0,1,0,1,0,1,0,1,0,0,1,0,0,0,0,1
1,25.11058690610489,25.11058690610489,25.11058690610489,0,0,0,0,0,1,0,0,0,0,0,0,0,0,0,0,0,0,0,0,0,0,0,0,0,0,0,0,0
4,42.72453071573407,223.98740743475489,47.61699584231614,1,0,0,0,0,0,0,0,0,0,0,0,0,0,0,0,0,0,0,0,0,0,0,0,0,0,0,0,0
1,73.88475367881132,73.88475367881132,73.88475367881132,0,1,0,0,1,0,1,1,0,0,0,0,0,0,0,0,0,0,0,0,0,0,0,1,0,1,0,0,0
12,90.63564656186021,1060.4744383520788,85.22118568595286,0,0,0,0,1,0,0,1,0,0,0,0,0,0,1,0,0,0,0,0,0,0,0,1,0,1,0,0,0
55,96.98089697957988,5456.173958089686,97.61492412078249,0,0,0,0,1,0,0,1,0,0,0,0,0,0,0,0,0,0,1,0,1,0,0,1,0,1,0,0,1
5,90.49077472706824,468.862643963455,93.772528792691,0,0,1,1,1,0,0,1,0,0,0,0,0,0,0,0,1,0,1,0,0,0,0,1,0,0,0,0,0
7,38.30840599811855,292.97425563602155,39.712369429281594,0,0,0,0,0,1,0,0,0,0,0,0,0,0,0,0,0,0,0,0,0,0,0,1,0,0,0,0,0
3,20.38143427865575,52.77244506793842,17.59081502264614,0,0,0,0,1,0,0,0,1,1,0,1,0,1,0,1,0,1,0,1,0,0,0,0,0,0,0,0,0
6,83.31169374752112,464.7592089341229,77.45986815568715,0,0,1,0,1,0,1,1,0,0,0,0,0,0,0,0,0,0,0,0,0,0,0,1,0,1,0,0,0
4,47.46898275766894,224.56386952047856,45.94537281760375,0,0,0,0,1,0,1,0,0,0,0,0,0,0,0,0,0,0,0,0,0,0,0,0,0,0,0,0,0
7,79.28584450510075,523.1405630034005,74.73436614334292,0,0,0,0,1,0,0,1,0,0,0,0,0,0,0,0,0,0,0,0,0,0,0,1,0,1,0,0,0
21,70.81836420174419,1557.8228877417514,71.91744900569961,0,0,1,0,1,0,0,1,0,0,0,0,0,0,0,0,0,0,0,0,0,0,0,1,0,0,0,1,0
1,20.790508773043126,20.790508773043126,20.790508773043126,0,0,0,0,1,0,0,0,1,1,0,1,0,1,0,1,0,1,0,1,0,0,0,0,0,0,1,0,0
38,97.55330850932546,3760.508379247405,99.0009831336155,0,0,0,0,1,0,1,1,0,0,0,0,0,0,0,0,0,0,1,0,1,0,0,1,0,0,0,0,1
3,30.0974345153977,91.81775837493265,30.605919458310883,0,0,1,0,0,1,0,0,0,0,0,0,0,0,0,0,0,0,0,0,0,0,0,0,0,0,0,0,0
1,19.27473611337154,19.27473611337154,19.27473611337154,1,0,0,1,1,0,0,0,1,1,0,1,0,1,0,1,0,1,0,1,0,0,0,0,0,0,1,0,0
35,100.78972062262764,3494.017862832515,99.82908179521472,1,1,0,0,1,0,1,1,0,0,0,0,0,0,0,0,0,0,1,0,1,0,0,1,0,1,0,1,0
1,28.168350101241476,28.168350101241476,28.168350101241476,0,0,0,0,0,1,0,0,0,0,0,0,0,0,0,0,0,0,0,0,0,0,0,0,0,0,1,0,0
2,70.56601135692493,149.64017035387397,74.82008517693698,0,0,0,0,1,0,0,1,0,0,0,0,0,0,0,0,0,0,0,0,0,0,0,0,0,1,0,0,0
24,100.64749402195876,2389.7623134861665,97.57117212636537,0,0,0,0,1,0,1,1,0,0,0,0,0,0,0,0,0,0,1,0,1,0,0,1,0,1,0,1,0
1,50.66429585244417,50.66429585244417,50.66429585244417,0,0,0,0,1,0,0,0,0,0,0,0,0,0,0,0,0,0,0,0,0,0,0,1,0,0,0,0,0
2,45.3423836911849,93.33292360503721,46.666461802518604,1,1,0,0,1,0,0,0,0,0,0,0,0,0,0,0,0,0,0,0,0,0,0,1,0,1,0,0,0
9,80.5583898288628,796.6998273657808,82.55346572567407,0,0,0,0,1,0,0,1,0,0,0,0,0,0,0,0,0,0,0,0,1,0,0,1,0,1,0,0,0
1,69.66620916251482,69.66620916251482,69.66620916251482,1,1,0,0,1,0,0,1,0,0,0,0,0,0,0,0,0,0,0,0,0,0,0,1,0,1,0,0,0
14,21.08467756014749,298.96658150367625,20.658704787796385,0,0,0,0,0,0,0,0,0,0,0,0,0,0,0,0,0,0,0,0,0,0,0,0,0,0,0,0,0
7,86.09539639026407,618.6010731829768,85.61517975182822,0,0,0,0,1,0,1,1,0,0,0,0,0,0,0,0,0,0,0,0,1,0,0,1,0,1,0,0,0
5,45.804170277065424,231.1888937027539,46.23777874055078,1,0,0,0,0,0,0,0,0,0,0,0,0,0,1,0,0,0,0,0,0,0,0,0,0,0,0,0,0
32,95.9363086357446,3029.93456821277,92.92969970902303,1,0,0,0,1,0,0,1,0,0,0,0,0,0,0,0,0,0,1,0,1,0,0,1,0,0,0,1,0
42,58.3951156856764,2498.9872874580665,59.34146857911397,0,0,0,0,1,0,0,0,0,0,0,0,0,0,0,0,0,0,1,0,0,0,0,0,0,0,0,0,1
24,89.81422410388379,2181.75720616018,89.73332884871309,0,0,0,0,1,0,1,1,0,0,0,0,0,0,0,0,0,0,0,0,0,0,0,1,0,0,0,1,0
6,73.4768457329427,431.2857238848933,71.88095398081556,0,0,0,0,1,0,0,1,0,0,0,0,0,0,0,0,0,0,0,0,0,0,0,0,0,0,0,0,0
3,89.42117643321444,260.5197479525508,86.8399159841836,1,0,0,0,1,0,0,1,0,0,0,0,0,0,1,0,0,0,0,0,0,0,0,0,0,0,0,0,0
1,74.60816073569842,74.60816073569842,74.60816073569842,0,0,0,0,1,0,0,1,0,0,0,0,1,0,0,0,0,0,0,0,0,0,0,1,0,0,0,0,0
63,102.28326264857292,6600.184646361402,103.53725489263606,0,0,1,0,1,0,1,1,0,0,0,0,1,0,1,0,0,0,0,0,0,0,0,0,0,0,0,0,1
5,88.78927669238529,477.2206749785854,95.44413499571708,0,0,0,0,1,0,0,1,0,0,0,0,0,0,0,0,0,0,1,0,0,0,0,1,0,1,0,0,0
8,83.55278898930669,680.0267916246978,85.00334895308723,0,0,0,0,1,0,0,1,0,0,0,0,0,0,0,0,0,0,1,0,0,0,0,0,0,1,0,0,0
1,51.151558866248735,51.151558866248735,51.151558866248735,1,0,0,0,1,0,0,0,0,0,0,0,0,0,0,0,0,0,0,0,0,0,0,0,0,0,1,0,0
1,74.54648020981168,74.54648020981168,74.54648020981168,1,0,1,0,1,0,1,1,0,0,0,0,0,0,0,0,0,0,0,0,0,0,0,1,0,0,0,0,0
10,96.83249339716605,963.6456803282825,96.36456803282826,0,0,0,0,1,0,1,1,0,0,0,0,0,0,0,0,0,0,0,0,1,0,0,1,0,1,0,0,0
3,84.20658932200523,268.1745414450658,89.39151381502194,0,0,0,0,1,0,0,1,0,0,0,0,0,0,0,0,1,0,0,0,0,0,0,0,0,0,0,0,0
5,99.63103488988882,514.609946663828,101.47009346128819,0,0,0,0,1,0,1,1,0,0,0,0,0,0,0,0,0,0,1,0,0,0,0,1,0,1,0,0,0
16,91.87582410469034,1574.4356532751722,92.72453568707762,0,0,0,0,1,0,0,1,0,0,0,0,0,0,0,0,0,0,0,0,0,0,0,0,0,0,0,1,0
45,88.09832571700214,4019.021301118244,88.38386660018183,0,0,0,0,1,0,1,1,0,0,0,0,0,0,0,0,0,0,0,0,0,0,0,1,0,0,0,0,1
12,80.19351050721039,949.8834810514512,79.15695675428759,0,0,0,0,1,0,0,1,0,0,0,0,0,0,0,0,0,0,0,0,1,0,0,0,0,0,0,0,0
1,35.52246105251051,35.52246105251051,35.52246105251051,0,0,0,0,0,1,0,0,0,0,0,0,0,0,0,0,0,0,0,0,0,0,0,1,0,1,0,0,0
19,91.09133145871621,1758.2969851877667,91.36417267335796,1,0,0,0,1,0,1,1,0,0,0,0,0,0,0,0,0,0,1,0,0,0,0,1,0,1,0,1,0
8,70.99724904750207,563.3550326434522,70.41937908043153,0,0,0,0,1,0,0,0,0,0,0,0,0,0,0,0,0,0,0,0,0,0,0,0,0,1,0,0,0
3,88.74271982112269,243.739382631856,81.24646087728533,0,0,0,0,1,0,0,1,0,0,0,0,1,0,0,0,0,0,0,0,0,0,0,1,0,0,0,0,0
68,95.27594511256754,6580.529790026723,95.44348616106168,0,0,1,0,1,0,1,1,0,0,1,0,1,0,0,0,0,0,0,0,0,0,0,0,0,0,0,0,1
1,20.208837097535653,20.208837097535653,20.208837097535653,0,0,0,0,1,0,0,0,1,1,0,1,0,1,0,1,0,1,0,1,0,0,0,1,0,0,1,0,0
1,68.78494377279142,68.78494377279142,68.78494377279142,0,0,0,0,1,0,0,1,0,0,0,0,0,0,0,0,0,0,0,0,0,0,0,0,0,1,0,0,0
22,100.63412122560854,2315.6047370760693,104.53325574045812,1,0,0,0,1,0,1,1,0,0,0,0,0,0,0,0,0,0,1,0,0,0,0,1,0,0,0,1,0
60,98.79222529194766,5987.618675651016,98.92141659772612,1,0,0,0,1,0,1,1,0,0,0,0,1,0,0,0,0,0,1,0,0,0,0,1,0,0,0,0,1
61,85.94598421739104,5146.250649826477,85.3167028073205,1,0,1,1,1,0,1,0,0,0,0,0,0,0,1,0,1,0,1,0,0,0,0,0,0,0,0,0,1
8,84.59879926545341,663.9124350585713,82.98905438232141,0,0,0,0,1,0,0,1,0,0,0,0,0,0,0,0,0,0,0,0,0,0,0,0,0,0,0,0,0
1,70.86204115918596,70.86204115918596,70.86204115918596,0,0,0,0,1,0,0,1,0,0,0,0,0,0,0,0,0,0,0,0,0,0,0,1,0,1,0,0,0
5,62.12422377095932,313.6845710983678,62.736914219673565,0,0,0,0,0,0,0,0,0,0,0,0,0,0,0,0,0,0,0,0,0,0,0,1,0,0,1,0,0
4,24.77903452101349,99.64186595846002,24.910466489615004,0,0,0,0,0,1,0,0,0,0,0,0,0,0,0,0,0,0,0,0,0,0,0,1,0,0,0,0,0
3,27.458758216854893,82.42279199019175,24.473753666303942,0,0,0,0,0,1,0,0,0,0,0,0,0,0,0,0,0,0,0,0,0,0,0,1,0,1,0,0,0
8,29.999608449898346,224.49830328289283,28.062287910361604,1,0,0,0,0,1,0,0,0,0,0,0,0,0,0,0,0,0,0,0,0,0,0,1,0,1,0,0,0
5,24.272235534926537,128.7545250191904,25.75090500383808,0,0,0,0,0,0,0,0,0,0,0,0,0,0,0,0,0,0,0,0,0,0,0,0,0,0,0,0,0
22,76.69554590804789,1750.2178267469117,76.62891150376107,0,0,0,0,1,0,0,0,0,0,0,0,0,0,0,0,0,0,0,0,0,0,0,0,0,0,0,1,0
14,72.16296322914557,1016.5973874201095,71.20347719647276,0,0,0,0,1,0,0,0,0,0,0,0,0,0,0,0,0,0,0,0,0,0,0,0,0,0,0,1,0
14,75.43874814161798,1073.9051040122774,72.47013012015297,0,0,0,0,1,0,0,1,0,0,0,0,0,0,0,0,0,0,0,0,0,0,0,1,0,1,0,1,0
2,48.52483650948889,91.77515221530345,45.887576107651725,1,0,0,0,1,0,0,0,0,0,1,0,0,0,0,0,0,0,0,0,0,0,0,1,0,1,0,0,0
1,90.57940209524828,90.57940209524828,90.57940209524828,0,0,0,0,1,0,0,1,0,0,0,0,0,0,0,0,0,0,1,0,0,0,0,0,0,1,0,0,0
18,83.13490511199669,1553.9129473033731,84.29616278536541,0,0,0,0,1,0,0,1,0,0,0,0,0,0,0,0,0,0,0,0,0,0,0,1,0,1,0,1,0
1,84.87099662242643,84.87099662242643,84.87099662242643,0,0,0,0,1,0,1,1,0,0,0,0,0,0,0,0,0,0,0,0,0,0,0,1,0,0,0,0,0
3,85.48657640632902,259.1001406557015,86.3667135519005,1,0,0,0,1,0,0,1,0,0,0,0,0,0,0,0,0,0,0,0,0,0,0,0,0,1,0,0,0
10,86.97887473020992,857.394295442054,85.7394295442054,1,0,0,0,1,0,0,1,0,0,0,0,0,0,0,0,0,0,0,0,1,0,0,1,0,1,0,0,0
15,93.22178153918672,1419.5169281750682,93.70408734815824,0,0,0,0,1,0,1,1,0,0,0,0,0,0,0,0,0,0,0,0,1,0,0,1,0,1,0,1,0
1,84.38204273397616,84.38204273397616,84.38204273397616,0,0,0,0,1,0,0,1,0,0,0,0,0,0,0,0,0,0,0,0,0,0,0,0,0,1,0,0,0
2,77.81626761737616,153.14882630226302,76.57441315113151,0,0,0,0,1,0,0,1,0,0,0,0,0,0,1,0,0,0,0,0,0,0,0,0,0,0,0,0,0
4,70.35000531231499,278.9859282961179,69.74648207402947,0,0,0,0,1,0,0,1,0,0,0,0,0,0,0,0,0,0,0,0,0,0,0,0,0,0,0,0,0
64,104.8185988469658,6897.911440952361,106.29633698677073,0,0,0,0,1,0,1,1,0,0,0,0,1,0,0,0,0,0,1,0,0,0,0,1,1,0,0,0,1
5,70.6987597236463,326.7037715611288,65.34075431222576,0,0,0,0,1,0,0,1,0,0,0,0,0,0,0,0,0,0,0,0,0,0,0,1,0,1,0,0,0
1,50.630407031340596,50.630407031340596,50.630407031340596,1,0,0,0,1,0,0,0,0,0,0,0,0,0,0,0,0,0,0,0,0,0,0,0,0,0,1,0,0
13,73.92023394835437,998.9388064103321,75.77727587854612,0,0,0,0,1,0,1,0,0,0,0,0,0,0,0,0,0,0,0,0,0,0,0,1,0,0,0,1,0
1,45.371510734189634,45.371510734189634,45.371510734189634,0,0,0,0,1,0,0,0,0,0,0,0,0,0,0,0,0,0,0,0,0,0,0,1,0,1,0,0,0
4,88.65312202558351,371.5640491151258,92.89101227878145,0,0,0,0,1,0,0,1,0,0,0,0,0,0,0,0,0,0,0,0,1,0,0,1,0,1,0,0,0
1,25.1871092508251,25.1871092508251,25.1871092508251,0,1,0,0,0,1,0,0,0,0,0,0,0,0,0,0,0,0,0,0,0,0,0,0,0,1,0,0,0
1,24.463593030784295,24.463593030784295,24.463593030784295,0,0,0,0,0,1,0,0,0,0,0,0,0,0,0,0,0,0,0,0,0,0,0,0,0,0,1,0,0
4,25.00312020789417,101.16328983254465,25.290822458136162,0,0,0,0,0,1,0,0,0,0,0,0,0,0,0,0,0,0,0,0,0,0,0,1,0,0,0,0,0
52,86.50295007129765,4518.903649456234,86.16260326631576,1,0,0,0,1,0,1,1,0,0,0,0,0,0,0,0,0,0,1,0,0,0,0,0,0,0,0,0,1
11,62.90637038739904,733.9653152727003,63.82535293590478,0,0,0,0,1,0,0,0,0,0,0,0,0,0,0,0,1,0,0,0,0,0,0,1,0,1,0,0,0
22,54.34016957373474,1138.4868052232976,51.74940023742262,1,0,0,0,1,0,0,0,0,0,1,0,0,0,0,0,0,0,0,0,0,0,0,1,0,1,0,1,0
37,99.90598973243229,3750.679899117284,101.36972700316983,0,0,0,0,1,0,1,1,0,0,0,0,0,0,1,0,0,0,0,0,1,0,0,1,0,1,0,0,1
31,82.05188471161337,2562.2207779250502,81.58761070903952,0,0,0,0,1,0,0,1,0,0,0,0,0,0,0,0,0,0,0,0,0,0,0,0,0,1,0,1,0
4,74.60873675894888,322.68710781903405,80.67177695475851,0,0,0,0,1,0,0,1,0,0,0,0,0,0,0,0,0,0,0,0,0,0,0,1,0,1,0,0,0
20,60.15328033841495,1235.9294690358483,58.989523554112566,1,0,0,0,1,0,0,0,0,0,0,0,0,0,0,0,0,0,0,0,0,0,0,1,0,0,0,1,0
1,19.608516549353237,19.608516549353237,19.608516549353237,0,0,0,0,1,0,0,0,1,1,0,1,0,1,0,1,0,1,0,1,0,0,0,0,0,0,1,0,0
1,85.70538887035883,85.70538887035883,85.70538887035883,0,0,0,0,1,0,0,1,0,0,0,0,0,0,0,0,0,0,0,0,0,0,0,1,0,1,0,0,0
1,74.44916468903783,74.44916468903783,74.44916468903783,1,1,0,0,1,0,1,1,0,0,0,0,0,0,0,0,0,0,0,0,0,0,0,1,0,1,0,0,0
3,20.416041272175523,52.40028145969514,17.466760486565047,1,0,0,0,1,0,0,0,1,1,0,1,0,1,0,1,0,1,0,1,0,0,0,1,0,0,0,0,0
3,28.15076705203792,79.14448602718637,25.36964350935887,0,0,0,0,0,0,0,0,0,0,0,0,0,0,0,0,0,0,0,0,0,0,0,0,0,0,0,0,0
51,86.65975558194475,4352.546471474412,85.33249226932458,0,0,0,0,1,0,0,1,0,0,0,0,1,0,0,0,0,0,0,0,0,0,0,1,0,1,0,0,1
3,79.86685845729397,251.18283172707734,83.72761057569245,0,0,1,0,1,0,0,1,0,0,0,0,0,0,0,0,0,0,0,0,0,0,0,1,0,0,0,0,0
56,102.71571218280405,5783.863136984103,101.8581984005042,1,0,1,0,1,0,1,1,0,0,0,0,0,0,1,0,0,0,1,0,0,0,0,1,0,0,0,0,1
6,43.64265878727965,298.6252705337452,45.939082311611834,0,0,0,0,0,1,0,0,0,0,0,0,0,0,0,0,0,0,0,0,1,0,0,1,0,0,0,0,0
1,76.19821358395623,76.19821358395623,76.19821358395623,0,1,0,0,1,0,0,1,0,0,0,0,0,0,0,0,0,0,0,0,0,0,0,1,0,0,0,0,0
1,80.33625649510962,80.33625649510962,80.33625649510962,1,0,1,0,1,0,0,1,0,0,0,0,0,0,0,0,0,0,0,0,0,0,0,1,0,1,0,0,0
3,70.82260854836305,234.7953592606341,78.2651197535447,0,0,0,0,1,0,0,1,0,0,0,0,0,0,0,0,0,0,0,0,0,0,0,1,0,0,0,0,0
26,32.26550670745555,827.4362373191142,31.824341299189605,0,0,1,0,0,1,0,0,0,0,0,0,0,0,0,0,0,0,0,0,0,0,0,0,0,0,0,1,0
50,87.62608152706518,4366.044179703907,86.83302969219619,0,1,0,0,1,0,1,0,0,0,0,0,1,0,0,0,0,0,1,0,0,0,0,0,0,0,0,0,1
2,85.86330434945431,180.41408694823258,90.20704347411629,0,0,0,0,1,0,0,1,0,0,0,0,0,0,0,0,0,0,0,0,0,0,0,1,0,0,0,0,0
7,95.25619090405955,642.6309545202978,91.80442207432826,1,0,0,0,1,0,1,1,0,0,0,0,0,0,0,0,0,0,1,0,1,0,0,1,0,0,0,0,0
13,51.638945041656626,714.2283008703793,51.867365086265835,1,0,0,0,0,0,0,0,0,0,0,0,0,0,0,0,0,0,1,0,0,0,0,1,0,1,0,0,0
16,93.37159446476275,1508.2903397822845,93.14837289725803,0,1,0,0,1,0,0,1,0,0,0,0,0,0,0,0,0,0,1,0,0,0,0,1,0,1,0,1,0
11,89.13534977781714,988.7201965382907,88.94747553790533,0,0,0,0,1,0,1,1,0,0,0,0,0,0,0,0,0,0,0,0,0,0,0,0,0,0,0,0,0
2,20.400042598395956,58.5433761328321,20.66634237193812,0,0,0,0,0,0,0,0,0,0,0,0,0,0,0,0,0,0,0,0,0,0,0,0,0,1,0,0,0
11,74.79423802440846,819.1019956855546,74.46381778959588,1,0,0,0,1,0,0,1,0,0,0,0,1,0,0,0,0,0,0,0,0,0,0,0,0,1,0,0,0
1,69.57505657856053,69.57505657856053,69.57505657856053,0,1,0,0,1,0,0,1,0,0,0,0,0,0,0,0,0,0,0,0,0,0,0,1,0,1,0,0,0
20,90.30182666799183,1950.308624830899,96.71675424406517,0,1,1,0,1,0,0,1,0,0,0,0,0,0,0,0,0,0,0,0,0,0,0,0,0,0,0,1,0
4,24.296595309539956,96.33955656642686,23.75073420747732,0,0,0,0,0,1,0,0,0,0,0,0,0,0,0,0,0,0,0,0,0,0,0,1,0,0,0,0,0
15,19.912079501863023,291.3030584310681,19.42020389540454,0,0,0,0,1,0,0,0,1,1,0,1,0,1,0,1,0,1,0,1,0,0,0,0,0,0,0,1,0
13,70.93701039081137,914.2037899120809,65.67354623627782,0,0,0,0,1,0,0,1,0,0,0,0,0,0,0,0,0,0,0,0,0,0,0,1,0,0,0,1,0
16,93.73660903591365,1512.6643288210194,92.45007579572696,0,0,0,0,1,0,0,1,0,0,0,0,0,0,0,0,0,0,1,0,1,0,0,1,0,1,0,1,0
22,99.81811908966887,2100.38529073444,93.89480935704208,1,0,0,0,1,0,0,1,0,0,0,0,0,0,0,0,0,0,1,0,1,0,0,1,0,1,0,1,0
24,92.17084021510398,2285.2556595194537,94.41311777558941,0,0,0,0,1,0,0,1,0,0,0,0,0,0,0,0,0,0,1,0,1,0,0,1,0,0,0,1,0
16,50.07772737761068,762.1881526681698,47.569599773018226,0,0,0,0,1,0,0,0,0,0,0,0,0,0,0,0,0,0,0,0,0,0,0,1,0,0,0,1,0
12,92.23781381801238,1048.8779265048363,87.40649387540303,0,0,0,0,1,0,1,1,0,0,0,0,0,0,0,0,0,0,1,0,0,0,0,1,0,0,0,0,0
5,83.70987435814236,415.790871614477,83.15817432289539,0,0,0,0,1,0,0,1,0,0,0,0,0,0,0,0,0,0,0,0,0,0,0,1,0,0,0,0,0
1,69.72798886740952,69.72798886740952,69.72798886740952,1,0,0,0,1,0,0,1,0,0,0,0,0,0,0,0,0,0,0,0,0,0,0,1,0,1,0,0,0
62,108.93713419057326,6874.556197228858,110.37427048413143,0,0,0,0,1,0,1,1,0,0,0,0,0,0,1,0,0,0,1,0,1,0,0,1,0,0,0,0,1
20,97.06314819175549,1927.9865477002718,94.93582709521398,0,0,0,0,1,0,0,1,0,0,0,0,0,0,1,0,0,0,0,0,0,0,0,1,0,1,0,1,0
2,76.71988376871667,162.62521987819608,81.31260993909804,0,0,0,0,1,0,0,1,0,0,0,0,0,0,0,0,0,0,0,0,0,0,0,0,0,0,0,0,0
18,47.307668426188044,896.118540686016,49.22482453507706,0,0,0,0,0,0,0,0,0,0,0,0,0,0,0,0,0,0,0,0,0,0,0,0,0,0,0,1,0
5,91.74993392763491,454.092979848678,82.6875225709779,0,0,0,0,1,0,0,1,0,0,0,0,0,0,0,0,0,0,1,0,0,0,0,1,0,1,0,0,0
58,90.27720317119402,5132.917867432836,87.79242949877397,1,0,0,0,1,0,1,0,0,0,0,0,1,0,0,0,1,0,0,0,0,0,0,0,0,0,0,0,1
14,88.20379210395548,1132.5670322043118,80.89764515745084,0,0,0,0,1,0,0,1,0,0,0,0,0,0,0,0,0,0,0,0,1,0,0,1,0,0,0,1,0
1,19.9,19.9,19.9,0,0,0,0,1,0,0,0,1,1,0,1,0,1,0,1,0,1,0,1,0,0,0,0,0,0,1,0,0
1,44.354600025032276,44.354600025032276,44.354600025032276,0,0,0,0,1,0,0,0,0,0,0,0,0,0,0,0,0,0,0,0,0,0,0,1,0,0,0,0,0
12,84.62572146725252,1058.8151273234396,82.91573525128096,0,0,0,0,1,0,0,1,0,0,0,0,0,0,0,0,0,0,1,0,0,0,0,1,0,0,0,0,0
63,98.18776887271918,6389.223605622469,100.46964870728739,0,0,0,1,1,0,1,1,0,0,0,0,0,0,0,0,0,0,0,0,1,1,0,1,0,0,0,0,1
5,84.52881913727646,402.60036704135723,80.52007340827144,0,0,1,0,1,0,0,1,0,0,0,0,1,0,0,0,0,0,0,0,0,0,0,1,0,1,0,0,0
8,85.14341148413212,627.3760893594924,78.37604222557805,0,0,0,0,1,0,1,1,0,0,0,0,0,0,0,0,0,0,0,0,0,0,0,1,0,0,0,0,0
1,49.80674196364774,49.80674196364774,49.80674196364774,0,0,0,0,1,0,0,0,0,0,0,0,0,0,0,0,0,0,0,0,0,0,0,1,0,0,0,0,0
67,109.54365504641943,7504.55218054509,111.87557074679158,1,1,1,0,1,0,1,1,0,0,0,0,1,0,0,0,0,0,1,0,1,0,0,1,0,0,0,0,1
28,76.97114731276395,2197.077858634436,76.5884394343993,0,0,0,0,1,0,1,1,0,0,0,0,0,0,0,0,0,0,0,0,0,0,0,1,0,1,0,1,0
10,79.83896296145899,868.30393318896,79.45969694104775,0,0,0,0,1,0,0,1,0,0,0,0,0,0,0,0,0,0,0,0,0,0,0,1,0,0,0,0,0
1,44.794931772289665,44.794931772289665,44.794931772289665,0,0,0,0,1,0,0,0,0,0,0,0,0,0,0,0,0,0,0,0,0,0,0,1,0,0,0,0,0
1,45.44185679386568,45.44185679386568,45.44185679386568,0,0,0,0,1,0,0,0,0,0,0,0,0,0,0,0,0,0,0,0,0,0,0,0,0,1,0,0,0
54,19.662783990863183,1062.6523910792864,19.590006465933882,1,0,0,0,1,0,0,0,1,1,0,1,0,1,0,1,0,1,0,1,0,0,1,0,0,0,0,0,1
47,95.89635832907796,4559.091668462718,97.5850869414123,0,0,1,0,1,0,1,1,0,0,0,0,1,0,0,0,0,0,0,0,1,0,0,0,0,0,0,0,1
1,90.60909937841265,90.60909937841265,90.60909937841265,0,0,0,0,1,0,0,1,0,0,0,0,0,0,0,0,0,0,1,0,1,0,0,0,0,1,0,0,0
65,107.34862177929249,6955.9282991231075,106.2305952231501,0,0,1,0,1,0,1,1,0,0,0,0,0,0,1,0,1,0,1,0,1,0,0,0,0,0,0,0,1
13,91.89630407917396,1256.032136440207,90.67098065147547,0,0,1,0,1,0,0,1,0,0,0,0,1,0,0,0,0,0,0,0,1,0,0,1,0,0,0,1,0
33,101.80214403969954,3418.314326955438,100.73190938824547,0,0,1,0,1,0,1,1,0,0,0,0,1,0,0,0,0,0,1,0,1,0,0,1,0,1,0,1,0
52,94.79188660512787,5014.417453927774,95.29885279331955,1,0,1,0,1,0,1,1,0,0,0,0,0,0,1,0,0,0,0,0,1,0,0,0,0,0,0,0,1
51,105.9521138448032,5621.202882598867,109.21247085196444,0,0,1,0,1,0,1,1,0,0,0,0,1,0,0,0,0,0,1,0,1,0,0,0,0,1,0,0,1
4,85.61542882904352,370.8382437121829,92.70956092804572,0,0,0,1,1,0,1,1,0,0,0,0,1,0,0,0,0,0,0,0,0,0,0,0,0,0,0,0,0
67,115.81004960019942,7746.762704322832,114.66001758274386,0,0,0,0,1,0,1,1,0,0,1,0,1,0,1,0,1,0,1,0,1,0,1,0,0,0,0,0,1
45,100.77671333794648,4539.753405627295,99.44290877657549,1,0,0,0,1,0,1,1,0,0,0,0,1,0,0,0,0,0,1,0,0,0,0,1,0,1,0,0,1
29,96.8752197953245,2845.963144954967,97.52099804845844,0,0,1,0,1,0,1,1,0,0,1,0,0,0,0,0,0,0,1,0,0,0,0,1,0,0,0,1,0
2,89.95838322528355,185.19667968149625,92.59833984074812,1,0,0,0,1,0,0,1,0,0,0,0,0,0,0,0,0,0,1,0,1,0,0,1,0,0,0,0,0
29,96.5231679580698,2866.763670082487,98.12154506842425,0,0,1,0,1,0,1,1,0,0,0,0,0,0,0,0,0,0,1,0,1,0,0,1,0,0,0,1,0
47,96.73197976400448,4530.987887006854,96.07845955146618,0,1,0,0,1,0,1,1,0,0,0,0,0,0,1,0,0,0,0,0,0,0,0,1,0,0,0,0,1
10,99.15413273702788,1050.3093485509353,98.74561125144251,0,0,1,0,1,0,1,1,0,0,0,0,0,0,1,0,0,0,1,0,1,0,0,1,0,1,0,0,0
15,87.73929323909277,1373.9470379747493,88.05336448931573,0,1,0,0,1,0,1,1,0,0,0,0,0,0,0,0,0,0,0,0,1,0,0,1,0,0,0,1,0
9,90.26179887166694,830.1129118203959,86.8914169579746,0,0,0,0,1,0,1,1,0,0,0,0,0,0,0,0,0,0,0,0,1,0,0,0,0,1,0,0,0
33,74.82263073249297,2488.6927931715595,74.58264452515999,1,0,0,0,1,0,0,0,0,0,0,0,0,0,0,0,0,0,0,0,1,0,0,1,0,0,0,1,0
50,102.44170955596759,5015.130362126736,99.41685455344656,0,0,1,0,1,0,0,1,0,0,0,0,0,0,1,0,0,0,1,0,1,0,0,1,0,0,0,0,1
27,101.62234510634403,2865.3803938994197,102.65976433883579,0,1,0,0,1,0,1,1,0,0,0,0,0,0,0,0,1,0,1,0,1,0,0,0,0,0,0,1,0
54,89.02048267236827,4814.84866137151,88.63560921207113,1,0,1,0,1,0,0,0,0,0,0,0,0,0,0,0,0,0,1,0,1,0,0,1,0,0,0,0,1
7,20.040641404747454,142.65308132360022,19.623033106729814,0,0,0,0,1,0,0,0,1,1,0,1,0,1,0,1,0,1,0,1,0,0,0,0,0,0,0,0,0
63,106.0241702339704,6897.163839801605,108.11298774327422,0,0,0,0,1,0,1,1,0,0,0,0,1,0,0,0,0,0,1,0,1,1,0,1,0,0,0,0,1
61,101.9545041472904,6408.25217889854,104.4381413195824,0,0,0,0,1,0,1,1,0,0,0,0,0,0,1,0,0,0,1,0,1,0,0,1,0,1,0,0,1
56,101.92825345396058,5751.849414820631,102.7545885398676,0,0,1,0,1,0,0,1,0,0,0,0,0,0,1,0,0,0,1,0,1,0,0,0,0,0,0,0,1
1,19.41776310444454,19.41776310444454,19.41776310444454,0,0,0,0,1,0,0,0,1,1,0,1,0,1,0,1,0,1,0,1,0,0,0,0,0,1,0,0,0
28,94.56372762643022,2655.045278860602,93.4369697987358,1,0,0,0,1,0,0,1,0,0,1,0,0,0,0,0,0,0,0,0,1,0,0,0,1,0,0,1,0
1,84.77235155416506,84.77235155416506,84.77235155416506,1,0,0,0,1,0,0,1,0,0,0,0,0,0,0,0,0,0,1,0,0,0,0,0,0,1,0,0,0
61,89.88833408968335,5364.6574568818005,88.41137140451961,0,0,0,0,1,0,1,0,0,0,0,0,1,0,0,0,0,0,0,0,1,1,0,1,1,0,0,0,1
6,89.11341800071955,521.7134248377937,86.9522374729656,0,0,0,0,1,0,0,1,0,0,0,0,1,0,0,0,0,0,1,0,0,0,0,1,0,1,0,0,0
66,104.93072549755722,7126.137817749207,107.84922836065955,1,0,1,0,1,0,1,1,0,0,0,0,1,0,1,0,0,0,1,0,1,0,0,0,0,0,0,0,1
2,24.41961561451379,45.78328222002928,22.89164111001464,0,1,0,0,0,1,0,0,0,0,0,0,0,0,0,0,0,0,0,0,0,0,0,0,0,0,0,0,0
1,70.75430030889089,70.75430030889089,70.75430030889089,1,0,0,0,1,0,0,1,0,0,0,0,0,0,0,0,0,0,0,0,0,0,0,0,0,0,1,0,0
19,92.43024683874395,1947.570245721768,98.28424404644034,0,0,0,0,1,0,1,1,0,0,0,0,0,0,0,0,0,0,1,0,0,0,0,0,0,1,0,1,0
12,86.25459292620393,1057.1155019957814,88.09295849964846,0,0,0,0,1,0,1,1,0,0,0,0,0,0,0,0,0,0,1,0,0,0,0,1,0,0,0,0,0
1,74.24075170989173,74.24075170989173,74.24075170989173,0,1,0,0,1,0,1,1,0,0,0,0,0,0,0,0,0,0,0,0,0,0,0,1,0,1,0,0,0
1,69.11316762365107,69.11316762365107,69.11316762365107,0,0,1,0,1,0,0,1,0,0,0,0,0,0,0,0,0,0,0,0,0,0,0,1,0,1,0,0,0
57,103.76166141390654,5910.290303262475,103.14163544811733,0,0,1,0,1,0,1,1,0,0,0,0,0,0,1,0,0,0,1,0,1,0,0,1,1,0,0,0,1
49,27.007797556117847,1091.0311885966887,25.967790883195516,1,0,0,0,1,0,0,0,0,0,0,0,0,0,0,0,0,0,0,0,0,0,0,0,0,0,0,0,0
7,89.81684390685848,676.4806465260211,96.64009236086015,1,1,1,0,1,0,0,1,0,0,0,0,0,0,0,0,0,0,0,0,1,0,0,1,0,0,0,0,0
66,103.34998829031329,6887.61359644425,103.36677489044675,0,0,0,0,1,0,1,1,0,0,0,0,1,0,0,0,0,0,1,0,0,0,0,1,0,0,0,0,1
15,97.46594285100821,1555.098329939702,99.29479192074167,0,0,0,0,1,0,0,1,0,0,0,0,0,0,1,0,0,0,0,0,1,0,0,1,0,0,0,1,0
21,94.65957322065616,1910.789944100043,89.18126204638156,1,0,1,0,1,0,0,1,0,0,0,0,0,0,0,0,0,0,1,0,1,0,0,1,0,0,0,1,0
33,101.56162224719759,3468.2219301444584,102.92510549794724,0,0,1,0,1,0,1,1,0,0,0,0,0,0,0,0,0,0,1,0,1,0,0,1,0,0,0,0,0
2,46.08938363703354,92.90606649312369,46.453033246561844,1,1,0,0,1,0,0,0,0,0,0,0,0,0,0,0,0,0,0,0,0,0,0,1,0,1,0,0,0
59,103.64390818020954,6227.167560209728,105.15392692148514,0,0,0,0,1,0,1,1,0,0,0,0,0,0,1,0,0,0,1,0,1,1,0,1,0,0,0,0,1
9,76.7397060652323,657.2637371693858,73.02930412993176,0,0,0,1,1,0,0,0,0,0,0,0,0,0,1,0,0,0,0,0,0,0,0,1,0,0,0,0,0
26,86.65256564270439,2286.0062153734507,87.46339075785222,0,0,0,0,1,0,1,1,0,0,0,0,0,0,0,0,0,0,0,0,0,0,0,1,0,0,0,1,0
1,69.94788602515725,69.94788602515725,69.94788602515725,0,0,0,0,1,0,0,1,0,0,0,0,0,0,0,0,0,0,0,0,0,0,0,1,0,1,0,0,0
5,81.73428892333513,444.56026481475135,86.21017299964214,0,0,0,0,1,0,1,1,0,0,0,0,0,0,0,0,0,0,0,0,0,0,0,1,0,0,0,0,0
1,94.91121009725786,94.91121009725786,94.91121009725786,0,0,0,0,1,0,0,1,0,0,0,0,0,0,0,0,0,0,1,0,1,0,0,1,0,1,0,0,0
11,27.198726142040513,290.89778779495464,26.783588447437968,0,0,0,0,0,0,0,0,0,0,0,0,0,0,0,0,0,0,0,0,0,0,0,0,0,0,0,0,0
1,24.865702841992288,24.865702841992288,24.865702841992288,1,0,0,0,0,1,0,0,0,0,0,0,0,0,0,0,0,0,0,0,0,0,0,0,0,0,0,0,0
26,80.0050442968867,2087.0102048235635,79.76734666331062,1,0,0,0,1,0,0,1,0,0,0,0,0,0,0,0,0,0,0,0,0,0,0,1,0,0,0,1,0
22,81.28948828487385,1858.103567047828,81.39871210145466,0,0,0,0,1,0,0,0,0,0,0,0,1,0,0,0,0,0,0,0,0,0,0,0,0,0,1,1,0
69,104.47885137793266,7268.38318708282,104.96379584033185,1,0,0,0,1,0,1,1,0,0,0,0,0,0,0,0,0,0,1,0,1,0,0,1,0,0,0,0,1
6,44.01273334895029,283.5722099059247,43.297919465370825,0,0,0,0,0,0,0,0,0,0,0,0,0,0,0,0,0,0,0,0,0,0,0,1,0,0,0,0,0
48,84.97658111973888,4254.9886134629305,87.36481821774977,1,0,1,0,1,0,1,1,0,0,0,0,0,0,0,0,0,0,1,0,0,0,0,0,0,1,0,0,1
1,94.17936001811621,94.17936001811621,94.17936001811621,0,0,0,0,1,0,0,1,0,0,0,0,0,0,0,0,0,0,1,0,1,0,0,0,0,1,0,0,0
64,75.4684766169081,4819.900794611329,74.83680425448969,1,0,1,0,1,0,0,0,0,0,0,0,0,0,0,0,0,0,1,0,1,0,0,1,0,0,0,0,1
24,101.98952689217992,2496.7604071136993,103.06470514044206,0,1,0,0,1,0,1,1,0,0,0,0,1,0,0,0,0,0,0,0,1,0,0,1,0,0,0,1,0
5,69.22037767825297,319.98471976763307,63.99694395352661,0,0,0,0,1,0,0,1,0,0,0,0,0,0,0,0,0,0,0,0,0,0,0,1,0,0,0,0,0
1,45.521331415213496,45.521331415213496,45.521331415213496,0,0,0,0,1,0,0,0,0,0,0,0,0,0,0,0,0,0,0,0,0,0,0,0,0,1,0,0,0
11,96.27016277719004,1222.6658732664457,110.47661012799325,0,0,1,0,1,0,0,1,0,0,0,0,0,0,0,0,0,0,1,0,0,0,0,1,0,0,0,0,0
1,60.04997289130415,60.04997289130415,60.04997289130415,0,0,0,0,1,0,0,0,0,0,0,0,0,0,0,0,0,0,0,0,0,0,0,1,0,1,0,0,0
16,88.7730273457541,1424.7326728678959,89.04579205424349,0,0,0,0,1,0,0,1,0,0,0,0,0,0,1,0,0,0,0,0,0,0,0,1,0,0,0,1,0
23,104.28988991064948,2471.467882894767,107.45512534325074,1,0,0,0,1,0,1,1,0,0,0,0,0,0,1,0,0,0,1,0,1,0,0,1,0,0,0,1,0
4,88.5255427479087,373.4401540279338,93.36003850698344,0,0,0,0,1,0,1,1,0,0,0,0,0,0,0,0,0,0,0,0,1,0,0,1,0,1,0,0,0
15,98.93681738789438,1506.3758279212864,98.37680860113463,0,0,0,0,1,0,0,1,0,0,0,0,0,0,0,0,0,0,1,0,1,0,0,1,0,1,0,1,0
9,74.11629720918214,640.813709475637,71.20152327507078,0,0,0,0,1,0,0,0,0,0,0,0,0,0,0,0,0,0,0,0,0,0,0,1,0,0,0,0,0
61,100.17535935490807,6283.1831932743635,101.36136835793491,0,0,1,0,1,0,0,1,0,0,0,0,1,0,1,0,0,0,1,0,0,0,0,1,0,1,0,0,1
9,89.49061748092961,808.6239310335994,89.84710344817772,0,0,0,0,1,0,0,1,0,0,0,0,0,0,0,0,0,0,0,0,1,0,0,1,0,0,0,0,0
41,105.37064151746925,4407.373993450852,105.33777011690007,0,0,0,0,1,0,1,1,0,0,0,0,0,0,1,0,0,0,1,0,1,0,0,1,0,1,0,0,1
4,65.38168095628912,238.34841397777453,59.58710349444363,0,0,0,0,1,0,0,0,0,0,0,0,0,0,0,0,0,0,0,0,0,0,0,0,0,0,0,0,0
10,86.2806809595431,832.2257172037123,83.22257172037123,0,0,0,0,1,0,1,1,0,0,0,0,0,0,0,0,0,0,0,0,0,0,0,0,0,0,0,0,0
10,81.46512236543172,896.4762877420055,82.70790730946187,1,0,1,0,1,0,0,1,0,0,0,0,1,0,0,0,0,0,0,0,0,0,0,1,0,0,0,0,0
21,55.76222069249977,1191.2750345814347,54.655532840549434,0,0,0,0,1,0,0,0,0,0,0,0,0,0,0,0,0,0,0,0,0,0,0,1,0,0,0,1,0
3,80.29800670165992,250.04114089626634,83.34704696542212,0,0,0,0,1,0,0,1,0,0,0,0,0,0,0,0,0,0,0,0,0,0,0,1,0,1,0,0,0
1,90.7010041125861,90.7010041125861,90.7010041125861,0,0,0,0,1,0,0,1,0,0,0,0,0,0,0,0,0,0,1,0,1,0,0,0,0,1,0,0,0
1,70.01150115162687,70.01150115162687,70.01150115162687,0,1,0,0,1,0,0,1,0,0,0,0,0,0,0,0,0,0,0,0,0,0,0,1,0,1,0,0,0
1,25.12900024204598,25.12900024204598,25.12900024204598,0,1,0,0,0,1,0,0,0,0,0,0,0,0,0,0,0,0,0,0,0,0,0,0,0,1,0,0,0
60,105.99938371029495,6400.986156491319,106.43373561238069,0,0,0,0,1,0,1,1,0,0,0,0,0,0,1,0,0,0,1,0,1,0,0,1,0,1,0,0,1
17,93.84110611525809,1625.619405036488,95.61217100422257,0,0,0,0,1,0,0,1,0,0,0,0,0,0,0,0,0,0,0,0,1,0,0,0,0,1,0,1,0
1,48.92431955214814,48.92431955214814,48.92431955214814,0,0,0,0,1,0,0,0,0,0,0,0,0,0,0,0,0,0,0,0,0,0,0,1,0,0,1,0,0
1,93.53991229328507,93.53991229328507,93.53991229328507,1,0,0,0,1,0,1,1,0,0,0,0,0,0,0,0,0,0,1,0,1,0,0,1,0,1,0,0,0
1,75.08272551330352,75.08272551330352,75.08272551330352,1,1,0,0,1,0,1,1,0,0,0,0,0,0,0,0,0,0,0,0,0,0,0,1,0,1,0,0,0
52,99.57072602846053,5145.831725110824,98.40048485742707,0,0,0,0,1,0,1,1,0,0,0,0,1,0,0,0,0,0,1,0,1,0,0,1,0,0,0,0,1
1,80.84327223325138,80.84327223325138,80.84327223325138,1,0,0,0,1,0,0,1,0,0,0,0,0,0,0,0,0,0,0,0,0,0,0,1,0,0,0,0,0
23,73.92352132391726,1758.4835000523194,73.76552465482455,0,0,0,0,1,0,0,0,0,0,0,0,0,0,0,0,0,0,0,0,0,0,0,0,0,0,0,1,0
15,19.475691612123665,291.03009399139813,19.40200626609321,0,0,0,0,1,0,0,0,1,1,0,1,0,1,0,1,0,1,0,1,0,0,0,0,0,0,0,1,0
6,49.86580185947863,278.28338307636756,46.38056384606126,0,0,0,0,1,0,0,0,0,0,0,0,0,0,0,0,1,0,0,0,0,0,0,1,0,0,0,0,0
3,100.12072372339352,308.7785789249641,102.92619297498804,0,0,0,0,1,0,0,1,0,0,0,0,1,0,0,0,0,0,1,0,1,0,0,1,0,1,0,0,0
51,106.09716620470131,5440.208684010985,105.09645541299427,0,0,0,0,1,0,1,1,0,0,0,0,0,0,0,0,1,0,1,0,1,0,0,0,0,1,0,0,1
10,79.41067546488465,816.5998863730699,81.65998863730698,0,0,0,0,1,0,1,1,0,0,0,0,0,0,0,0,0,0,0,0,0,0,0,1,0,0,0,0,0
1,69.2,69.2,69.2,0,0,0,0,1,0,0,1,0,0,0,0,0,0,0,0,0,0,0,0,0,0,0,1,0,1,0,0,0
1,60.07643533864364,60.07643533864364,60.07643533864364,0,0,0,0,1,0,0,0,0,0,0,0,1,0,0,0,1,0,0,0,0,0,0,0,0,0,0,0,0
1,71.61237430848641,71.61237430848641,71.61237430848641,1,0,0,0,1,0,0,1,0,0,0,0,0,0,0,0,0,0,0,0,0,0,0,1,0,0,0,0,0
12,99.90004600945585,1222.1392303700354,99.96522197132097,1,1,1,0,1,0,1,1,0,0,0,0,0,0,0,0,0,0,1,0,1,0,0,1,0,1,0,0,0
6,84.31884958664986,475.00318574422226,79.16719762403704,0,0,1,0,1,0,0,1,0,0,0,0,0,0,0,0,0,0,0,0,1,0,0,1,0,0,0,0,0
12,75.05739373058746,938.2325551617985,73.13998573764633,0,0,0,0,1,0,0,1,0,0,0,0,0,0,0,0,0,0,0,0,0,0,0,1,0,1,0,0,0
1,19.79023689998185,19.79023689998185,19.79023689998185,1,0,0,0,1,0,0,0,1,1,0,1,0,1,0,1,0,1,0,1,0,0,0,1,0,0,1,0,0
1,20.171830232464366,20.171830232464366,20.171830232464366,1,0,0,0,1,0,0,0,1,1,0,1,0,1,0,1,0,1,0,1,0,0,0,0,0,0,1,0,0
20,96.68954554499298,1905.0461187630065,91.68132605402535,1,0,1,0,1,0,0,1,0,0,0,0,0,0,0,0,0,0,1,0,1,0,0,0,0,0,0,1,0
56,101.28276317126591,5735.288803383214,101.59870798011562,0,0,1,0,1,0,1,1,0,0,0,0,0,0,0,0,0,0,1,0,0,1,0,1,0,1,0,0,1
3,27.058785720484916,98.0389142708362,27.666222096754733,0,0,0,0,0,1,0,0,0,0,0,0,0,0,0,0,0,0,0,0,0,0,0,0,0,0,0,0,0
19,89.25190286089378,1761.2176198480447,90.75320379898665,0,0,0,0,1,0,1,1,0,0,0,0,0,0,1,0,0,0,0,0,0,0,0,0,0,0,0,1,0
1,45.04440749423946,45.04440749423946,45.04440749423946,0,0,0,0,1,0,0,0,0,0,0,0,0,0,0,0,0,0,0,0,0,0,0,1,0,0,1,0,0
3,27.93678562047861,100.3592254702034,26.98933831302378,1,1,0,0,0,1,0,0,0,0,0,0,0,0,0,0,0,0,0,0,0,0,0,1,0,0,0,0,0
2,54.51924743345864,105.13838654943613,52.56919327471807,0,0,0,0,1,0,0,0,0,0,0,0,1,0,0,0,0,0,0,0,0,0,0,1,0,0,0,0,0
34,99.55966755046593,3469.1798923497545,100.38710865751894,0,0,1,1,1,0,1,1,0,0,0,0,0,0,1,0,0,0,0,0,0,1,0,1,0,0,0,0,0
7,49.595230084891114,345.6213805093467,49.37448292990667,1,0,0,0,1,0,0,0,0,0,0,0,0,0,0,0,0,0,0,0,0,0,0,0,0,0,0,0,0
23,91.71051491785973,2079.6541933402377,89.91830419806038,1,0,0,0,1,0,0,1,0,0,0,0,0,0,0,0,0,0,0,0,0,0,0,1,0,0,0,1,0
47,69.25356518409446,3192.8148244333393,68.61866677699231,1,0,0,0,0,0,0,0,0,0,0,0,0,0,0,0,0,0,0,0,0,0,0,1,0,1,0,0,1
24,75.08041033660709,1749.250449086778,72.67388976378524,0,0,0,0,1,0,0,1,0,0,0,0,0,0,0,0,0,0,0,0,0,0,0,0,0,0,0,1,0
2,55.05039766401082,113.4031453599884,56.7015726799942,1,0,0,0,1,0,0,0,0,0,0,0,0,0,0,0,0,0,0,0,0,0,0,1,0,0,1,0,0
1,89.72738159763186,89.72738159763186,89.72738159763186,0,0,0,0,1,0,0,1,0,0,0,0,0,0,0,0,0,0,1,0,1,0,0,0,0,1,0,0,0
8,89.29259956413824,770.7831832921621,96.34789791152026,0,0,1,0,1,0,0,1,0,0,0,0,0,0,0,0,0,0,0,0,1,0,0,1,0,1,0,0,0
32,88.21345001105615,2745.594182050715,85.62817424711251,0,0,1,0,1,0,1,1,0,0,0,0,0,0,0,0,0,0,0,0,1,0,0,0,0,0,0,1,0
29,70.74169910804788,1974.7812137708452,68.09590392313258,0,0,0,0,1,0,0,0,0,0,0,0,0,0,0,0,0,0,0,0,0,0,0,1,0,0,0,1,0
2,44.607552836852825,97.08772664011416,48.54386332005708,0,0,0,0,0,0,0,0,0,0,0,0,0,0,0,0,0,0,0,0,0,0,0,0,0,0,0,0,0
36,95.65011830908112,3463.3326115895347,95.28972293187584,0,0,1,0,1,0,1,1,0,0,0,0,0,0,0,0,0,0,1,0,0,0,0,1,0,0,0,0,0
55,97.83184959540348,5609.3398045661315,100.64396843949145,1,1,0,0,1,0,1,1,0,0,0,0,0,0,0,0,0,0,1,0,1,0,0,1,0,0,0,0,1
33,93.1361865080026,3034.5705162338204,90.46232715608019,0,0,0,0,1,0,0,1,0,0,0,0,0,0,0,0,0,0,1,0,0,0,0,1,0,1,0,1,0
55,102.81750154043748,5510.100763595703,99.1223881238992,0,1,0,0,1,0,1,1,0,0,0,0,0,0,1,0,0,0,1,0,1,1,0,1,0,0,0,0,1
8,80.49267839759112,583.5833699924723,72.94792124905904,1,1,0,0,1,0,0,1,0,0,0,0,0,0,0,0,0,0,0,0,0,0,0,1,0,0,0,0,0
17,48.47581712202481,897.339387819259,50.26854183278656,0,0,0,0,0,0,0,0,0,0,0,0,0,0,0,0,0,0,0,0,0,0,0,0,0,0,0,1,0
4,21.280940270463393,104.14743562600893,22.391325909042795,0,0,0,0,0,0,0,0,0,0,0,0,0,0,0,0,0,0,0,0,0,0,0,0,0,0,0,0,0
2,45.051455740562844,81.82375012515945,40.911875062579725,0,0,0,0,1,0,0,0,0,0,0,0,0,0,0,0,0,0,0,0,0,0,0,1,1,0,0,0,0
4,78.43588881315017,320.1760872006615,80.04402180016538,1,0,0,0,1,0,0,1,0,0,0,0,0,0,1,0,0,0,0,0,0,0,0,1,0,0,0,0,0
57,19.976811143426175,1101.4483640229403,19.24196580042159,0,0,0,0,0,0,0,0,0,0,0,0,0,0,0,0,0,0,0,0,0,0,0,0,0,0,0,0,1
2,46.00836785161184,83.80546831621736,41.90273415810868,1,0,0,0,1,0,0,0,0,0,0,0,0,0,0,0,0,0,0,0,0,0,0,0,0,0,0,0,0
8,84.24949677529821,674.2291875484112,84.2786484435514,0,0,0,0,1,0,0,1,0,0,0,0,0,0,0,0,0,0,1,0,0,0,0,0,0,1,0,0,0
53,102.65990330972066,5492.85696135809,102.47036262734747,0,1,0,0,1,0,1,1,0,0,0,0,0,0,1,0,0,0,1,0,1,0,0,1,0,1,0,0,1
67,97.7433876741725,6672.59654610736,98.9718355036856,0,0,0,0,1,0,0,1,0,0,0,0,0,0,0,0,0,0,1,0,1,0,0,0,0,0,0,0,1
49,104.2053186630809,5129.684079870713,104.78412448030264,0,0,1,0,1,0,1,1,0,0,0,0,0,0,0,0,0,0,1,0,1,0,0,1,0,0,0,0,1
1,20.2,20.2,20.2,1,0,0,0,1,0,0,0,1,1,0,1,0,1,0,1,0,1,0,1,0,0,0,0,0,0,1,0,0
15,87.1868224715113,1351.5089971475736,87.53077331970147,0,0,0,0,1,0,1,1,0,0,0,0,0,0,0,0,0,0,1,0,0,0,0,1,0,1,0,1,0
1,20.27742088561065,20.27742088561065,20.27742088561065,1,0,0,0,1,0,0,0,1,1,0,1,0,1,0,1,0,1,0,1,0,0,0,0,0,0,1,0,0
1,25.159930211613943,25.159930211613943,25.159930211613943,0,0,0,0,0,1,0,0,0,0,0,0,0,0,0,0,0,0,0,0,0,0,0,0,0,0,1,0,0
1,80.72445079279753,80.72445079279753,80.72445079279753,0,0,0,0,1,0,0,1,0,0,0,0,0,0,0,0,0,0,0,0,1,0,0,0,0,0,0,0,0
27,101.27767624209827,2867.3666808892417,103.06838115819689,0,0,1,0,1,0,1,1,0,0,0,0,0,0,0,0,0,0,1,0,1,0,0,1,0,0,0,1,0
1,79.13172420123995,79.13172420123995,79.13172420123995,0,0,0,0,1,0,0,1,0,0,0,0,0,0,0,0,0,0,1,0,0,0,0,1,0,1,0,0,0
9,75.25164088740473,650.5011096135512,72.27790106817235,0,0,0,0,1,0,0,1,0,0,0,0,0,0,0,0,0,0,0,0,0,0,0,1,0,0,0,0,0
9,75.28649617734493,655.1681518589656,72.79646131766286,0,0,0,0,1,0,0,0,0,0,0,0,0,0,1,0,0,0,0,0,0,0,0,1,0,0,0,0,0
9,80.77410140717116,742.5146964571693,82.50163293968546,1,0,0,0,1,0,0,1,0,0,0,0,0,0,0,0,0,0,0,0,0,0,0,1,0,1,0,0,0
64,89.86486920798102,5769.088832024485,88.89617057270878,1,0,1,0,1,0,1,1,0,0,0,0,1,0,1,0,0,0,0,0,0,0,0,0,0,1,0,0,1
35,82.3628650401851,2839.440147457076,80.69606742315337,0,0,1,0,1,0,1,1,0,0,0,0,0,0,0,0,0,0,0,0,0,0,0,1,0,0,0,0,0
20,92.22709828747237,1846.722540877216,90.61428864908467,1,0,0,0,1,0,1,1,0,0,0,0,0,0,0,0,0,0,0,0,0,0,0,1,0,1,0,1,0
1,79.80989187088664,79.80989187088664,79.80989187088664,1,0,0,0,1,0,0,1,0,0,0,0,0,0,0,0,0,0,0,0,1,0,0,0,0,1,0,0,0
11,82.77635048362905,918.4132509838562,77.67011147908475,0,0,0,0,1,0,0,1,0,0,0,0,0,0,0,0,0,0,0,0,0,0,0,1,0,1,0,0,0
1,79.53098382718856,79.53098382718856,79.53098382718856,1,0,0,0,1,0,0,1,0,0,0,0,0,0,0,0,0,0,0,0,1,0,0,0,0,1,0,0,0
39,97.03942622773967,3706.398974071696,92.75248463090388,0,0,0,0,1,0,0,1,0,0,0,0,0,0,0,0,0,0,1,0,0,0,0,1,0,0,0,0,1
7,44.964277384759555,335.0060663910289,43.01184580787411,1,0,1,0,0,0,0,0,0,0,0,0,0,0,0,0,0,0,0,0,0,0,0,0,0,0,0,0,0
5,85.80539857759243,457.2701766407746,83.60670582587896,0,0,1,0,1,0,0,1,0,0,0,0,0,0,0,0,0,0,0,0,0,0,0,1,0,0,0,0,0
50,110.00349563863959,5431.692740758684,107.95855317402226,0,0,0,0,1,0,0,1,0,0,0,0,1,0,1,0,1,0,1,0,1,0,0,0,0,0,0,0,1
4,84.90459844220561,337.9086927736549,84.47717319341372,1,0,0,0,1,0,1,1,0,0,0,0,0,0,0,0,0,0,0,0,0,0,0,0,0,0,0,0,0
1,69.55808578630563,69.55808578630563,69.55808578630563,0,0,1,1,1,0,0,1,0,0,0,0,0,0,0,0,0,0,0,0,0,0,0,1,0,0,1,0,0
12,98.46729426674939,1237.1203398832354,100.90274306312382,0,0,0,0,1,0,1,1,0,0,0,0,0,0,0,0,0,0,0,0,1,0,0,1,0,0,0,0,0
16,85.31852300488518,1375.39394671214,85.96212166950875,0,0,1,0,1,0,1,1,0,0,0,0,0,0,0,0,0,0,0,0,0,0,0,1,0,0,0,1,0
29,69.64193747187352,1972.2922795416084,68.01007860488305,0,0,0,0,1,0,0,0,0,0,0,0,0,0,0,0,0,0,0,0,0,0,0,1,0,0,0,1,0
4,70.39608584656811,269.3836748989005,67.34591872472512,0,0,0,0,1,0,0,1,0,0,0,0,0,0,0,0,0,0,0,0,0,0,0,1,0,0,0,0,0
1,69.4564773982631,69.4564773982631,69.4564773982631,1,0,0,0,1,0,0,1,0,0,0,0,0,0,0,0,0,0,0,0,0,0,0,1,0,1,0,0,0
33,104.12185696691927,3408.8825469427074,102.99376472736188,0,0,0,0,1,0,1,1,0,0,0,0,0,0,1,0,0,0,1,0,1,0,0,1,0,1,0,1,0
17,69.031743765373,1149.4865196083292,67.61685409460759,0,0,0,0,1,0,0,1,0,0,0,0,0,0,0,0,0,0,0,0,0,0,0,1,0,1,0,1,0
18,89.32152960690479,1590.3179913080646,87.91672091665833,0,0,1,0,1,0,1,1,0,0,0,0,0,0,0,0,0,0,0,0,0,0,0,0,0,1,0,1,0
20,84.4170310257422,1735.6289477975981,85.54971742231942,0,0,0,0,1,0,1,1,0,0,0,0,0,0,0,0,0,0,0,0,0,0,0,1,0,0,0,1,0
55,104.30726121778395,5763.336697094129,104.04826972343892,1,0,1,0,1,0,1,1,0,0,0,0,0,0,1,0,0,0,1,0,1,1,0,1,0,0,0,0,1
17,50.137140914574076,898.0837520144851,51.42782016614653,1,0,0,0,0,0,0,0,0,0,0,0,0,0,0,0,0,0,0,0,0,0,0,0,0,0,1,1,0
1,70.04145740825936,70.04145740825936,70.04145740825936,0,0,0,0,1,0,0,1,0,0,0,0,0,0,0,0,0,0,0,0,0,0,0,1,0,1,0,0,0
22,57.34637023914133,1249.773206176411,55.20609675770239,0,0,0,0,0,0,0,0,0,0,0,0,1,0,0,0,0,0,0,0,0,0,0,0,0,0,0,1,0
19,63.16311555289969,1169.1325737626184,60.59935817389141,0,0,0,0,1,0,0,0,0,0,0,0,0,0,0,0,0,0,0,0,0,0,0,1,0,0,0,1,0
18,59.71103577048734,991.6729334585362,60.82441616521315,0,0,0,0,0,0,0,0,0,0,0,0,0,0,0,0,0,0,0,0,0,0,0,0,0,0,0,0,0
1,55.62026540471925,55.62026540471925,55.62026540471925,1,0,0,0,1,0,0,0,0,0,0,0,0,0,0,0,0,0,0,0,1,0,0,1,0,0,0,0,0
65,104.25689939598756,6799.23164641818,103.68903786208313,0,1,1,0,1,0,1,1,0,0,0,0,0,0,0,0,0,0,1,0,1,0,0,0,0,0,0,0,1
36,83.50917216063159,3026.093528682074,84.13789225604721,0,0,0,0,1,0,1,1,0,0,0,0,0,0,0,0,0,0,0,0,0,0,0,0,0,1,0,0,0
2,94.36573518806883,169.83285560130872,84.91642780065436,0,0,0,0,1,0,0,1,0,0,0,0,0,0,0,0,0,0,1,0,1,0,0,0,0,1,0,0,0
36,94.88571059064681,3393.4711556857646,93.77600833865192,0,0,0,0,1,0,0,1,0,0,0,0,0,0,0,0,0,0,1,0,0,0,0,1,0,0,0,0,0
1,69.09834273994215,69.09834273994215,69.09834273994215,0,0,1,1,1,0,0,1,0,0,0,0,0,0,0,0,0,0,0,0,0,0,0,1,0,0,0,0,0
15,75.26697139413767,1147.0431476277868,76.46954317518579,0,1,0,0,1,0,0,1,0,0,0,0,0,0,0,0,0,0,0,0,0,0,0,1,1,0,0,1,0
11,94.641326777099,1045.2430049793543,88.87872662787052,0,0,0,0,1,0,1,1,0,0,0,0,0,0,0,0,0,0,1,0,1,0,0,1,0,1,0,0,0
38,93.04066756421241,3474.8651064130413,90.91693820872135,0,0,0,0,1,0,1,1,0,0,0,0,0,0,0,0,1,0,0,0,0,0,0,0,0,0,0,0,1
20,88.43781879877349,1761.73746771302,87.69376794244145,1,0,0,0,1,0,1,1,0,0,0,0,0,0,0,0,0,0,0,0,0,0,0,1,0,1,0,1,0
36,103.0563486713298,3648.4748572371036,101.58264166888678,0,1,0,0,1,0,1,1,0,0,0,0,0,0,0,0,0,0,1,0,1,0,0,1,0,0,0,0,0
1,45.642369396528565,45.642369396528565,45.642369396528565,1,0,0,0,1,0,0,0,0,0,0,0,0,0,0,0,0,0,0,0,0,0,0,1,0,1,0,0,0
17,94.13170550502741,1617.2036281741582,94.80078193791822,0,0,0,0,1,0,1,1,0,0,0,0,0,0,0,0,0,0,0,0,0,0,0,1,0,1,0,1,0
22,101.75813630148608,2243.61322595352,102.38619930327964,1,0,1,0,1,0,0,1,0,0,0,0,0,0,1,0,0,0,1,0,1,0,0,1,0,1,0,1,0
40,104.05611643096157,4133.481327887615,102.42907566116192,1,0,0,0,1,0,1,1,0,0,0,0,0,0,0,0,0,0,0,0,1,0,0,0,0,0,0,0,1
18,78.4275294389507,1491.3173873111618,78.59895471944871,0,0,0,0,1,0,0,1,0,0,0,0,1,0,0,0,0,0,0,0,0,0,0,1,0,1,0,1,0
30,99.70531480800392,2907.5205111851637,95.61954773965275,0,1,0,0,1,0,0,1,0,0,0,0,0,0,1,0,1,0,1,0,1,0,0,1,0,1,0,1,0
22,84.98203793699678,1871.0384809534899,85.04720367970408,0,0,0,0,1,0,0,1,0,0,0,0,0,0,0,0,0,0,0,0,1,0,0,1,0,0,0,1,0
13,86.66761813237986,1235.4321339397243,88.66564249152742,1,0,1,0,1,0,1,1,0,0,0,0,0,0,0,0,0,0,1,0,0,0,0,1,0,1,0,1,0
15,92.6776824596537,1445.2414692285327,95.38051974894938,0,0,0,0,1,0,1,1,0,0,0,0,0,0,0,0,0,0,0,0,1,0,0,1,0,1,0,1,0
8,81.97014832368967,675.0969862416047,84.38712328020058,0,0,0,0,1,0,0,1,0,0,0,0,0,0,0,0,0,0,1,0,0,0,0,0,0,0,0,0,0
1,70.19617267787861,70.19617267787861,70.19617267787861,0,0,0,0,1,0,0,1,0,0,0,0,0,0,0,0,0,0,0,0,0,0,0,1,0,0,1,0,0
1,25.178920689844997,25.178920689844997,25.178920689844997,0,0,0,0,0,1,0,0,0,0,0,0,0,0,0,0,0,0,0,0,0,0,0,0,0,0,1,0,0
2,87.88483924659074,179.76607299833475,89.88303649916737,0,0,0,0,1,0,1,1,0,0,0,0,0,0,0,0,0,0,0,0,0,0,0,1,0,1,0,0,0
41,99.15057153767613,4198.914751622932,100.17129743074942,1,0,0,0,1,0,1,1,0,0,0,0,0,0,0,0,0,0,1,0,1,0,0,1,0,1,0,0,1
28,102.11832646320397,2896.195808757918,100.73326607969133,0,1,0,0,1,0,0,1,0,0,0,0,0,0,1,0,1,0,1,0,1,0,0,1,0,1,0,1,0
7,69.48974381806615,507.33925476465726,72.47703639495103,0,0,0,0,1,0,0,1,0,0,0,0,0,0,0,0,0,0,0,0,0,0,0,1,0,1,0,0,0
22,83.26950425722517,1914.1772804953077,85.30014989586743,1,0,0,0,1,0,1,1,0,0,0,0,0,0,0,0,0,0,0,0,0,0,0,1,0,1,0,1,0
26,38.31148943169072,1035.3284277362773,39.6528778734146,0,0,0,0,0,0,0,0,0,0,0,0,0,0,0,0,0,0,0,0,0,0,0,0,0,0,0,1,0
52,94.15173193952002,5029.424808737432,95.16137016618761,0,0,1,0,1,0,1,1,0,0,1,0,0,0,0,0,0,0,0,0,1,0,0,0,0,0,0,0,1
19,82.86673983290012,1613.5684054764772,82.99278466418534,0,0,0,0,1,0,1,0,0,0,0,0,0,0,0,0,1,0,0,0,0,0,0,1,0,1,0,1,0
44,87.29744211221902,3913.6914560276323,87.82560969504652,0,0,1,0,0,0,0,0,0,0,0,0,1,0,0,0,0,0,0,0,1,0,0,0,0,0,0,0,1
1,24.99185726757935,24.99185726757935,24.99185726757935,1,0,0,1,0,1,0,0,0,0,0,0,0,0,0,0,0,0,0,0,0,0,0,0,0,1,0,0,0
21,59.29228690574579,1249.536264665158,57.54191938652728,1,0,0,0,1,0,0,0,0,0,0,0,0,0,0,0,0,0,0,0,0,0,0,0,0,0,0,1,0
1,20.23991465986046,20.23991465986046,20.23991465986046,0,0,0,0,1,0,0,0,1,1,0,1,0,1,0,1,0,1,0,1,0,0,0,1,0,0,1,0,0
58,55.22144201299103,3241.003636347832,56.270776630083034,1,1,0,0,0,0,0,0,0,0,0,0,0,0,0,0,0,0,0,0,0,1,0,1,0,1,0,0,1
13,88.70307247744661,1288.263576432509,93.55198479511019,0,0,0,0,1,0,1,1,0,0,0,0,0,0,0,0,0,0,0,0,0,0,0,1,0,0,0,1,0
6,97.37810252922063,564.0527139842864,94.00878566404772,0,0,0,0,1,0,0,1,0,0,0,0,0,0,0,0,0,0,1,0,1,0,0,0,0,0,0,0,0
8,86.08007870184055,766.0782071105509,95.75977588881887,0,0,0,0,1,0,1,1,0,0,0,0,0,0,0,0,0,0,0,0,0,0,0,1,0,1,0,0,0
18,81.4193891830503,1455.4520133950823,79.75929100240128,1,0,0,0,1,0,1,1,0,0,0,0,0,0,0,0,0,0,0,0,0,0,0,1,0,1,0,1,0
2,44.83095783650803,82.30883275494574,41.15441637747287,0,0,0,0,0,0,0,0,0,0,0,0,0,0,0,0,0,0,0,0,0,0,0,1,0,0,0,0,0
1,69.96849855203644,69.96849855203644,69.96849855203644,1,0,0,0,1,0,0,1,0,0,0,0,0,0,0,0,0,0,0,0,0,0,0,1,0,1,0,0,0
5,79.6497406311222,344.8133948226284,68.96267896452568,1,0,0,0,1,0,1,1,0,0,0,0,0,0,0,0,0,0,0,0,0,0,0,1,0,0,0,0,0
25,92.85009203658961,2378.781833743401,92.25863150690526,0,0,1,0,1,0,1,1,0,0,0,0,0,0,1,0,0,0,0,0,1,0,0,1,0,1,0,1,0
43,97.83788487334574,4371.09928358331,100.2527317859696,0,0,0,0,1,0,1,1,0,0,0,0,0,0,0,0,0,0,1,0,1,0,0,1,0,1,0,0,1
4,100.15827701580956,386.0909985006589,96.52274962516472,0,0,0,0,1,0,0,1,0,0,0,0,0,0,1,0,0,0,0,0,1,0,0,0,0,0,0,0,0
1,90.65279354395675,90.65279354395675,90.65279354395675,0,0,0,0,1,0,0,1,0,0,0,0,0,0,0,0,0,0,1,0,1,0,0,0,0,1,0,0,0
1,50.73120464688512,50.73120464688512,50.73120464688512,1,0,0,0,1,0,0,0,0,0,0,0,0,0,0,0,0,0,0,0,0,0,0,0,0,0,1,0,0
21,37.30288153617684,734.4267309124469,36.093150255754196,0,0,0,0,0,0,0,0,0,0,0,0,0,0,0,0,0,0,0,0,0,0,0,1,0,0,0,1,0
1,24.000357898629087,24.000357898629087,24.000357898629087,1,0,0,0,0,0,0,0,0,0,0,0,0,0,0,0,0,0,0,0,0,0,0,1,0,0,0,0,0
7,89.4562033542441,668.690722797048,89.37483889799756,0,0,0,0,1,0,0,1,0,0,0,0,0,0,0,0,0,0,1,0,0,0,0,0,0,1,0,0,0
3,19.765120975563928,58.638306342105025,19.54610211403501,0,0,0,0,1,0,0,0,1,1,0,1,0,1,0,1,0,1,0,1,0,0,0,0,0,0,0,0,0
18,89.33233117991132,1648.3374468551842,89.45517361196403,0,0,0,0,1,0,1,1,0,0,0,0,0,0,0,0,0,0,1,0,0,0,0,1,0,1,0,1,0
2,72.53388785026468,131.16771706570992,65.58385853285496,0,0,0,0,1,0,0,1,0,0,0,0,0,0,0,0,0,0,0,0,0,0,0,1,0,0,0,0,0
1,70.79800197085346,70.79800197085346,70.79800197085346,0,0,0,0,1,0,0,1,0,0,0,0,0,0,0,0,0,0,0,0,0,0,0,0,0,0,1,0,0
13,88.60515955309799,1137.1675532040601,84.84987990099495,1,0,0,0,1,0,0,1,0,0,0,0,0,0,0,0,0,0,0,0,1,0,0,1,0,1,0,1,0
3,77.14277375171929,213.8850614871735,71.2950204957245,0,0,0,0,1,0,0,1,0,0,0,0,0,0,0,0,0,0,0,0,0,0,0,0,0,0,0,0,0
8,70.04236848559472,552.7187484671255,69.08984355839068,1,0,0,0,1,0,0,1,0,0,0,0,0,0,0,0,0,0,0,0,0,0,0,1,0,0,0,0,0
8,85.46482241417107,741.1735978797406,86.21864866945582,1,0,0,0,1,0,0,1,0,0,0,0,0,0,1,0,0,0,0,0,0,0,0,1,0,1,0,0,0
5,89.88510550429878,453.75322139410184,90.75064427882037,0,0,0,0,1,0,0,1,0,0,0,0,0,0,1,0,0,0,0,0,0,0,0,1,0,0,0,0,0
1,73.6243917159272,73.6243917159272,73.6243917159272,0,0,0,0,1,0,0,1,0,0,0,0,0,0,0,0,0,0,0,0,0,0,0,1,0,0,0,0,0
15,74.5199314756355,1145.843976567485,76.38959843783233,0,1,0,0,1,0,0,1,0,0,0,0,0,0,0,0,0,0,0,0,0,0,0,1,0,0,0,1,0
1,75.00404159427863,75.00404159427863,75.00404159427863,0,0,0,0,1,0,1,1,0,0,0,0,0,0,0,0,0,0,0,0,0,0,0,1,0,0,0,0,0
3,79.12418287876146,243.85319498308868,81.28439832769622,0,0,0,0,1,0,0,1,0,0,0,0,0,0,0,0,0,0,1,0,0,0,0,1,0,1,0,0,0
41,101.12524301252174,4037.81802239904,98.27208938434936,1,0,0,0,1,0,0,1,0,0,0,0,0,0,0,0,0,0,0,0,1,0,0,0,0,0,0,0,1
12,88.8045723028775,1096.0032681073837,90.58620079059091,0,0,0,0,1,0,0,1,0,0,0,0,0,0,0,0,0,0,0,0,0,0,0,1,0,1,0,0,0
1,75.19534818127042,75.19534818127042,75.19534818127042,0,0,0,0,1,0,0,1,0,0,0,0,0,0,0,0,0,0,0,0,0,0,0,1,0,0,0,0,0
1,20.091686284826288,20.091686284826288,20.091686284826288,1,0,0,0,1,0,0,0,1,1,0,1,0,1,0,1,0,1,0,1,0,0,0,0,0,0,1,0,0
1,85.63125151907478,85.63125151907478,85.63125151907478,0,0,0,0,1,0,1,1,0,0,0,0,0,0,0,0,0,0,0,0,0,0,0,1,0,0,0,0,0
20,93.10345871646142,1893.5882641289536,92.25787170074743,0,0,1,1,1,0,0,1,0,0,0,0,1,0,0,0,1,0,0,0,0,0,0,0,0,0,0,1,0
1,19.450163701158253,19.450163701158253,19.450163701158253,1,0,0,0,1,0,0,0,1,1,0,1,0,1,0,1,0,1,0,1,0,0,0,0,0,0,1,0,0
1,34.93409825006566,34.93409825006566,34.93409825006566,0,0,0,0,0,1,0,0,0,0,0,0,0,0,0,0,0,0,1,0,0,0,0,1,0,1,0,0,0
1,70.08444925658544,70.08444925658544,70.08444925658544,1,0,0,0,1,0,0,1,0,0,0,0,0,0,0,0,0,0,0,0,0,0,0,1,0,1,0,0,0
17,30.758897484121654,482.1094739072106,29.13375915285451,0,0,0,0,0,0,0,0,0,0,0,0,0,0,0,0,0,0,0,0,0,0,0,1,0,1,0,0,0
1,75.60408751204986,75.60408751204986,75.60408751204986,1,0,0,0,1,0,0,1,0,0,0,0,0,0,0,0,0,0,0,0,0,0,0,1,0,1,0,0,0
7,85.32262685494736,586.516394486303,82.12218239742458,0,0,1,0,1,0,0,1,0,0,0,0,0,0,0,0,0,0,1,0,0,0,0,1,0,0,0,0,0
1,45.59683533928952,45.59683533928952,45.59683533928952,0,0,0,0,1,0,0,0,0,0,0,0,0,0,0,0,0,0,0,0,0,0,0,1,0,1,0,0,0
41,34.284696581558975,1445.6866824113467,34.93611927929138,0,0,1,0,0,1,0,0,0,0,0,0,1,0,0,0,0,0,0,0,0,0,0,0,0,0,0,0,1
32,96.01998645808148,3025.7506770959267,93.48647645302178,1,0,0,0,1,0,0,1,0,0,0,0,0,0,0,0,0,0,1,0,1,0,0,1,0,0,0,1,0
33,95.73449458837538,3200.4148865763555,96.52864079696324,1,0,1,1,1,0,0,0,0,0,1,0,0,0,0,0,0,0,1,0,1,0,0,0,1,0,0,0,0
34,66.03192104800863,2073.459401790523,63.62849699621915,0,0,0,0,0,0,0,0,0,0,0,0,0,0,0,0,0,0,1,0,0,0,0,1,0,0,0,0,0
51,86.84513616008537,4516.888298032571,87.02131705910696,0,0,0,0,1,0,1,1,0,0,0,0,0,0,0,0,0,0,0,0,0,0,0,0,0,0,0,0,1
20,44.65552081154333,877.5401270179322,44.24070701692605,1,0,0,0,0,0,0,0,0,0,1,0,0,0,0,0,0,0,0,0,0,0,0,0,0,0,0,1,0
65,104.25458833094692,6894.391597546835,105.2349346305082,0,0,0,0,1,0,1,1,0,0,0,0,1,0,0,0,0,0,1,0,0,0,0,1,1,0,0,0,1
3,19.79191152105409,58.26323870524274,19.421079568414246,0,0,0,0,1,0,0,0,1,1,0,1,0,1,0,1,0,1,0,1,0,0,0,0,0,0,0,0,0
31,93.53965367728209,2871.83701581397,92.36874644762163,0,0,1,0,1,0,1,1,0,0,0,0,0,0,0,0,0,0,1,0,0,0,0,0,0,0,0,1,0
54,104.6849528415394,5639.341055835796,103.91162286732708,1,0,0,0,1,0,0,1,0,0,0,0,1,0,0,0,0,0,1,0,1,1,0,0,1,0,0,0,1
15,72.2329138348131,1147.3068789637593,72.81902221002201,0,0,0,0,1,0,0,1,0,0,0,0,0,0,0,0,0,0,0,0,0,0,0,1,0,0,0,1,0
7,81.84992684219313,586.3946447609623,83.77066353728031,0,0,0,0,1,0,0,1,0,0,0,0,0,0,0,0,0,0,1,0,0,0,0,1,0,1,0,0,0
2,80.17180062531703,188.4055176554005,94.20275882770025,0,0,0,0,1,0,0,1,0,0,0,0,0,0,0,0,0,0,0,0,0,0,0,1,0,1,0,0,0
54,98.58164780993849,5282.572192360314,96.46893568098558,1,0,0,0,1,0,1,1,0,0,0,0,0,0,0,0,0,0,1,0,1,0,0,1,0,1,0,0,1
4,80.19742007585354,377.6502879342092,77.87653035073907,0,1,0,0,1,0,0,1,0,0,0,0,0,0,0,0,0,0,0,0,1,0,0,0,0,1,0,0,0
51,84.87585590269447,4352.323039336807,84.35839034296832,0,0,1,0,1,0,0,1,0,0,0,0,0,0,0,0,0,0,1,0,0,0,0,0,0,1,0,0,1
50,95.00635949093186,4838.384166065542,95.05889295401643,1,0,0,0,1,0,1,1,0,0,0,0,1,0,0,0,0,0,1,0,0,0,0,1,0,0,0,0,1
7,82.860817517436,546.6341150707136,78.09058786724479,1,1,0,0,1,0,1,1,0,0,0,0,0,0,0,0,0,0,0,0,0,0,0,0,0,0,0,0,0
35,88.45093093444788,3192.330317200896,89.62463838507564,1,0,1,1,1,0,0,0,0,0,1,0,0,0,0,0,0,0,1,0,1,0,0,0,1,0,0,0,0
50,99.31659026328913,5034.037275796627,100.71753820593645,0,0,1,0,1,0,1,1,0,0,1,0,0,0,0,0,0,0,0,0,1,0,0,0,0,0,0,0,1
5,85.13070654587237,408.17507347662604,81.63501469532521,0,0,0,0,1,0,0,1,0,0,0,0,0,0,0,0,0,0,0,0,0,0,0,1,0,0,0,0,0
1,81.7888136878558,81.7888136878558,81.7888136878558,0,0,0,0,1,0,0,1,0,0,0,0,0,0,0,0,0,0,0,0,0,0,0,1,0,1,0,0,0
1,82.21956064597083,82.21956064597083,82.21956064597083,0,0,0,0,1,0,0,1,0,0,0,0,0,0,0,0,0,0,0,0,0,0,0,1,0,1,0,0,0
1,69.73289934016651,69.73289934016651,69.73289934016651,1,0,0,0,1,0,0,1,0,0,0,0,0,0,0,0,0,0,0,0,0,0,0,1,0,1,0,0,0
49,65.68842481699049,3218.094020424584,65.94224511653547,1,0,0,0,1,0,0,0,0,0,1,0,0,0,0,0,0,0,0,0,0,0,0,1,0,1,0,0,1
50,100.38433914436605,5033.897837543367,100.11182646064957,1,0,0,0,1,0,1,1,0,0,0,0,0,0,1,0,0,0,0,0,1,0,0,0,0,0,0,0,1
60,104.26886807404013,6388.682705114476,104.91860869870754,0,0,0,0,1,0,1,1,0,0,0,0,0,0,0,0,0,0,0,0,1,0,0,1,0,0,0,0,1
18,87.14782834458715,1620.718419373704,87.52322133418593,0,0,0,0,1,0,1,0,0,0,1,0,1,0,0,0,0,0,1,0,0,0,0,0,0,0,0,1,0
4,89.38693909130917,366.57635177691657,91.64408794422914,0,0,0,0,1,0,0,1,0,0,0,0,0,0,0,0,0,0,1,0,0,0,0,0,0,0,0,0,0
3,74.56888200897522,229.08203540532745,76.36067846844249,0,0,1,0,1,0,1,1,0,0,0,0,0,0,0,0,0,0,0,0,0,0,0,1,1,0,0,0,0
47,37.47429724823391,1327.5983550906635,35.61641348062547,1,0,1,0,1,0,0,0,0,0,0,0,0,0,0,0,0,0,0,0,0,0,0,0,0,0,0,0,0
4,49.46752732266903,204.8356154242659,51.20890385606648,0,0,0,0,1,0,0,0,0,0,0,0,0,0,0,0,0,0,0,0,0,0,0,0,0,0,1,0,0
4,74.8977132854682,307.42768994639283,76.85692248659821,1,0,1,0,1,0,1,1,0,0,0,0,0,0,0,0,0,0,0,0,0,0,0,0,0,1,0,0,0
25,89.89999529736262,2184.992917269435,87.39971669077741,0,0,0,0,1,0,0,1,0,0,0,0,0,0,0,0,0,0,0,0,1,0,0,1,0,1,0,1,0
25,89.6056492223225,2178.7421086253644,86.67883919699834,1,0,0,1,1,0,0,1,0,0,0,0,0,0,0,0,0,0,0,0,0,0,0,1,0,1,0,1,0
5,21.01391183041423,113.6755738470021,22.735114769400422,0,0,0,0,1,0,0,0,1,1,0,1,0,1,0,1,0,1,0,1,0,0,0,0,0,0,0,0,0
3,96.70058835522016,293.1929916240503,97.73099720801677,0,0,0,0,1,0,0,1,0,0,0,0,0,0,0,0,0,0,1,0,1,0,0,1,0,1,0,0,0
5,70.40780516426234,326.0586114511904,65.21172229023809,0,0,0,0,1,0,0,1,0,0,0,0,0,0,0,0,0,0,0,0,0,0,0,1,0,1,0,0,0
4,90.45144562118534,367.3663782777428,91.8415945694357,0,0,0,0,1,0,0,1,0,0,0,0,0,0,0,0,0,0,1,0,0,0,0,1,0,1,0,0,0
50,107.61956841140179,5616.4342903340785,110.63891116910193,0,0,0,0,1,0,1,1,0,0,1,0,0,0,0,0,0,0,1,0,1,1,0,0,0,0,0,0,1
48,109.0154331132215,5286.807401320671,109.57729391011357,0,0,1,0,1,0,1,1,0,0,0,0,0,0,1,0,1,0,1,0,1,0,0,1,0,0,0,0,1
16,48.27926940858646,809.7562121866558,48.82589014358421,0,0,1,0,0,1,0,0,0,0,0,0,0,0,0,0,0,0,0,0,0,0,0,0,0,0,0,1,0
3,75.72507319595799,229.012463402021,76.33748780067367,0,0,0,0,1,0,1,1,0,0,0,0,0,0,0,0,0,0,0,0,0,0,0,1,0,0,0,0,0
39,82.12815566549568,3271.4308418955525,83.50752809037527,0,0,0,0,1,0,0,1,0,0,0,0,0,0,0,0,0,0,0,0,0,0,0,0,0,0,0,0,1
24,102.04187242278859,2500.3325103088455,103.32528276365579,0,1,0,0,1,0,0,1,0,0,0,0,1,0,1,0,0,0,1,0,1,0,0,1,0,0,0,1,0
13,33.03609581948323,438.9417364035149,32.70453587426287,0,0,0,0,0,1,0,0,0,0,0,0,0,0,0,0,0,0,0,0,0,0,0,1,0,1,0,0,0
45,104.67419275474575,4824.523380752218,106.45302125055719,0,0,1,0,1,0,1,1,0,0,0,0,0,0,0,0,0,0,1,0,1,0,0,1,0,0,0,0,1
18,90.7688746690253,1776.053579902951,94.62219148878681,0,0,0,0,1,0,1,1,0,0,0,0,0,0,0,0,0,0,1,0,0,0,0,1,0,0,0,1,0
2,20.90649993312651,58.30448116361957,21.48415948320901,0,0,0,0,0,0,0,0,0,0,0,0,0,0,0,0,0,0,0,0,0,0,0,0,0,1,0,0,0
4,94.53222463802956,388.3207612175838,97.08019030439596,0,0,0,0,1,0,0,1,0,0,0,0,0,0,0,0,0,0,0,0,1,0,0,1,0,0,0,0,0
44,69.44963881395793,2934.0253641519857,70.18530260658723,0,0,0,0,1,0,1,0,0,0,0,0,0,0,0,0,0,0,0,0,0,0,0,1,1,0,0,0,0
48,88.21452203439968,4143.944021227856,85.83082401115763,1,0,1,0,1,0,1,1,0,0,0,0,1,0,1,0,0,0,0,0,0,0,0,1,0,1,0,0,1
16,64.70931081834853,1093.1057171691614,64.30941116050114,0,0,0,0,1,0,0,0,0,0,0,0,0,0,0,0,0,0,0,0,0,0,0,1,0,0,0,1,0
7,94.78406512781841,671.5221622163314,95.9317374594759,0,0,0,0,1,0,0,1,0,0,0,0,0,0,0,0,0,0,0,0,1,0,0,1,0,0,0,0,0
17,40.56405786357331,669.4040788483996,39.387281256978724,0,0,1,0,0,1,0,0,0,0,0,0,0,0,0,0,0,0,1,0,0,0,0,0,0,1,0,1,0
1,19.99316776622733,19.99316776622733,19.99316776622733,0,0,0,0,1,0,0,0,1,1,0,1,0,1,0,1,0,1,0,1,0,0,0,1,0,0,1,0,0
10,22.30998853077794,216.53559978783727,21.57423726418876,1,1,0,0,0,0,0,0,0,0,0,0,0,0,0,0,0,0,0,0,0,0,0,0,0,0,0,0,0
20,103.91898319370895,2238.3423823201497,109.09021947973737,0,0,1,0,1,0,0,1,0,0,0,0,0,0,1,0,0,0,1,0,1,0,0,1,0,0,0,1,0
5,87.17079145672658,476.12913842430396,95.22582768486079,0,0,0,0,1,0,0,1,0,0,0,0,0,0,0,0,0,0,1,0,0,0,0,1,0,1,0,0,0
28,21.441218875478782,668.5817027913934,23.906583012940388,0,0,0,0,1,0,0,0,1,1,0,1,0,1,0,1,0,1,0,1,0,0,0,0,0,0,0,1,0
5,69.80775812117312,347.6719519261453,69.53439038522906,0,0,0,0,1,0,0,0,0,0,0,0,0,0,1,0,0,0,1,0,0,0,0,0,0,0,0,0,0
1,38.37701068044404,38.37701068044404,38.37701068044404,0,1,0,0,0,1,0,0,0,0,0,0,0,0,0,0,0,0,1,0,0,0,0,0,0,1,0,0,0
30,78.86532253839209,2363.7827589684107,78.40505993444593,1,0,1,0,1,0,0,1,0,0,0,0,0,0,0,0,0,0,0,0,0,0,0,1,0,0,0,1,0
5,69.6305616309816,418.1476275499806,70.24155002368981,0,0,0,0,1,0,0,1,0,0,0,0,0,0,0,0,0,0,0,0,0,0,0,1,0,0,0,0,0
11,90.74072020207146,1090.768029698979,93.27958716861534,0,0,0,0,1,0,0,1,0,0,0,0,0,0,0,0,0,0,0,0,1,0,0,1,0,1,0,0,0
66,80.52924590637943,5256.642706849618,79.6461016189336,0,1,0,0,1,0,1,0,0,0,0,0,1,0,0,0,0,0,0,0,0,0,0,1,0,0,0,0,1
20,105.38561402535188,2243.115033810836,110.87758457936748,0,0,1,0,1,0,1,1,0,0,0,0,0,0,1,0,0,0,1,0,1,0,0,1,0,0,0,1,0
5,94.63770916864728,497.59181176293055,99.51836235258611,1,0,0,0,1,0,0,1,0,0,0,0,0,0,1,0,0,0,1,0,1,0,0,0,0,0,0,0,0
1,45.51277237830629,45.51277237830629,45.51277237830629,0,0,0,0,1,0,0,0,0,0,0,0,0,0,0,0,0,0,0,0,0,0,0,1,0,0,1,0,0
5,78.27812700599308,364.23156183986345,72.8463123679727,0,0,0,0,1,0,1,1,0,0,0,0,0,0,0,0,0,0,0,0,0,0,0,1,0,0,0,0,0
9,71.00854757539673,654.189293765396,72.68769930726621,0,0,0,1,1,0,0,0,0,0,0,0,0,0,1,0,1,0,0,0,0,0,0,0,0,0,1,0,0
60,105.9845507795995,6434.455575429978,107.2409262571663,0,0,0,0,1,0,1,1,0,0,0,0,0,0,1,0,0,0,1,0,1,0,0,1,0,1,0,0,1
1,32.98233893623517,32.98233893623517,32.98233893623517,0,0,0,0,0,1,0,0,0,0,0,0,0,0,0,0,0,0,0,0,0,0,0,1,0,0,0,0,0
1,69.42199408564842,69.42199408564842,69.42199408564842,0,1,0,0,1,0,0,1,0,0,0,0,0,0,0,0,0,0,0,0,0,0,0,1,0,1,0,0,0
7,85.35617861890668,647.9786500664694,87.89218269009625,0,0,0,0,1,0,1,1,0,0,0,0,0,0,0,0,0,0,0,0,1,0,0,1,0,1,0,0,0
1,71.55004422967495,71.55004422967495,71.55004422967495,1,0,0,0,1,0,0,1,0,0,0,0,0,0,0,0,0,0,0,0,0,0,0,1,0,0,0,0,0
1,19.584582665887694,19.584582665887694,19.584582665887694,1,0,0,0,1,0,0,0,1,1,0,1,0,1,0,1,0,1,0,1,0,0,0,0,0,0,1,0,0
54,104.52690526937528,5640.780715808126,104.45890214459492,0,0,0,0,1,0,0,1,0,0,1,0,0,0,0,0,0,0,1,0,1,1,0,1,0,0,0,0,1
10,99.32755305227404,1053.6390186036617,97.4122455094475,0,0,1,0,1,0,1,1,0,0,0,0,0,0,1,0,0,0,1,0,1,0,0,1,0,1,0,0,0
10,85.35746647480013,830.8243937455031,83.08243937455032,0,0,0,0,1,0,1,1,0,0,0,0,0,0,0,0,0,0,0,0,0,0,0,0,0,0,0,0,0
49,107.8388075449723,5292.74152152105,107.71129351197223,0,0,1,0,1,0,1,1,0,0,0,0,1,0,1,0,0,0,1,0,1,0,0,1,0,0,0,0,1
42,103.6746796291321,4420.259670057334,103.82731634350733,0,0,0,0,1,0,1,1,0,0,0,0,1,0,1,0,0,0,1,0,1,0,0,1,0,1,0,0,1
1,35.06277364413716,35.06277364413716,35.06277364413716,0,0,0,0,0,1,0,0,0,0,0,0,0,0,0,0,0,0,0,0,0,0,0,1,0,0,0,0,0
52,104.72289569051524,5529.782195300318,105.48120287496643,0,0,0,0,1,0,1,1,0,0,0,0,0,0,0,0,0,0,1,0,1,0,0,1,0,1,0,0,1
37,75.40241675217578,2770.8009044207884,75.28191020120174,0,0,0,0,1,0,0,0,0,0,0,0,0,0,0,0,0,0,0,0,1,0,0,0,0,0,0,0,0
1,70.94022742725352,70.94022742725352,70.94022742725352,0,0,0,0,1,0,0,1,0,0,0,0,0,0,0,0,0,0,0,0,0,0,0,0,0,0,1,0,0
16,94.59554749876516,1537.1463138448871,93.18600213367878,0,0,1,0,1,0,0,1,0,0,0,0,0,0,0,0,0,0,1,0,0,0,0,1,0,1,0,1,0
25,84.27366057314298,2057.0596337515885,80.68555250427579,1,0,0,0,1,0,1,1,0,0,0,0,0,0,0,0,0,0,0,0,0,0,0,1,0,1,0,1,0
21,104.98711733242094,2250.1635327917475,106.11348514445164,1,0,0,0,1,0,1,1,0,0,0,0,0,0,0,0,0,0,0,0,1,0,0,1,0,1,0,1,0
32,25.02891002274179,740.0573647090392,22.997644895435297,0,0,0,0,0,0,0,0,0,0,0,0,0,0,0,0,0,0,0,0,0,0,0,1,0,0,0,1,0
45,91.51274697684507,4261.40325961665,95.1598816828648,1,0,0,0,1,0,1,1,0,0,0,0,0,0,1,0,0,0,0,0,0,0,0,0,0,0,0,0,1
17,69.56182138675166,1146.756619858229,67.4562717563664,0,0,0,0,1,0,0,1,0,0,0,0,0,0,0,0,0,0,0,0,0,0,0,1,0,1,0,1,0
2,20.644302926353433,57.86052471096453,20.79720569413154,1,0,0,0,0,0,0,0,0,0,0,0,0,0,0,0,0,0,0,0,0,0,0,1,0,0,0,0,0
1,19.466067958471186,19.466067958471186,19.466067958471186,1,0,0,0,1,0,0,0,1,1,0,1,0,1,0,1,0,1,0,1,0,0,0,0,0,0,1,0,0
4,45.38115790188041,197.05113523157405,49.26278380789351,0,0,0,0,0,0,0,0,0,0,0,0,0,0,0,0,0,0,0,0,0,0,0,1,0,0,0,0,0
1,45.677548061603495,45.677548061603495,45.677548061603495,1,0,0,0,1,0,0,0,0,0,0,0,0,0,0,0,0,0,0,0,0,0,0,1,0,0,0,0,0
44,83.78406943371968,3609.735840433968,82.41161910891788,1,0,1,0,1,0,0,1,0,0,0,0,0,0,0,0,0,0,0,0,0,0,0,1,0,1,0,0,1
26,80.22215950930251,2087.795308939889,80.01786954172634,1,0,0,0,1,0,0,1,0,0,0,0,0,0,0,0,0,0,0,0,0,0,0,1,0,0,0,1,0
57,94.81939406979082,5446.088084515804,94.60034958044533,1,0,0,0,1,0,0,1,0,0,0,0,1,0,1,0,0,0,1,0,0,1,0,0,0,0,0,0,1
15,87.83753960011971,1388.8758881506606,91.95232123549732,0,0,1,0,1,0,0,1,0,0,0,0,0,0,0,0,0,0,0,0,1,0,0,0,0,0,0,1,0
30,88.70364417505945,2767.432827849816,89.97776843061182,0,0,0,0,1,0,1,1,0,0,0,0,0,0,0,0,0,0,0,0,0,0,0,0,0,0,0,1,0
2,85.05553856179073,182.49314925050066,91.24657462525033,0,0,0,0,1,0,0,1,0,0,0,0,1,0,0,0,0,0,0,0,0,0,0,1,0,1,0,0,0
11,97.35553625648818,1107.98509115029,100.72591737729908,0,0,0,0,1,0,0,1,0,0,0,0,0,0,0,0,0,0,1,0,1,0,0,1,0,0,0,0,0
2,59.81131107734984,93.23985724592835,46.619928622964174,0,0,0,0,1,0,0,0,0,0,0,0,0,0,0,0,0,0,0,0,0,0,0,0,0,0,0,0,0
2,44.84819277972131,80.63934940069967,40.319674700349836,0,0,0,0,1,0,0,0,0,0,0,0,0,0,0,0,0,0,0,0,0,0,0,0,0,0,0,0,0
1,85.05486082498797,85.05486082498797,85.05486082498797,0,0,0,0,1,0,0,1,0,0,0,0,0,0,0,0,0,0,1,0,0,0,0,1,0,1,0,0,0
6,53.91677155312136,326.00707397306206,52.3685595855966,1,0,1,1,1,0,0,0,0,0,0,0,0,0,0,0,0,0,0,0,0,0,0,1,0,0,0,0,0
2,72.81707227604294,131.50802498331691,65.75401249165846,1,0,0,0,1,0,0,1,0,0,0,0,0,0,0,0,0,0,0,0,0,0,0,1,1,0,0,0,0
13,66.90063130121064,921.4649930419496,67.02623396134476,0,0,0,0,1,0,0,0,0,0,0,0,0,0,0,0,0,0,0,0,0,0,0,1,0,0,0,1,0
5,96.01428668394136,493.8649799532319,98.77299599064638,1,0,0,0,1,0,0,1,0,0,0,0,0,0,1,0,0,0,1,0,1,0,0,0,0,0,0,0,0
2,59.807882252727666,116.70309599294991,58.351547996474956,1,0,0,0,1,0,0,0,0,0,0,0,0,0,0,0,0,0,0,0,0,0,0,0,0,0,0,0,0
1,49.19407063258305,49.19407063258305,49.19407063258305,0,0,0,0,1,0,0,0,0,0,0,0,0,0,0,0,0,0,0,0,0,0,0,1,0,0,0,0,0
1,20.007085528278832,20.007085528278832,20.007085528278832,1,0,0,0,1,0,0,0,1,1,0,1,0,1,0,1,0,1,0,1,0,0,0,0,0,0,1,0,0
15,77.8559584710248,1211.8422616475407,77.18426536492429,0,0,1,0,1,0,0,1,0,0,0,0,0,0,0,0,0,0,0,0,0,0,0,1,0,0,0,1,0
39,102.51376257799267,3995.932100229891,101.55116277933185,0,0,0,0,1,0,1,1,0,0,0,0,1,0,0,0,0,0,1,0,0,0,0,1,0,0,0,0,1
5,80.61340883988588,415.5643666141635,83.11287332283268,1,0,0,0,1,0,0,1,0,0,0,0,0,0,0,0,0,0,0,0,0,0,0,1,0,1,0,0,0
21,93.5141488841342,1977.2214858524962,93.40619759225626,0,0,0,0,1,0,1,1,0,0,0,0,0,0,0,0,0,0,1,0,0,0,0,1,0,1,0,1,0
40,82.25255859357591,3315.197630011862,81.81568728810787,0,0,1,1,1,0,1,0,0,0,0,0,0,0,1,0,1,0,0,0,0,0,0,0,0,0,0,0,1
1,94.66970713779807,94.66970713779807,94.66970713779807,0,0,0,0,1,0,0,1,0,0,0,0,0,0,0,0,0,0,1,0,1,0,0,0,0,1,0,0,0
1,95.36557439998847,95.36557439998847,95.36557439998847,0,0,0,0,1,0,0,1,0,0,0,0,0,0,0,0,0,0,1,0,1,0,0,1,0,1,0,0,0
4,49.765768463298905,198.51187190865073,49.62796797716268,0,0,0,0,1,0,0,0,0,0,0,0,0,0,0,0,0,0,0,0,0,0,0,0,0,0,0,0,0
58,19.67361662627168,1100.5542927490987,18.94947745756982,0,0,0,0,0,0,0,0,0,0,0,0,0,0,0,0,0,0,0,0,0,0,0,0,0,0,0,0,1
9,94.86925383771293,890.8984344845506,98.60434416251846,1,0,0,0,1,0,0,1,0,0,0,0,0,0,0,0,0,0,1,0,0,0,0,1,0,0,0,0,0
8,74.5,607.6626425125522,75.95783031406903,1,0,0,0,1,0,0,1,0,0,0,0,0,0,0,0,0,0,0,0,0,0,0,1,0,1,0,0,0
38,51.03387837702295,2011.3432243245954,51.96644021581169,0,0,0,0,0,0,0,0,0,0,0,0,0,0,0,0,0,0,1,0,0,0,0,0,0,0,0,0,0
3,54.8725726648289,168.32164026842642,56.10721342280881,0,0,0,0,1,0,0,0,0,0,0,0,0,0,0,0,0,0,0,0,0,0,0,0,0,0,0,0,0
69,106.10637695769758,7480.994068114948,107.81409918558339,0,0,1,0,1,0,0,1,0,0,0,0,1,0,1,0,0,0,1,0,1,0,0,1,0,0,0,0,1
1,19.566075001585368,19.566075001585368,19.566075001585368,1,0,0,0,1,0,0,0,1,1,0,1,0,1,0,1,0,1,0,1,0,0,0,0,0,0,1,0,0
1,69.75877485012879,69.75877485012879,69.75877485012879,0,0,0,0,1,0,0,1,0,0,0,0,0,0,0,0,0,0,0,0,0,0,0,1,0,1,0,0,0
6,85.78412820465387,524.6391807373827,87.43986345623047,1,0,0,0,1,0,0,1,0,0,0,0,1,0,0,0,0,0,0,0,0,0,0,1,0,1,0,0,0
9,85.47192185581896,855.1837552183805,86.01922614405804,0,0,1,0,1,0,0,1,0,0,0,0,0,0,0,0,0,0,0,0,1,0,0,0,0,1,0,0,0
21,82.45938763818879,1852.0497430679873,87.73278876461205,0,0,0,0,1,0,0,1,0,0,0,0,1,0,0,0,0,0,0,0,0,0,0,0,0,1,0,1,0
8,81.22871777323651,658.2231769208967,75.49028547844668,1,0,0,0,1,0,1,1,0,0,0,0,0,0,0,0,0,0,0,0,0,0,0,1,0,0,0,0,0
32,67.5056318951867,2272.2224658406544,70.01732843622082,0,0,1,0,1,0,1,0,0,0,0,0,1,0,0,0,0,0,0,0,0,0,0,0,0,0,0,1,0
1,20.612646416842253,20.612646416842253,20.612646416842253,0,0,0,0,1,0,0,0,1,1,0,1,0,1,0,1,0,1,0,1,0,0,0,0,0,0,1,0,0
21,96.36032384535245,2030.7818117861345,96.13344739412416,1,0,0,0,1,0,0,1,0,0,0,0,0,0,0,0,0,0,0,0,1,0,0,1,0,0,0,1,0
42,94.19485775203216,4185.976038378026,99.57762819385856,0,0,0,0,1,0,1,1,0,0,0,0,0,0,0,0,0,0,0,0,1,0,0,1,0,1,0,0,1
26,84.96050212405214,2294.649992825108,86.06318213934313,1,1,0,0,1,0,1,1,0,0,0,0,0,0,0,0,0,0,0,0,0,0,0,1,0,1,0,1,0
22,96.68877532713526,2300.5032151799514,101.36705089071567,0,0,0,0,1,0,0,1,0,0,0,0,0,0,0,0,0,0,1,0,1,0,0,1,0,0,0,1,0
61,102.18747647887109,6282.601975650758,101.95895750864544,0,0,1,0,1,0,0,1,0,0,0,0,1,0,1,0,0,0,1,0,1,0,0,1,0,1,0,0,1
11,76.48466871143464,837.8288333645642,76.16625757859674,0,0,0,0,1,0,1,1,0,0,0,0,0,0,0,0,0,0,0,0,0,0,0,1,0,1,0,0,0
3,79.82203014105907,258.0463031627619,86.01543438758729,1,0,0,0,1,0,0,1,0,0,0,0,0,0,0,0,0,0,0,0,0,0,0,1,0,0,0,0,0
2,72.4678536917249,142.09594654120716,71.04797327060358,0,0,0,0,1,0,0,1,0,0,0,0,0,0,0,0,0,0,0,0,0,0,0,1,0,1,0,0,0
55,95.64198498449299,5124.5960530298535,92.8939113786972,1,0,0,0,1,0,1,1,0,0,0,0,1,0,0,0,1,0,0,0,1,0,0,1,0,1,0,0,1
2,27.640369098780862,57.54555496866809,28.772777484334046,0,0,0,0,0,1,0,0,0,0,0,0,0,0,0,0,0,0,0,0,0,0,0,1,0,1,0,0,0
3,83.00678076928712,271.8084272106477,90.60280907021591,0,0,0,0,1,0,0,1,0,0,0,0,0,0,0,0,0,0,0,0,0,0,0,0,0,0,0,0,0
5,84.02923337772205,408.09743906971624,81.61948781394325,0,0,0,0,1,0,0,1,0,0,0,0,0,0,0,0,0,0,0,0,0,0,0,1,0,0,0,0,0
14,59.73318323674895,939.3526007595368,63.36210428614209,1,0,0,0,1,0,0,0,0,0,0,0,1,0,0,0,0,0,0,0,0,0,0,1,0,0,0,1,0
19,77.86455233727438,1329.0677432527314,74.67284268397646,1,0,1,0,1,0,0,0,0,0,0,0,0,0,0,0,0,0,0,0,0,0,0,0,0,0,0,0,0
1,78.76143984320312,78.76143984320312,78.76143984320312,0,0,0,0,1,0,0,1,0,0,0,0,0,0,0,0,0,0,0,0,1,0,0,0,0,1,0,0,0
1,91.01762901919905,91.01762901919905,91.01762901919905,0,0,0,0,1,0,0,1,0,0,0,0,0,0,0,0,0,0,1,0,1,0,0,1,0,1,0,0,0
3,76.76800793339426,228.4820748535673,76.16069161785578,1,0,0,0,1,0,1,1,0,0,0,0,0,0,0,0,0,0,0,0,0,0,0,1,0,1,0,0,0
13,30.382468624556395,346.0261924783534,26.325488164882675,0,0,0,0,0,0,0,0,0,0,0,0,0,0,0,0,0,0,0,0,0,0,0,0,0,0,0,1,0
2,49.41847210562227,107.30273830410773,53.65136915205387,0,0,0,0,1,0,0,0,0,0,0,0,0,0,0,0,0,0,0,0,0,0,0,1,0,0,0,0,0
10,84.83022965739802,832.0058160233642,81.96048424410588,0,0,0,0,1,0,1,1,0,0,0,0,0,0,0,0,0,0,0,0,0,0,0,0,0,1,0,0,0
1,69.46071807488097,69.46071807488097,69.46071807488097,0,0,0,0,1,0,0,1,0,0,0,0,0,0,0,0,0,0,0,0,0,0,0,0,0,0,1,0,0
24,101.75374544550232,2496.775236135503,102.82794459809409,0,1,0,0,1,0,1,1,0,0,0,0,1,0,0,0,0,0,0,0,1,0,0,1,0,0,0,1,0
21,101.66444764271027,2317.1,105.48283596653788,1,0,0,0,1,0,1,1,0,0,0,0,0,0,0,0,0,0,1,0,1,0,0,1,0,0,0,1,0
1,35.27131418909659,35.27131418909659,35.27131418909659,0,0,0,0,0,1,0,0,0,0,0,0,0,0,0,0,0,0,0,0,1,0,0,0,0,0,0,0,0
59,73.98646060064375,4469.540314605999,75.55320964708686,0,0,0,0,1,0,0,0,0,0,0,0,0,0,0,0,0,0,0,0,0,0,0,1,0,0,0,0,1
30,82.27326892644325,2479.2761231781774,80.99990083516175,0,1,0,0,1,0,0,1,0,0,0,0,0,0,0,0,0,0,0,0,1,0,0,0,1,0,0,1,0
4,47.633899053369746,187.531885678691,46.88297141967275,0,0,0,0,1,0,0,0,0,0,0,0,0,0,0,0,0,0,0,0,0,0,0,0,0,0,0,0,0
32,68.44255038336692,2082.34392378841,66.72861357461693,0,0,0,0,0,0,0,0,0,0,1,0,0,0,0,0,0,0,0,0,0,0,0,1,0,0,0,0,0
69,108.75914515968098,7507.242831409099,107.70899416762785,1,0,0,0,1,0,1,1,0,0,0,0,0,0,1,0,1,0,1,0,1,0,0,0,0,0,0,0,1
59,81.87685243221034,4662.230791783728,80.80874560934264,1,0,1,1,1,0,1,0,0,0,0,0,1,0,1,0,0,0,0,0,1,0,0,0,0,0,0,0,1
9,89.25877598290384,830.8047787824476,86.96903875008176,0,0,0,0,1,0,0,1,0,0,0,0,0,0,0,0,0,0,1,0,0,0,0,1,0,0,0,0,0
43,101.98818738378779,4528.564277327536,105.31544830994271,0,0,0,0,1,0,1,1,0,0,0,0,0,0,0,0,0,0,1,0,1,0,0,1,0,1,0,0,1
16,95.16177883353465,1558.945788356125,97.43411177225781,0,0,0,0,1,0,0,1,0,0,0,0,1,0,1,0,0,0,0,0,1,0,0,1,1,0,0,1,0
4,22.058250324000703,111.0924961018294,23.463627632535424,1,0,0,0,0,0,0,0,0,0,0,0,0,0,0,0,0,0,0,0,0,0,0,0,0,0,0,0,0
10,76.95596527777978,837.6219274220854,76.56805316850074,0,0,0,0,1,0,0,1,0,0,0,0,0,0,0,0,0,0,0,0,0,0,0,1,0,0,0,0,0
5,84.85309508299883,415.609150475089,83.1218300950178,0,0,0,0,1,0,0,1,0,0,0,0,0,0,1,0,0,0,0,0,0,0,0,1,0,0,0,0,0
1,59.10772143577901,59.10772143577901,59.10772143577901,0,0,0,0,1,0,0,0,0,0,1,0,0,0,0,0,0,0,0,0,0,0,0,1,0,1,0,0,0
1,20.05047146091298,20.05047146091298,20.05047146091298,1,0,0,0,1,0,0,0,1,1,0,1,0,1,0,1,0,1,0,1,0,0,0,0,0,0,1,0,0
6,23.47461878105751,134.90665644781933,22.351661259291767,0,0,0,0,0,0,0,0,0,0,0,0,0,0,0,0,0,0,0,0,0,0,0,0,0,0,0,0,0
24,91.28395630393601,2292.165775022318,94.89692316203674,0,1,0,0,1,0,0,1,0,0,0,0,1,0,0,0,0,0,1,0,0,0,0,1,0,1,0,1,0
1,70.73268803323444,70.73268803323444,70.73268803323444,0,0,0,0,1,0,0,1,0,0,0,0,0,0,0,0,0,0,0,0,0,0,0,0,0,0,1,0,0
1,25.158225139252735,25.158225139252735,25.158225139252735,0,0,0,0,0,1,0,0,0,0,0,0,0,0,0,0,0,0,0,0,0,0,0,0,0,0,0,0,0
1,19.613670105621434,19.613670105621434,19.613670105621434,1,0,0,0,1,0,0,0,1,1,0,1,0,1,0,1,0,1,0,1,0,0,0,0,0,0,1,0,0
38,95.46037622049515,3619.5399482008356,95.68404469643895,1,0,0,0,1,0,0,1,0,0,0,0,0,0,0,0,0,0,0,0,1,0,0,1,0,0,0,0,0
65,105.11585744604955,6884.979656957013,105.85005620727328,0,0,1,0,1,0,1,1,0,0,0,0,1,0,0,0,0,0,1,0,1,1,0,1,0,1,0,0,1
3,33.39412671066334,96.09037199521445,29.709923908352913,1,1,0,0,0,1,0,0,0,0,0,0,0,0,0,0,0,0,0,0,0,0,0,1,0,0,0,0,0
1,84.64046950834629,84.64046950834629,84.64046950834629,1,0,0,0,1,0,0,1,0,0,0,0,0,0,0,0,0,0,0,0,0,0,0,1,0,0,1,0,0
1,90.6053897372042,90.6053897372042,90.6053897372042,1,0,0,0,1,0,0,1,0,0,0,0,0,0,0,0,0,0,1,0,1,0,0,1,0,1,0,0,0
13,89.94079147773405,1205.886825129782,88.39258953564546,0,0,0,0,1,0,0,1,0,0,0,0,0,0,0,0,0,0,0,0,1,0,0,1,0,0,0,1,0
2,44.95651907109908,96.43620342505686,48.21810171252843,1,0,0,0,1,0,0,0,0,0,0,0,0,0,0,0,0,0,0,0,0,0,0,1,0,1,0,0,0
21,77.13862342890789,1687.0889429763952,78.69991159018485,0,1,0,0,1,0,1,1,0,0,0,0,0,0,0,0,0,0,0,0,0,0,0,1,0,0,0,1,0
48,115.95735588626474,5437.455312323654,112.23764115319729,0,0,0,0,1,0,0,1,0,0,0,0,1,0,1,0,1,0,1,0,1,0,0,0,0,0,0,0,1
37,78.21883050917718,3020.6850990473285,79.80639042438169,0,0,0,0,1,0,1,1,0,0,0,0,0,0,0,0,0,0,0,0,0,0,0,0,0,1,0,0,0
3,72.44990263645353,253.3047490328699,74.23429937195297,0,0,0,0,1,0,0,0,0,0,0,0,0,0,0,0,0,0,0,0,0,0,0,1,0,0,0,0,0
1,93.85234260980978,93.85234260980978,93.85234260980978,0,0,0,0,1,0,1,1,0,0,0,0,0,0,0,0,0,0,1,0,1,0,0,1,0,1,0,0,0
4,70.22751314541351,274.05124385808716,68.51281096452179,0,0,0,0,1,0,0,1,0,0,0,0,0,0,0,0,0,0,0,0,0,0,0,0,0,0,0,0,0
37,99.44502027557805,3740.3538211199625,99.2313327714249,0,0,0,0,1,0,1,1,0,0,0,0,0,0,0,0,1,0,0,0,1,0,0,1,0,1,0,0,1
1,69.3788245865715,69.3788245865715,69.3788245865715,0,0,0,0,1,0,0,1,0,0,0,0,0,0,0,0,0,0,0,0,0,0,0,1,0,1,0,0,0
13,102.19067071318995,1387.287986948703,105.55227626035021,0,0,0,0,1,0,0,1,0,0,0,0,0,0,0,0,0,0,1,0,1,0,0,0,0,0,0,0,0
25,98.57110876070433,2371.105069113486,94.2418335525736,0,0,0,0,1,0,0,1,0,0,0,0,1,0,1,0,0,0,0,0,1,0,0,1,0,1,0,1,0
1,59.69532600923278,59.69532600923278,59.69532600923278,0,0,0,0,1,0,0,0,0,0,0,0,0,0,0,0,0,0,0,0,1,0,0,1,0,1,0,0,0
51,85.89055205581508,4357.126790745251,85.31377567810273,0,0,1,0,1,0,0,1,0,0,0,0,0,0,0,0,0,0,1,0,0,0,0,0,0,1,0,0,1
1,69.22927609001417,69.22927609001417,69.22927609001417,0,0,0,0,1,0,0,1,0,0,0,0,0,0,0,0,0,0,0,0,0,0,0,1,0,1,0,0,0
48,56.75093595489592,2578.023375876726,58.32499524352965,1,0,0,0,0,0,0,0,0,0,0,0,0,0,0,0,0,0,1,0,1,0,0,1,0,0,0,0,0
19,73.90420186567364,1422.4898000643336,75.19198689727037,0,0,1,0,1,0,0,0,0,0,0,0,0,0,0,0,0,0,0,0,0,0,0,0,0,0,0,1,0
35,101.25771633580726,3622.5159442268673,102.52097618022815,0,0,0,0,1,0,0,1,0,0,0,0,1,0,0,0,0,0,1,0,1,0,0,1,0,0,0,1,0
1,45.57946647429284,45.57946647429284,45.57946647429284,0,0,0,0,1,0,0,0,0,0,0,0,0,0,0,0,0,0,0,0,0,0,0,1,0,1,0,0,0
15,54.38238450968203,758.6037594546872,50.57358396364582,0,0,0,0,1,0,1,0,0,0,0,0,0,0,0,0,0,0,0,0,0,0,0,0,0,0,0,1,0
36,59.53367107601995,2261.1598224715426,62.556619775616326,0,0,0,0,1,0,0,0,0,0,1,0,1,0,0,0,0,0,0,0,0,0,0,0,0,0,0,0,0
59,96.89619503765138,5723.414996023903,97.28382134192479,0,0,1,0,1,0,1,1,0,0,0,0,0,0,0,0,0,0,1,0,0,1,0,1,0,1,0,0,1
53,80.36879571070651,4369.9553207530935,81.5825531475228,0,1,0,0,1,0,1,1,0,0,0,0,1,0,0,0,0,0,0,0,0,0,0,1,0,1,0,0,1
51,49.036400164993765,2457.1735850548275,48.72311905666984,0,0,0,0,0,0,0,0,0,0,0,0,0,0,0,0,0,0,0,0,0,0,0,0,0,0,0,0,1
4,77.19639008809644,338.99868544110893,84.74967136027723,0,0,0,0,1,0,0,1,0,0,0,0,0,0,0,0,0,0,0,0,0,0,0,0,0,1,0,0,0
5,81.02810881745151,389.7578418210739,77.95156836421478,0,0,0,0,1,0,0,1,0,0,0,0,0,0,0,0,0,0,0,0,0,0,0,1,0,0,0,0,0
24,77.47975348611256,1771.4001002635382,73.29742924593457,1,0,0,0,1,0,0,1,0,0,0,0,0,0,0,0,0,0,0,0,0,0,0,0,0,0,0,1,0
1,19.910441315181515,19.910441315181515,19.910441315181515,1,0,0,0,1,0,0,0,1,1,0,1,0,1,0,1,0,1,0,1,0,0,0,0,0,0,1,0,0
18,74.11919975928133,1439.4652867917325,76.19669548268142,0,0,0,0,1,0,0,0,0,0,0,0,0,0,0,0,0,0,0,0,0,0,0,1,0,0,0,1,0
41,108.60422718943035,4522.093766138853,108.78324847502574,1,0,1,0,1,0,1,1,0,0,0,0,0,0,1,0,1,0,1,0,1,0,0,1,0,0,0,0,1
1,20.360805490549932,20.360805490549932,20.360805490549932,1,0,0,0,1,0,0,0,1,1,0,1,0,1,0,1,0,1,0,1,0,0,0,0,0,0,1,0,0
13,94.43090724098712,1232.3620063137262,94.79707740874817,0,0,1,0,1,0,0,1,0,0,0,0,0,0,0,0,0,0,1,0,1,0,0,0,0,1,0,1,0
70,93.81270428304781,6587.781886383351,92.92479493445289,0,0,0,0,1,0,0,1,0,0,0,0,0,0,0,0,0,0,1,0,1,0,0,0,0,0,0,0,1
68,107.50533809516124,7194.895763583744,105.47499704870407,1,0,0,0,1,0,0,1,0,0,0,0,1,0,1,0,1,0,1,0,1,1,0,0,0,0,0,0,1
4,45.67353196303169,190.4146369981442,47.60365924953605,0,0,0,0,1,0,0,0,0,0,0,0,0,0,0,0,0,0,0,0,0,0,0,0,0,0,0,0,0
1,71.24871184487547,71.24871184487547,71.24871184487547,0,0,0,0,1,0,0,1,0,0,0,0,0,0,0,0,0,0,0,0,0,0,0,0,0,0,1,0,0
19,70.05334345945305,1436.1254101993843,72.92039497377402,0,0,1,0,1,0,0,0,0,0,1,0,0,0,0,0,0,0,0,0,0,0,0,0,0,0,0,1,0
1,75.33702262158111,75.33702262158111,75.33702262158111,1,0,0,0,1,0,0,1,0,0,0,0,0,0,0,0,0,0,0,0,0,0,0,1,0,1,0,0,0
4,89.54210355607353,368.85826760331685,92.21456690082921,0,0,0,0,1,0,0,1,0,0,0,0,0,0,0,0,0,0,1,0,0,0,0,1,0,1,0,0,0
15,61.879691581053365,907.6859403253446,59.5258297832509,0,0,0,0,1,0,0,0,0,0,0,0,0,0,0,0,0,0,0,0,0,0,0,0,0,0,0,1,0
1,79.98097950266252,79.98097950266252,79.98097950266252,0,0,0,0,1,0,0,1,0,0,0,0,0,0,0,0,0,0,1,0,0,0,0,1,0,1,0,0,0
5,81.33322647702204,415.55,83.11,0,0,0,0,1,0,0,1,0,0,0,0,0,0,0,0,0,0,1,0,0,0,0,1,0,0,0,0,0
13,55.630951969100174,742.683285457461,55.02961562414639,0,0,0,0,1,0,0,0,0,0,0,0,0,0,0,0,0,0,0,0,0,0,0,1,0,1,0,0,0
5,88.28311259135216,464.4413079249979,92.88826158499958,0,0,0,0,1,0,0,1,0,0,0,0,0,0,0,0,1,0,0,0,0,0,0,1,0,1,0,0,0
13,80.69673708539474,1071.1734307639276,76.87117345923502,0,0,0,0,1,0,1,1,0,0,0,0,0,0,1,0,0,0,0,0,0,0,0,1,0,1,0,1,0
6,72.25445609528238,447.84546574059004,65.85309916030286,0,0,0,0,1,0,0,0,0,0,0,0,0,0,0,0,0,0,0,0,0,0,0,1,0,0,0,0,0
8,45.05024004026666,430.7378969438929,47.954494534550655,1,0,0,0,1,0,0,0,0,0,0,0,0,0,0,0,0,0,0,0,0,0,0,0,0,0,0,0,0
71,105.86602897490371,7543.9582501187415,106.25293310026396,1,0,0,0,1,0,1,1,0,0,1,0,0,0,0,0,0,0,1,0,1,0,0,1,0,0,0,0,1
29,98.43650761710907,2933.1333919921553,100.85565565403188,0,0,0,0,1,0,1,1,0,0,0,0,0,0,0,0,0,0,1,0,1,0,0,1,0,0,0,1,0
51,106.37599637526081,5286.709930259637,103.59098676674938,0,0,1,0,1,0,1,1,0,0,0,0,1,0,1,0,0,0,1,0,1,0,0,1,0,0,0,0,1
31,99.04324063583373,3158.9812255326015,103.24710163597813,0,1,0,0,1,0,1,1,0,0,0,0,0,0,0,0,0,0,1,0,0,0,0,1,0,1,0,0,0
48,116.11573753531214,5439.630068141055,112.18155929304419,0,0,1,0,1,0,0,1,0,0,0,0,1,0,1,0,0,0,1,0,0,0,0,0,0,1,0,0,1
1,30.48417042264212,30.48417042264212,30.48417042264212,0,0,1,1,0,1,0,0,0,0,0,0,0,0,0,0,0,0,0,0,0,0,0,0,0,0,0,0,0
3,79.122810130352,243.8492292654613,81.28307642182044,0,0,0,0,1,0,0,1,0,0,0,0,0,0,0,0,0,0,1,0,0,0,0,1,0,1,0,0,0
15,91.90752366753281,1449.0003254471233,91.37729661995535,1,0,0,0,1,0,1,1,0,0,0,0,0,0,0,0,0,0,0,0,0,0,0,0,0,0,0,1,0
1,69.9613260813018,69.9613260813018,69.9613260813018,1,0,0,0,1,0,0,1,0,0,0,0,0,0,0,0,0,0,0,0,0,0,0,0,0,1,0,0,0
32,90.43419492587441,2923.5606661906936,90.22371734428678,0,0,0,0,1,0,1,1,0,0,0,0,0,0,0,0,0,0,0,0,0,0,0,0,1,0,0,1,0
28,82.68022886783916,2383.49256889255,84.58539727554636,0,0,0,0,1,0,0,1,0,0,0,0,0,0,0,0,0,0,0,0,0,0,0,1,0,1,0,1,0
8,78.51249833372799,609.4432224827407,76.18040281034258,0,1,0,0,1,0,0,1,0,0,0,0,0,0,0,0,0,0,0,0,0,0,0,1,0,1,0,0,0
8,45.042237375905195,437.3223737590519,50.755309508974904,1,0,0,0,1,0,0,0,0,0,0,0,0,0,0,0,0,0,0,0,0,0,0,1,0,0,0,0,0
3,54.09131335967091,160.896832956543,53.632277652181,1,0,0,0,1,0,0,0,0,0,0,0,0,0,0,0,0,0,0,0,0,0,0,0,0,0,0,0,0
5,95.62100650870285,463.20343363827476,92.64068672765495,0,0,0,0,1,0,0,1,0,0,0,0,0,0,0,0,0,0,1,0,1,0,0,1,0,0,0,0,0
1,81.60784192272251,81.60784192272251,81.60784192272251,0,0,0,0,1,0,0,1,0,0,0,0,0,0,0,0,0,0,0,0,0,0,0,1,0,0,0,0,0
11,96.32442490693728,1111.7295136839837,95.5819704089602,0,0,0,0,1,0,0,1,0,0,0,0,0,0,1,0,0,0,1,0,1,0,0,0,0,0,0,0,0
42,101.58198574959178,4352.817308399096,103.53504431544877,0,0,0,0,1,0,1,1,0,0,0,0,0,0,0,0,0,0,1,0,1,0,0,1,0,1,0,0,1
70,112.2474309829656,7717.304008146436,109.65432488489444,0,0,1,0,1,0,1,1,0,0,0,0,1,0,1,0,0,0,1,0,1,0,1,1,0,0,0,0,1
2,86.65773077580359,183.01159616370538,91.50579808185269,0,0,0,0,1,0,0,1,0,0,0,0,0,0,0,0,0,0,1,0,0,0,0,1,0,0,0,0,0
23,82.03815544902939,1774.3719526431246,77.0373932575892,0,1,0,0,1,0,1,1,0,0,0,0,0,0,0,0,0,0,0,0,0,0,0,1,0,1,0,1,0
1,20.557655829062348,20.557655829062348,20.557655829062348,1,0,0,0,1,0,0,0,1,1,0,1,0,1,0,1,0,1,0,1,0,0,0,0,0,0,1,0,0
36,98.12329497471761,3467.3128664163905,94.92270370397617,0,0,0,0,1,0,1,1,0,0,0,0,0,0,0,0,0,0,1,0,0,0,0,0,0,0,0,0,0
1,78.7633858642979,78.7633858642979,78.7633858642979,0,1,0,0,1,0,0,1,0,0,0,0,0,0,0,0,0,0,1,0,0,0,0,0,0,1,0,0,0
39,95.79091205885732,3638.1670399942814,93.0144650184571,0,0,0,0,1,0,0,1,0,0,0,0,0,0,0,0,0,0,1,0,1,0,0,1,0,0,0,0,0
10,85.31637160893382,854.5146026276165,85.45146026276164,1,0,1,0,1,0,1,1,0,0,0,0,0,0,0,0,0,0,0,0,1,0,0,0,0,1,0,0,0
3,72.74508446900983,209.74756265318084,69.91585421772695,0,0,0,0,1,0,0,1,0,0,0,0,0,0,0,0,0,0,0,0,0,0,0,1,0,1,0,0,0
16,92.10865225249351,1574.3063043041702,93.71475278518281,0,0,0,0,1,0,0,1,0,0,0,0,0,0,0,0,0,0,0,0,0,0,0,0,0,0,0,1,0
14,98.41584569006258,1416.7052653495941,98.95372553252561,0,0,0,0,1,0,1,1,0,0,0,0,0,0,0,0,0,0,0,0,1,0,0,1,0,1,0,1,0
56,86.18061541244202,4633.407921311728,85.21112862827397,0,0,0,0,1,0,0,0,0,0,1,0,1,0,0,0,0,0,0,0,1,0,0,0,1,0,0,0,1
43,91.8437944308036,4074.779341696006,93.68298039485893,1,0,1,0,1,0,1,1,0,0,0,0,0,0,0,0,0,0,0,0,0,0,0,0,0,0,0,0,1
10,88.1925847784988,915.0885433162081,86.87414044295902,0,0,1,0,1,0,1,1,0,0,0,0,0,0,1,0,0,0,0,0,0,0,0,1,0,1,0,0,0
3,75.13106493693088,229.13242408738526,76.37747469579509,0,0,1,0,1,0,0,1,0,0,0,0,0,0,0,0,0,0,0,0,0,0,0,1,0,0,0,0,0
3,20.872032569262956,75.23474860202914,19.47062049354052,0,0,0,0,0,0,0,0,0,0,0,0,0,0,0,0,0,0,0,0,0,0,0,0,0,0,0,0,0
37,92.91737863509074,3473.542438740547,93.87952537136614,1,0,0,0,1,0,1,1,0,0,0,0,0,0,0,0,0,0,1,0,1,0,0,0,0,0,0,0,1
3,75.44549380596224,229.15225309701887,76.38408436567296,0,0,0,0,1,0,1,1,0,0,0,0,0,0,0,0,0,0,0,0,0,0,0,1,0,0,0,0,0
4,91.57113416775923,382.79896911140247,95.69974227785062,0,0,1,1,1,0,1,1,0,0,0,0,0,0,0,0,0,0,0,0,1,0,0,1,0,1,0,0,0
8,74.60761671559023,639.2499265053899,71.31235703860156,0,0,0,0,1,0,0,1,0,0,0,0,0,0,0,0,0,0,0,0,0,0,0,1,1,0,0,0,0
2,36.74614478141912,78.28711848379434,39.14355924189717,1,0,0,0,0,0,0,0,0,0,0,0,0,0,0,0,0,0,0,0,0,0,0,0,0,0,0,0,0
23,54.55774810500273,1226.3050148089064,52.9587869883959,0,0,0,0,0,0,0,0,0,0,0,0,1,0,0,0,0,0,0,0,0,0,0,0,0,0,0,1,0
3,34.522991831143045,104.40753499857689,34.802511666192295,0,0,0,0,0,1,0,0,0,0,1,0,0,0,0,0,0,0,0,0,0,0,0,0,0,0,0,0,0
45,103.31410876674376,4857.031511822827,106.62586098918622,0,1,1,0,1,0,1,1,0,0,0,0,0,0,1,0,0,0,1,0,1,0,0,1,0,0,0,0,1
25,104.09173949420651,2566.779836198528,101.82181022008028,0,0,1,0,1,0,1,1,0,0,0,0,0,0,0,0,0,0,0,0,0,0,0,1,0,0,0,1,0
20,105.95945279723387,2244.1594552460356,109.8626077990985,0,0,1,0,1,0,1,1,0,0,0,0,0,0,1,0,0,0,1,0,1,0,0,1,0,0,0,1,0
23,91.74803623893543,2285.7019762952946,96.4228031520651,0,0,0,0,1,0,0,1,0,0,0,0,1,0,0,0,0,0,1,0,0,0,0,1,0,0,0,1,0
66,91.91082616663921,6059.849746961193,91.94833713499165,1,0,1,0,1,0,0,1,0,0,1,0,1,0,0,0,0,0,0,0,1,0,0,0,0,0,0,0,1
18,87.02114461839213,1625.378516452719,88.00591981147515,1,0,0,0,1,0,0,0,0,0,1,0,0,0,0,0,0,0,1,0,0,0,0,0,0,0,0,1,0
7,99.24147927121042,671.1846368883301,95.88351955547574,1,0,0,0,1,0,1,1,0,0,0,0,0,0,0,0,0,0,1,0,1,0,0,0,0,0,0,0,0
1,20.130639791776826,20.130639791776826,20.130639791776826,1,0,0,0,1,0,0,0,1,1,0,1,0,1,0,1,0,1,0,1,0,0,0,0,0,0,1,0,0
21,81.89476797078474,1851.7488306320333,87.14479629580252,0,0,0,0,1,0,1,1,0,0,0,0,0,0,0,0,0,0,0,0,0,0,0,1,0,0,0,1,0
17,69.66177773247163,1146.241844677771,67.4259908633983,0,0,0,0,1,0,0,1,0,0,0,0,0,0,0,0,0,0,0,0,0,0,0,1,0,1,0,1,0
48,116.49380204848545,5437.974523267811,112.62318939060324,0,0,0,0,1,0,0,1,0,0,0,0,1,0,1,0,1,0,1,0,1,0,0,0,0,0,0,0,1
24,93.08706225760754,2187.142133864267,90.1828755826729,0,0,0,0,1,0,1,1,0,0,0,0,1,0,0,0,0,0,0,0,0,0,0,1,0,1,0,1,0
6,74.47949395064093,443.4758130848859,68.00218190814918,0,0,0,0,1,0,0,0,0,0,0,0,0,0,0,0,0,0,0,0,0,0,0,1,0,0,0,0,0
1,20.22016038780666,20.22016038780666,20.22016038780666,0,0,0,0,1,0,0,0,1,1,0,1,0,1,0,1,0,1,0,1,0,0,0,1,0,0,1,0,0
59,99.65456695398503,5890.956290050129,99.28780776020656,0,0,1,0,1,0,1,1,0,0,0,0,0,0,1,0,0,0,0,0,0,0,0,0,0,0,0,0,1
21,77.80579284222851,1634.627841305316,76.55251642384907,0,0,0,0,1,0,1,0,0,0,0,0,1,0,0,0,0,0,0,0,0,0,0,0,0,0,0,1,0
5,94.04270440654707,454.2151548577832,90.84303097155664,0,0,0,0,1,0,0,1,0,0,0,0,0,0,0,0,0,0,1,0,0,0,0,1,0,1,0,0,0
65,105.844598130177,6982.9558691640705,106.41048437997223,0,0,1,0,1,0,1,1,0,0,0,0,0,0,1,0,0,0,1,0,1,0,0,1,0,0,0,0,1
29,79.14256955507508,2389.256727475265,81.02249684734973,0,0,0,0,1,0,0,1,0,0,0,0,0,0,0,0,0,0,0,0,0,0,0,1,0,0,0,1,0
58,98.38767076127127,5805.220560020545,99.74056964284493,1,0,1,0,1,0,1,1,0,0,0,0,0,0,1,0,0,0,1,0,0,0,0,1,0,1,0,0,1
1,45.76774488417433,45.76774488417433,45.76774488417433,0,0,0,0,1,0,0,0,0,0,0,0,0,0,0,0,0,0,0,0,0,0,0,0,0,1,0,0,0
29,84.99461986233824,2474.0715395132784,85.69519579879834,0,1,0,0,1,0,0,1,0,0,0,0,0,0,0,0,0,0,0,0,1,0,0,0,1,0,0,1,0
15,19.805493755062443,288.45522134361994,19.23034808957466,0,0,0,0,1,0,0,0,1,1,0,1,0,1,0,1,0,1,0,1,0,0,0,0,0,0,0,1,0
22,53.23569501606641,1207.5370047643055,53.320760259475186,0,0,0,0,1,0,0,0,0,0,0,0,0,0,0,0,0,0,0,0,0,0,0,0,0,0,0,1,0
9,53.84891860358743,493.1070455218251,53.85372806043645,0,0,0,0,1,0,0,0,0,0,0,0,0,0,0,0,0,0,0,0,0,0,0,0,0,1,0,0,0
32,104.44545178725417,3355.304963496596,103.5952438193729,0,0,1,0,1,0,0,1,0,0,0,0,0,0,1,0,1,0,1,0,1,0,0,1,0,1,0,1,0
18,29.921543903242593,484.84501225619533,29.7305080730104,0,0,0,0,0,0,0,0,0,0,0,0,0,0,0,0,0,0,0,0,0,0,0,0,0,1,0,0,0
54,25.95758543238155,1335.453232746525,24.687508094882524,1,0,0,0,0,0,0,0,0,0,0,0,0,0,0,0,0,0,0,0,0,0,0,0,0,0,0,0,1
25,91.53561339514067,2334.609208598949,91.81244697780686,1,0,0,0,1,0,0,1,0,0,0,0,0,0,0,0,0,0,1,0,0,0,0,0,0,1,0,1,0
3,34.12573770972952,137.39941142030023,34.79380485879475,0,0,0,0,0,0,0,0,0,0,0,0,0,0,0,0,0,0,0,0,0,0,0,0,0,1,0,0,0
6,87.62682103217749,520.3987568168104,86.73312613613507,0,0,0,0,1,0,0,1,0,0,0,0,1,0,0,0,0,0,0,0,0,0,0,1,0,1,0,0,0
5,103.40195482856895,542.8671710206575,105.5028764681137,0,0,0,0,1,0,0,1,0,0,0,0,0,0,1,0,0,0,1,0,1,0,0,0,0,0,1,0,0
3,76.56183647656187,217.2568130941504,72.41893769805013,0,0,0,0,1,0,0,1,0,0,0,0,0,0,0,0,0,0,0,0,0,0,0,1,0,0,0,0,0
11,102.58823369380761,1131.9224580017726,102.90204163652479,0,0,0,0,1,0,1,1,0,0,0,0,0,0,1,0,0,0,1,0,1,0,0,1,0,0,0,0,0
54,105.88376511824656,5520.020915773262,101.3241491094297,0,0,0,0,1,0,1,1,0,0,0,0,1,0,0,0,0,0,1,0,1,0,0,1,0,0,0,0,1
46,87.29029085133449,4031.3199058703917,87.66276390886955,0,0,0,0,1,0,0,1,0,0,0,0,0,0,0,0,0,0,0,0,0,0,0,1,0,0,0,0,1
48,22.8944063943157,1008.8442168556753,21.167679396143036,0,0,0,0,0,0,0,0,0,0,0,0,0,0,0,0,0,0,0,0,0,0,0,0,0,0,0,0,1
30,93.77357885886826,2866.77249133132,95.08702373196869,0,0,1,0,1,0,1,1,0,0,0,0,0,0,0,0,0,0,1,0,0,0,0,0,0,0,0,1,0
45,54.74680280764176,2468.7804610662083,54.504773468694985,0,0,0,0,1,0,0,0,0,0,0,0,0,0,0,0,0,0,0,0,0,0,0,0,0,0,0,0,1
53,80.9995104057072,4456.476872050301,84.16673623898376,0,0,0,0,1,0,1,1,0,0,0,0,0,0,1,0,0,0,0,0,0,0,0,1,0,1,0,0,1
3,54.80436851375371,154.69598712008275,51.56532904002759,0,0,0,0,0,0,0,0,0,0,0,0,0,0,0,0,0,0,0,0,0,0,0,1,0,0,0,0,0
1,44.833136435625654,44.833136435625654,44.833136435625654,0,0,0,0,1,0,0,0,0,0,0,0,0,0,0,0,0,0,0,0,0,0,0,1,0,0,0,0,0
23,76.84011329039546,1741.4697512450834,74.9508637549239,0,0,0,0,1,0,1,1,0,0,0,0,0,0,0,0,0,0,0,0,0,0,0,1,0,0,0,1,0
1,70.86298206544348,70.86298206544348,70.86298206544348,0,0,0,0,1,0,0,1,0,0,0,0,0,0,0,0,0,0,0,0,0,0,0,0,0,0,1,0,0
30,88.81034048358713,2646.7272433449325,86.16921308970667,1,1,1,0,1,0,1,1,0,0,0,0,0,0,0,0,0,0,0,0,1,0,0,1,0,1,0,1,0
66,103.77763767053416,6889.071492058639,103.9942876266267,0,0,0,0,1,0,1,1,0,0,0,0,1,0,0,0,0,0,1,0,0,0,0,1,0,0,0,0,1
1,55.4530589724736,55.4530589724736,55.4530589724736,0,0,0,0,1,0,0,0,0,0,0,0,0,0,0,0,0,0,0,0,1,0,0,1,0,0,0,0,0
8,83.83525553101481,737.9098973369325,85.26018414725509,0,0,0,0,1,0,0,1,0,0,0,0,0,0,1,0,0,0,0,0,0,0,0,1,0,1,0,0,0
1,85.17150236249829,85.17150236249829,85.17150236249829,0,0,0,0,1,0,0,1,0,0,0,0,0,0,0,0,0,0,1,0,0,0,0,1,0,1,0,0,0
3,79.42452729837196,265.801026309089,88.60034210302967,1,0,0,0,1,0,0,1,0,0,0,0,0,0,0,0,0,0,1,0,0,0,0,0,0,1,0,0,0
13,80.91303654876614,956.0124274026638,73.5394174925126,0,0,0,0,1,0,0,1,0,0,0,0,1,0,1,0,0,0,0,0,0,0,0,1,0,1,0,1,0
13,72.16416823999239,915.9549240256476,67.04199055612509,0,0,0,0,1,0,0,1,0,0,0,0,0,0,0,0,0,0,0,0,0,0,0,1,0,0,0,0,0
4,88.79806263475629,366.69418927766105,91.67354731941526,0,0,0,1,1,0,1,1,0,0,0,0,1,0,0,0,0,0,0,0,0,0,0,0,0,0,0,0,0
20,92.38597696532344,1961.4582539017706,95.91258002751977,0,1,0,0,1,0,1,1,0,0,0,0,0,0,0,0,0,0,1,0,0,0,0,0,0,1,0,1,0
52,86.16453681818497,4521.910022727293,86.40699379791886,1,0,0,0,1,0,1,1,0,0,0,0,0,0,0,0,0,0,0,0,0,0,0,0,0,0,0,0,1
3,36.018698293658986,99.37161743838433,33.12387247946145,1,0,0,0,0,1,0,0,0,0,0,0,0,0,0,0,0,0,0,0,0,0,0,1,0,0,1,0,0
1,45.68104797573085,45.68104797573085,45.68104797573085,1,0,0,0,1,0,0,0,0,0,0,0,0,0,0,0,0,0,0,0,0,0,0,1,0,0,0,0,0
8,94.47123481687069,742.7249109411707,92.84061386764634,0,0,0,0,1,0,0,1,0,0,0,0,0,0,1,0,0,0,1,0,1,0,0,1,0,0,0,0,0
3,81.11817094760976,261.89211860681615,87.29737286893872,0,0,0,0,1,0,0,1,0,0,0,0,0,0,0,0,0,0,0,0,0,0,0,1,0,0,0,0,0
9,73.25696229987498,622.5338989644224,69.17043321826915,0,0,0,0,1,0,0,0,0,0,0,0,0,0,0,0,0,0,0,0,0,0,0,0,0,0,0,0,0
21,83.37559235296293,1773.9682730324084,83.33994704150605,1,1,0,0,1,0,1,1,0,0,0,0,0,0,0,0,0,0,0,0,0,0,0,1,0,1,0,1,0
22,55.15,1199.7332407531662,54.53332912514392,0,0,0,0,1,0,0,0,0,0,0,0,1,0,0,0,1,0,0,0,0,0,0,0,0,0,0,1,0
1,90.55,90.55,90.55,0,0,0,0,1,0,0,1,0,0,0,0,0,0,0,0,0,0,1,0,1,0,0,0,0,1,0,0,0
1,20.728087339814294,20.728087339814294,20.728087339814294,0,0,0,0,1,0,0,0,1,1,0,1,0,1,0,1,0,1,0,1,0,0,0,0,0,0,1,0,0
1,70.46869720093095,70.46869720093095,70.46869720093095,0,0,0,0,1,0,0,1,0,0,0,0,0,0,0,0,0,0,0,0,0,0,0,1,0,1,0,0,0
24,92.3940637758482,2230.5041551420413,92.11850206572866,0,1,0,0,1,0,0,1,0,0,0,0,0,0,0,0,0,0,0,0,0,0,0,1,0,1,0,1,0
66,103.68439623442977,6890.833176500052,104.16189925691727,0,0,0,0,1,0,1,1,0,0,0,0,1,0,0,0,0,0,1,0,0,0,0,1,1,0,0,0,1
1,20.846491526126375,20.846491526126375,20.846491526126375,0,0,0,0,1,0,0,0,1,1,0,1,0,1,0,1,0,1,0,1,0,0,0,1,0,0,1,0,0
64,105.61536765929098,6902.816447710446,107.78589358772085,1,0,0,0,1,0,1,1,0,0,0,0,1,0,0,0,1,0,1,0,1,1,0,1,0,0,0,0,1
1,45.3,45.3,45.3,1,0,0,0,1,0,0,0,0,0,0,0,0,0,0,0,0,0,0,0,0,0,0,0,0,1,0,0,0
49,66.03660275670542,3217.380428013485,66.251336441215,1,0,0,0,1,0,0,0,0,0,1,0,0,0,0,0,0,0,0,0,0,0,0,1,0,1,0,0,1
4,74.58762648249059,322.7550278389433,80.68875695973583,0,0,0,0,1,0,0,1,0,0,0,0,0,0,0,0,0,0,0,0,0,0,0,1,0,1,0,0,0
1,73.46683823285407,73.46683823285407,73.46683823285407,0,0,0,0,1,0,0,1,0,0,0,0,1,0,0,0,0,0,0,0,0,0,0,1,0,1,0,0,0
2,44.79867205287421,94.60449381801357,47.30224690900678,1,0,0,0,1,0,0,0,0,0,0,0,0,0,0,0,0,0,0,0,0,0,0,1,0,0,0,0,0
5,80.83461553658908,388.70497819801153,77.7409956396023,0,0,0,0,1,0,0,1,0,0,0,0,0,0,0,0,0,0,0,0,0,0,0,1,0,0,0,0,0
41,99.94908251486173,4256.853449443609,103.8256938888685,1,0,1,0,1,0,1,1,0,0,0,0,0,0,1,0,0,0,1,0,1,0,0,1,0,1,0,0,1
1,74.4,74.4,74.4,1,1,0,0,1,0,1,1,0,0,0,0,0,0,0,0,0,0,0,0,0,0,0,1,0,1,0,0,0
12,100.62404824290276,1222.732348928948,100.17484579665687,1,1,1,0,1,0,0,1,0,0,0,0,1,0,0,0,0,0,1,0,1,0,0,1,0,1,0,0,0
2,95.33614991544249,197.11274276050568,98.55637138025284,0,0,0,0,1,0,0,1,0,0,0,0,0,0,0,0,0,0,1,0,1,0,0,1,0,1,0,0,0
23,90.04661630632778,2169.9716016076627,94.27303113481594,0,0,0,0,1,0,1,1,0,0,0,0,0,0,0,0,0,0,0,0,0,0,0,1,0,0,0,1,0
36,86.06721678239201,3171.5494287808474,86.14711808510967,0,1,0,0,1,0,1,1,0,0,0,0,0,0,0,0,0,0,1,0,0,0,0,1,0,1,0,0,0
2,85.98194084357561,179.81011934179685,89.90505967089842,0,0,0,0,1,0,0,1,0,0,0,0,0,0,0,0,0,0,0,0,0,0,0,1,0,0,0,0,0
1,80.43727171009176,80.43727171009176,80.43727171009176,0,0,0,0,1,0,0,1,0,0,0,0,0,0,0,0,0,0,0,0,0,0,0,1,0,1,0,0,0
11,99.34722961209819,1128.0024669600098,99.89654750547245,0,0,0,0,1,0,0,1,0,0,0,0,0,0,0,0,0,0,1,0,1,0,0,1,0,0,0,0,0
1,78.73427130515236,78.73427130515236,78.73427130515236,0,0,0,1,1,0,0,1,0,0,0,0,0,0,0,0,0,0,0,0,0,0,0,0,0,1,0,0,0
10,80.33425221166513,789.4669518493165,78.94669518493166,0,0,0,0,1,0,1,1,0,0,0,0,0,0,0,0,0,0,0,0,0,0,0,1,0,0,0,0,0
1,46.10940836047496,46.10940836047496,46.10940836047496,1,0,0,0,1,0,0,0,0,0,0,0,0,0,0,0,0,0,0,0,0,0,0,0,0,0,0,0,0
24,78.25059303717116,1851.484102856018,74.9264894051384,0,0,0,0,1,0,1,1,0,0,0,0,0,0,0,0,0,0,0,0,0,0,0,1,0,0,0,1,0
8,97.58677426281986,776.4918305757844,94.70327728959317,0,1,0,0,1,0,1,1,0,0,0,0,0,0,0,0,0,0,0,0,1,0,0,0,0,1,0,0,0
1,50.584948508085105,50.584948508085105,50.584948508085105,0,0,0,0,1,0,0,0,0,0,0,0,0,0,0,0,0,0,0,0,0,0,0,1,0,0,0,0,0
1,89.20929170834562,89.20929170834562,89.20929170834562,0,0,0,0,1,0,0,1,0,0,0,0,0,0,0,0,0,0,1,0,1,0,0,1,0,1,0,0,0
11,19.887420987215314,220.94532226568396,19.36027468398319,0,0,1,0,1,0,0,0,1,1,0,1,0,1,0,1,0,1,0,1,0,0,0,0,0,0,0,0,0
34,70.04806768029295,2416.1721015204394,70.7385129219963,0,0,0,0,1,0,0,1,0,0,0,0,0,0,0,0,0,0,0,0,0,0,0,1,0,0,0,1,0
26,85.85682422859401,2285.044920408771,85.18509563742721,0,0,0,0,1,0,0,1,0,0,0,0,0,0,0,0,0,0,0,0,1,0,0,1,0,0,0,1,0
1,74.37090723940814,74.37090723940814,74.37090723940814,1,0,0,0,1,0,0,1,0,0,0,0,0,0,0,0,0,0,0,0,0,0,0,1,0,1,0,0,0
3,78.93689063910409,243.991736173796,81.33057872459867,0,0,0,0,1,0,0,1,0,0,0,0,0,0,0,0,0,0,0,0,0,0,0,1,0,1,0,0,0
19,87.74193889605365,1761.6928227248588,90.4427946942318,0,0,0,0,1,0,0,1,0,0,0,0,0,0,0,0,0,0,0,0,0,0,0,0,0,0,1,1,0
1,78.72992127914642,78.72992127914642,78.72992127914642,0,0,0,1,1,0,0,1,0,0,0,0,0,0,0,0,0,0,0,0,1,0,0,0,0,1,0,0,0
15,57.518964254211646,938.8351714033694,59.698541518366284,0,0,0,0,1,0,1,0,0,0,0,0,0,0,0,0,0,0,0,0,0,0,0,1,0,0,0,1,0
1,20.469926330883137,20.469926330883137,20.469926330883137,1,0,0,0,1,0,0,0,1,1,0,1,0,1,0,1,0,1,0,1,0,0,0,0,0,0,1,0,0
58,108.60940903082732,6288.149312450287,108.17267639150822,0,0,1,0,1,0,1,1,0,0,1,0,0,0,0,0,0,0,0,0,1,1,0,1,0,0,0,0,1
5,53.11749978446066,307.4719529700811,61.49439059401622,0,0,0,0,0,0,0,0,0,0,0,0,0,0,0,0,0,0,0,0,0,0,0,0,0,0,0,0,0
9,100.08257191406491,918.9180404464267,102.1020044940474,1,1,0,0,1,0,1,1,0,0,0,0,0,0,0,0,0,0,1,0,1,0,0,1,0,0,0,0,0
41,102.17615030408129,4213.056565595133,101.97861941180747,1,0,0,0,1,0,1,1,0,0,0,0,0,0,0,0,1,0,1,0,1,1,0,1,0,1,0,0,1
51,105.21708582395483,5578.251973481491,108.28319461513273,0,0,1,0,1,0,1,1,0,0,1,0,0,0,0,0,0,0,1,0,1,0,0,0,0,1,0,0,1
1,50.8,50.8,50.8,0,0,0,0,1,0,0,0,0,0,0,0,0,0,0,0,0,0,0,0,0,0,0,0,0,1,0,0,0
4,90.7078122593546,353.9538514029927,88.48846285074818,0,0,0,0,1,0,1,1,0,0,0,0,0,0,0,0,0,0,0,0,1,0,0,1,0,1,0,0,0
69,104.01771658276601,7249.395779762246,103.60063179263268,1,0,0,0,1,0,1,1,0,0,0,0,0,0,0,0,1,0,1,0,1,0,0,1,0,0,0,0,1
5,59.32493148523948,387.65058295629683,66.31702678348651,0,0,0,0,1,0,0,0,0,0,0,0,0,0,0,0,0,0,0,0,0,0,0,0,0,1,0,0,0
6,71.84950726538517,447.8371172638042,66.39068683838157,0,0,0,0,1,0,0,0,0,0,0,0,0,0,0,0,0,0,0,0,0,0,0,1,0,0,0,0,0
24,98.82237476182918,2410.4647509490765,100.43603128954484,0,0,0,0,1,0,0,1,0,0,0,0,0,0,1,0,0,0,1,0,1,0,0,1,0,0,0,1,0
1,69.24632318989781,69.24632318989781,69.24632318989781,0,0,0,0,1,0,0,1,0,0,0,0,0,0,0,0,0,0,0,0,0,0,0,1,0,1,0,0,0
1,79.33079506054375,79.33079506054375,79.33079506054375,0,0,0,0,1,0,0,1,0,0,0,0,0,0,0,0,0,0,1,0,0,0,0,1,0,1,0,0,0
1,36.389253033277114,36.389253033277114,36.389253033277114,0,0,0,0,0,1,0,0,0,0,0,0,0,0,0,0,0,0,0,0,0,0,0,1,0,0,0,0,0
1,45.69606081663072,45.69606081663072,45.69606081663072,1,0,0,0,1,0,0,0,0,0,0,0,0,0,0,0,0,0,0,0,0,0,0,1,0,0,0,0,0
24,33.19534047094551,736.3110484308204,31.710679107064614,0,0,0,0,0,0,0,0,0,0,0,0,0,0,0,0,0,0,0,0,0,0,0,1,0,0,0,1,0
55,98.78165309527799,5472.888067004529,98.54559267685701,1,0,1,0,1,0,0,1,0,0,0,0,1,0,1,0,0,0,1,0,0,0,0,0,0,1,0,0,1
65,104.2663258282113,6889.600298635291,104.63256230501229,1,0,0,0,1,0,1,1,0,0,0,0,0,0,0,0,1,0,1,0,1,0,0,1,0,0,0,0,1
22,41.565144975476066,867.1110066381666,40.65233570925722,0,0,0,0,0,0,0,0,0,0,0,0,0,0,0,0,0,0,0,0,0,0,0,0,0,1,0,1,0
1,80.20056512682946,80.20056512682946,80.20056512682946,0,0,0,0,1,0,0,1,0,0,0,0,0,0,0,0,0,0,0,0,0,0,0,1,0,0,0,0,0
43,84.38677578470114,3607.4113316352473,83.06436438407233,0,0,0,0,1,0,0,1,0,0,0,0,0,0,0,0,0,0,0,0,1,0,0,1,0,1,0,0,0
35,56.29643409093102,1998.8668975514322,56.591864544970356,0,0,0,0,0,0,0,0,0,0,0,0,0,0,1,0,0,0,0,0,1,0,0,1,0,0,0,0,0
1,93.56811610135415,93.56811610135415,93.56811610135415,1,1,0,0,1,0,1,1,0,0,0,0,0,0,0,0,0,0,1,0,1,0,0,1,0,1,0,0,0
22,31.06403308707317,664.0869310937642,30.894180708138034,0,0,1,0,0,0,0,0,0,0,0,0,0,0,0,0,0,0,0,0,0,0,0,0,0,0,0,1,0
13,83.25270590546413,1131.9722129731967,84.58554338847593,0,0,0,0,1,0,1,1,0,0,0,0,0,0,0,0,0,0,0,0,1,0,0,1,0,1,0,1,0
5,81.28166028935,416.28035031001787,83.25607006200357,1,0,0,0,1,0,0,1,0,0,0,0,0,0,0,0,0,0,0,0,0,0,0,1,0,1,0,0,0
3,85.34682598308076,259.1451648506392,86.38172161687974,1,0,0,0,1,0,0,1,0,0,0,0,0,0,0,0,0,0,0,0,0,0,0,0,0,1,0,0,0
30,83.0005854353774,2591.8836355517624,86.08525574701963,0,0,0,0,1,0,0,0,0,0,0,0,0,0,0,0,0,0,1,0,1,0,0,1,0,0,1,1,0
3,70.3709438864634,205.905828711769,68.63527623725633,0,0,0,0,1,0,0,1,0,0,0,0,0,0,0,0,0,0,0,0,0,0,0,1,0,1,0,0,0
7,78.89591023648791,632.6513587972031,82.14467381048274,1,0,0,0,1,0,0,1,0,0,0,0,0,0,0,0,0,0,0,0,0,0,0,0,0,0,0,0,0
26,88.65206511531935,2275.4045051835074,87.51555789167337,0,0,0,0,1,0,1,1,0,0,0,0,0,0,0,0,0,0,0,0,0,0,0,1,0,1,0,1,0
6,82.2424571628593,503.13104147788056,83.85517357964676,0,0,0,0,1,0,0,1,0,0,0,0,0,0,0,0,0,0,0,0,0,0,0,1,0,0,0,0,0
4,76.74540745539376,334.47644193034847,83.61911048258712,0,0,0,0,1,0,1,1,0,0,0,0,0,0,0,0,0,0,0,0,0,0,0,0,0,1,0,0,0
35,95.61941989781117,3474.1258596557363,98.98928039016961,1,0,0,0,1,0,1,1,0,0,0,0,0,0,0,0,0,0,1,0,1,0,0,0,0,0,0,0,0
41,58.55210936988409,2362.531138613843,57.99080394313955,0,0,0,0,0,0,0,0,0,0,0,0,0,0,0,0,0,0,1,0,1,0,0,1,0,0,0,0,1
2,87.6176918422714,165.76012745162714,82.88006372581357,1,0,0,0,1,0,0,1,0,0,0,0,0,0,0,0,0,0,0,0,1,0,0,0,0,1,0,0,0
13,41.96886216639291,532.012848620285,41.34895375629952,0,0,0,0,0,1,0,0,0,0,0,0,0,0,0,0,0,0,0,0,1,0,0,1,0,1,0,0,0
47,82.77903531627396,4033.4718013740003,84.43292953998395,0,0,1,0,1,0,0,1,0,0,0,0,0,0,0,0,0,0,0,0,1,0,0,1,0,0,0,0,1
53,26.132130937007567,1339.8102321249714,25.422259240152393,1,0,0,0,0,0,0,0,0,0,0,0,0,0,0,0,0,0,0,0,0,0,0,0,0,1,0,0,1
1,19.531730531221324,19.531730531221324,19.531730531221324,1,0,0,0,1,0,0,0,1,1,0,1,0,1,0,1,0,1,0,1,0,0,0,0,0,0,1,0,0
19,95.38869903695962,1902.0721349781077,95.45792458075655,0,0,0,0,1,0,0,1,0,0,0,0,0,0,0,0,0,0,1,0,1,0,0,1,0,1,0,1,0
7,85.30012896733666,601.0766737663321,85.86809625233315,0,0,0,0,1,0,0,1,0,0,0,0,0,0,0,0,0,0,0,0,0,0,0,1,0,0,0,0,0
48,86.20410965224988,4101.963687448381,86.471752917464,0,0,0,0,1,0,0,1,0,0,0,0,1,0,0,0,0,0,0,0,0,0,0,1,0,1,0,0,1
2,79.38559985343032,170.03225677064867,85.01612838532434,0,0,0,0,1,0,0,1,0,0,0,0,0,0,0,0,0,0,0,0,0,0,0,0,0,1,0,0,0
33,101.41505387457799,3355.746159620406,101.61118752733394,0,0,1,0,1,0,0,1,0,0,0,0,0,0,0,0,0,0,1,0,0,0,0,1,0,0,0,0,0
1,74.72088122867001,74.72088122867001,74.72088122867001,1,0,0,0,1,0,1,1,0,0,0,0,0,0,0,0,0,0,0,0,0,0,0,1,0,1,0,0,0
2,95.54607922350021,173.96605252689577,86.98302626344788,0,0,0,0,1,0,1,1,0,0,0,0,0,0,0,0,0,0,1,0,1,0,0,1,0,1,0,0,0
1,74.9990126649654,74.9990126649654,74.9990126649654,1,0,0,0,1,0,1,1,0,0,0,0,0,0,0,0,0,0,0,0,0,0,0,1,0,1,0,0,0
25,95.58474987838586,2496.497274268957,96.65819754184041,0,1,0,0,1,0,1,1,0,0,0,0,1,0,0,0,0,0,0,0,1,0,0,1,0,1,0,1,0
1,69.72611969289285,69.72611969289285,69.72611969289285,0,0,0,1,1,0,0,1,0,0,0,0,0,0,0,0,0,0,0,0,0,0,0,1,0,1,0,0,0
2,71.21369067658098,131.38473577919217,65.69236788959608,0,0,0,0,1,0,0,1,0,0,0,0,0,0,0,0,0,0,0,0,0,0,0,1,0,0,0,0,0
14,81.37184571809543,1112.9702439496123,78.02287979980238,0,0,0,0,1,0,1,1,0,0,0,0,0,0,0,0,0,0,0,0,0,0,0,1,0,1,0,1,0
1,74.58162830540432,74.58162830540432,74.58162830540432,1,1,0,0,1,0,1,1,0,0,0,0,0,0,0,0,0,0,0,0,0,0,0,1,0,1,0,0,0
8,99.95553861849535,826.0702040448767,103.25877550560959,0,0,0,0,1,0,0,1,0,0,0,0,0,0,0,0,0,0,1,0,1,0,0,0,0,0,0,0,0
1,76.30317958496697,76.30317958496697,76.30317958496697,0,0,0,0,1,0,0,1,0,0,0,0,1,0,0,0,0,0,0,0,0,0,0,0,0,0,0,0,0
7,74.7929989695709,542.6052140138357,77.5150305734051,0,0,0,0,1,0,0,1,0,0,0,0,0,0,0,0,0,0,0,0,0,0,0,0,0,0,0,0,0
70,108.77511090363001,7687.718818584054,108.57817638190234,0,0,1,0,1,0,1,1,0,0,0,0,1,0,1,0,1,0,1,0,1,0,0,1,0,0,0,0,1
41,100.26768618690919,4262.693722843469,103.3729361700566,1,0,0,0,1,0,1,1,0,0,0,0,0,0,0,0,0,0,1,0,1,0,0,1,0,1,0,0,1
43,65.20087345127382,2798.9102804110053,64.29781098505501,0,0,0,0,1,0,0,0,0,0,0,0,0,0,1,0,0,0,0,0,0,0,0,0,1,0,0,0,1
1,71.53060042420682,71.53060042420682,71.53060042420682,0,0,0,0,1,0,0,1,0,0,0,0,0,0,0,0,0,0,0,0,0,0,0,1,0,1,0,0,0
30,100.9617928503327,3051.5939396652216,100.8355578920973,0,0,0,0,1,0,1,1,0,0,0,0,0,0,1,0,0,0,1,0,1,0,0,1,0,1,0,1,0
26,93.75186734861536,2520.2410881488227,94.71855360906383,0,0,0,0,1,0,0,0,0,0,0,0,1,0,1,0,0,0,1,0,1,0,0,0,0,0,0,1,0
34,70.8359881629864,2353.3486888490993,69.69628080545125,0,0,0,0,1,0,0,0,0,0,0,0,0,0,0,0,0,0,0,0,0,0,0,1,0,0,0,0,0
1,90.701954582525,90.701954582525,90.701954582525,0,0,0,0,1,0,0,1,0,0,0,0,0,0,0,0,0,0,1,0,1,0,0,0,0,1,0,0,0
12,52.81963166877051,695.4147728692637,57.148435409773164,1,0,0,0,0,0,0,0,0,0,0,0,0,0,0,0,0,0,0,0,0,0,0,0,0,0,0,0,0
1,74.8930654591548,74.8930654591548,74.8930654591548,0,0,0,0,1,0,0,1,0,0,0,0,0,0,0,0,0,0,0,0,0,0,0,1,0,1,0,0,0
12,48.76366661614005,601.311016192383,49.5873036549371,1,0,0,0,0,0,0,0,0,0,0,0,0,0,0,0,0,0,0,0,0,0,0,0,0,0,0,0,0
50,94.93142621307653,4860.094420649709,95.89898932694771,0,0,1,0,1,0,1,1,0,0,0,0,1,0,0,0,0,0,0,0,0,0,0,1,0,0,0,0,1
50,94.83376357580866,4807.092016218523,94.99724078462278,0,0,1,0,1,0,1,1,0,0,0,0,0,0,0,0,0,0,1,0,1,0,0,1,0,1,0,0,1
1,84.74622567218844,84.74622567218844,84.74622567218844,1,0,0,0,1,0,0,1,0,0,0,0,0,0,0,0,0,0,1,0,0,0,0,1,0,0,0,0,0
4,74.82598281379403,321.86102577930893,80.46525644482723,0,0,0,0,1,0,0,1,0,0,0,0,0,0,0,0,0,0,0,0,0,0,0,1,0,0,0,0,0
1,69.58860861088135,69.58860861088135,69.58860861088135,0,0,0,0,1,0,0,1,0,0,0,0,0,0,0,0,0,0,0,0,0,0,0,1,0,1,0,0,0
37,100.93310391082659,3745.9223655004143,101.2411450135247,0,0,0,0,1,0,1,1,0,0,0,0,0,0,1,0,0,0,1,0,1,0,0,1,0,1,0,0,1
1,35.398643602140666,35.398643602140666,35.398643602140666,0,0,0,0,0,1,0,0,0,0,0,0,0,0,0,0,0,0,0,0,0,0,0,1,0,0,0,0,0
13,97.36751717660108,1236.8840262333542,95.14492509487341,1,1,1,0,1,0,0,1,0,0,0,0,0,0,0,0,0,0,1,0,1,0,0,1,0,1,0,1,0
1,49.9149132125702,49.9149132125702,49.9149132125702,0,0,0,0,1,0,0,0,0,0,0,0,0,0,0,0,0,0,0,0,0,0,0,1,0,0,1,0,0
28,82.49594719844323,2383.524617878532,84.46970033806257,0,0,0,0,1,0,0,1,0,0,0,0,0,0,0,0,0,0,0,0,0,0,0,1,0,1,0,1,0
7,81.20085757649376,582.9031697426128,76.23646508864516,0,0,0,0,1,0,0,1,0,0,0,0,0,0,0,0,0,0,0,0,0,0,0,1,0,1,0,0,0
1,70.79781940536448,70.79781940536448,70.79781940536448,0,0,0,0,1,0,0,1,0,0,0,0,0,0,0,0,0,0,0,0,0,0,0,1,0,1,0,0,0
3,79.46249011490771,265.4097172771052,88.46990575903504,1,0,0,0,1,0,0,1,0,0,0,0,0,0,0,0,0,0,1,0,0,0,0,0,0,1,0,0,0
25,67.13819009926189,1572.5152026467254,67.3326662971781,0,0,1,0,0,0,0,0,0,0,0,0,1,0,0,0,0,0,0,0,0,0,0,0,0,0,0,0,0
14,93.13805126939575,1316.4765346225777,91.71662063601413,0,1,0,0,1,0,0,1,0,0,0,0,0,0,0,0,0,0,0,0,1,0,0,0,0,0,0,1,0
50,63.77815975140633,3230.2674520343003,64.71308913831479,0,0,0,0,1,0,0,0,0,0,1,0,0,0,0,0,0,0,0,0,0,0,0,1,0,0,0,0,1
1,85.60722943156145,85.60722943156145,85.60722943156145,0,0,0,0,1,0,0,1,0,0,0,0,0,0,0,0,0,0,1,0,0,0,0,1,0,1,0,0,0
45,82.21122912500323,3658.8343767223564,82.38821243516617,1,0,0,1,1,0,1,1,0,0,0,0,0,0,0,0,0,0,0,0,0,0,0,0,0,0,0,0,1
8,100.45552499027495,819.8622927160322,102.48278658950403,0,0,0,0,1,0,1,1,0,0,0,0,0,0,0,0,0,0,1,0,1,0,0,0,0,1,0,0,0
3,98.78119318259454,291.95847536261397,97.31949178753798,0,0,0,0,1,0,0,1,0,0,0,0,0,0,1,0,0,0,1,0,1,0,0,1,0,0,0,0,0
47,62.4671312842832,2934.031942205138,62.459471405661034,0,0,0,0,1,0,1,0,0,0,0,0,0,0,0,0,0,0,0,0,0,0,0,1,0,0,0,0,0
41,106.27551992510962,4443.233759338468,108.33440685830823,0,0,0,0,1,0,1,1,0,0,0,0,1,0,1,0,0,0,1,0,1,0,0,1,0,1,0,0,1
20,69.71455469450441,1394.3312195355202,68.70689572971825,0,0,0,0,1,0,0,0,0,0,0,0,0,0,0,0,0,0,0,0,0,0,0,0,0,0,0,1,0
2,44.735894918713214,93.68552624245436,46.84276312122718,1,0,0,0,1,0,0,0,0,0,0,0,0,0,0,0,0,0,0,0,0,0,0,1,0,1,0,0,0
27,94.36823946053157,2723.9820141658074,100.59534289075145,0,0,0,0,1,0,1,1,0,0,0,0,0,0,0,0,0,0,1,0,0,0,0,1,0,0,0,1,0
28,96.97985542583916,2650.407709566161,94.41386297592653,1,0,0,0,1,0,0,1,0,0,0,0,0,0,0,0,0,0,1,0,1,0,0,0,0,0,0,1,0
17,90.8684714466909,1523.1779312855044,86.30729771896452,0,0,0,0,1,0,1,1,0,0,0,0,0,0,0,0,0,0,1,0,0,0,0,1,0,0,0,1,0
8,28.36014489874287,221.7003293153247,27.712541164415587,1,0,0,0,0,1,0,0,0,0,0,0,0,0,0,0,0,0,0,0,0,0,0,0,0,0,0,0,0
68,109.93305077268892,7601.5130393031695,111.36305814474454,1,0,1,0,1,0,0,1,0,0,0,0,1,0,1,0,1,0,1,0,1,0,0,1,0,0,0,0,1
9,99.75391149770046,919.1684483827044,102.12982759807826,1,1,0,0,1,0,1,1,0,0,0,0,0,0,0,0,0,0,1,0,1,0,0,1,0,0,0,0,0
30,90.92813775810308,2756.6595073949575,91.88865024649859,0,0,0,0,1,0,0,1,0,0,0,0,0,0,0,0,0,0,0,0,0,0,0,0,0,0,0,1,0
2,82.79201514924645,185.82432466695255,92.91216233347627,0,0,0,0,1,0,0,1,0,0,0,0,0,0,0,0,0,0,0,0,0,0,0,1,0,0,0,0,0
5,90.19538095308712,454.8271309527501,82.02926031266266,0,0,0,0,1,0,0,1,0,0,0,0,0,0,0,0,0,0,0,0,1,0,0,1,0,0,0,0,0
1,70.3,70.3,70.3,0,0,0,0,1,0,0,1,0,0,0,0,0,0,0,0,0,0,0,0,0,0,0,1,0,1,0,0,0
30,102.32703213049291,3059.745221249708,99.7832830939814,0,0,0,0,1,0,1,1,0,0,0,0,0,0,1,0,0,0,1,0,1,0,0,1,0,1,0,1,0
25,93.0005040850697,2361.9692695450053,92.89539032740873,0,0,0,0,1,0,0,1,0,0,0,0,0,0,0,0,0,0,1,0,1,0,0,1,0,0,0,1,0
4,91.34367778243099,365.4373563679962,91.35933909199905,0,0,0,0,1,0,1,1,0,0,0,0,1,0,0,0,0,0,1,0,0,0,0,0,0,0,0,0,0
2,50.567336214430306,114.57908297319621,57.289541486598104,0,0,0,0,1,0,0,0,0,0,0,0,1,0,0,0,0,0,0,0,0,0,0,1,0,0,1,0,0
19,85.86960778377998,1731.4478579539727,87.18724707678824,1,0,0,0,1,0,1,1,0,0,0,0,0,0,0,0,0,0,1,0,0,0,0,1,0,1,0,1,0
3,79.70216456486561,233.10926654212165,77.70308884737388,1,1,0,0,1,0,1,1,0,0,0,0,0,0,0,0,0,0,0,0,0,0,0,1,0,1,0,0,0
67,101.09247027596585,6840.118577127371,101.40400984653482,0,1,1,0,1,0,1,1,0,0,0,0,0,0,0,0,0,0,1,0,1,0,0,0,0,0,0,0,1
55,99.06676004338189,5473.903424058664,99.25685047911999,0,0,0,0,1,0,0,1,0,0,0,0,0,0,1,0,0,0,1,0,1,0,0,1,0,1,0,0,1
1,80.8110241649288,80.8110241649288,80.8110241649288,1,0,0,0,1,0,0,1,0,0,0,0,0,0,0,0,0,0,0,0,1,0,0,1,0,0,0,0,0
21,59.2826969335737,1254.3549315366695,57.28326654148629,1,0,0,0,1,0,0,0,0,0,0,0,1,0,0,0,0,0,0,0,0,0,0,0,0,1,0,1,0
28,96.1301995380468,2651.1568963061864,94.08482756366976,0,0,0,0,1,0,0,1,0,0,1,0,0,0,0,0,0,0,1,0,1,0,0,0,0,0,0,1,0
3,70.49868735247256,235.7609025840549,78.58696752801829,0,0,0,0,1,0,0,1,0,0,0,0,0,0,0,0,0,0,0,0,0,0,0,0,0,1,0,0,0
34,96.13630892498936,3210.4177565457476,93.32195845508221,0,0,0,0,1,0,0,1,0,0,0,0,0,0,0,0,0,0,0,0,0,0,0,1,0,0,0,0,0
20,94.5512055879142,1899.7725681046109,94.91867142653635,1,0,1,0,1,0,0,1,0,0,0,0,0,0,0,0,0,0,1,0,1,0,0,1,0,0,0,1,0
1,75.72355952269393,75.72355952269393,75.72355952269393,1,0,0,0,1,0,0,1,0,0,0,0,0,0,0,0,0,0,0,0,0,0,0,1,0,1,0,0,0
3,23.69840721857103,65.24641969408508,21.748806564695023,0,0,0,0,0,0,0,0,0,0,0,0,0,0,0,0,0,0,0,0,0,0,0,0,0,1,0,0,0
10,83.98435404670809,897.2402231224058,83.4835277572926,1,0,0,0,1,0,1,1,0,0,0,0,0,0,0,0,0,0,0,0,0,0,0,1,0,0,0,0,0
1,19.726513170460127,19.726513170460127,19.726513170460127,1,0,0,0,1,0,0,0,1,1,0,1,0,1,0,1,0,1,0,1,0,0,0,1,0,0,1,0,0
46,85.63020037384895,3961.7609965300708,85.05590265956458,0,1,0,0,1,0,1,1,0,0,0,0,1,0,0,0,0,0,0,0,0,0,0,0,0,0,0,0,1
4,91.36204074195906,366.1250402747102,91.53126006867755,0,0,0,0,1,0,1,1,0,0,0,0,0,0,0,0,0,0,0,0,0,0,0,1,0,1,0,0,0
53,19.699617921448258,1058.3013830289246,19.702200062383785,1,0,0,0,1,0,0,0,1,1,0,1,0,1,0,1,0,1,0,1,0,0,1,0,0,0,0,0,1
7,80.89255797325112,576.378970216308,82.1300095671951,0,0,0,0,1,0,0,0,0,0,0,0,0,0,0,0,0,0,0,0,0,0,0,0,0,1,0,0,0
5,76.75254536830555,340.0197587241535,68.0039517448307,1,1,0,0,1,0,0,1,0,0,0,0,0,0,0,0,0,0,0,0,0,0,0,1,0,0,0,0,0
1,49.05717894289973,49.05717894289973,49.05717894289973,1,0,0,0,1,0,0,0,0,0,0,0,0,0,1,0,0,0,0,0,0,0,0,0,0,0,0,0,0
8,102.18921394902243,822.6919431801178,102.83649289751473,0,1,0,0,1,0,1,1,0,0,0,0,0,0,1,0,0,0,1,0,1,0,0,1,0,1,0,0,0
59,107.27494406453744,6413.143438524737,107.47500334233422,0,0,0,0,1,0,1,1,0,0,0,0,1,0,1,0,0,0,1,0,1,0,0,1,0,1,0,0,1
9,85.35,756.252744782131,84.02808275357012,0,0,0,0,1,0,1,1,0,0,0,0,0,0,0,0,0,0,1,0,0,0,0,1,0,0,0,0,0
51,107.90576038895688,5437.590395396405,105.53486740746926,0,0,1,0,1,0,1,1,0,0,1,0,1,0,0,0,0,0,0,0,1,0,0,0,0,0,0,0,1
35,83.34043501936502,3025.028444664887,84.27176254052338,1,0,0,0,1,0,0,1,0,0,0,0,0,0,0,0,0,0,0,0,0,0,0,1,0,1,0,0,0
9,73.47326511627573,646.4104702842669,71.82338558714076,0,0,0,0,1,0,0,0,0,0,0,0,0,0,0,0,0,0,0,0,0,0,0,1,0,0,0,0,0
5,84.37231226474479,402.86990665516174,80.57398133103234,0,0,1,0,1,0,0,1,0,0,0,0,1,0,0,0,0,0,0,0,0,0,0,1,0,1,0,0,0
17,94.0017574819093,1623.4012300407985,95.49419000239992,0,0,0,0,1,0,0,1,0,0,1,0,0,0,0,0,0,0,1,0,0,0,0,0,0,1,0,1,0
9,73.93758479673282,642.3691693617699,71.37435215130776,0,0,0,0,1,0,0,0,0,0,0,0,0,0,0,0,0,0,0,0,0,0,0,1,0,0,0,0,0
38,96.53246247701243,3753.4384437359213,96.81215835607584,0,1,0,0,1,0,1,1,0,0,0,0,0,0,0,0,0,0,1,0,1,0,0,1,0,0,0,0,1
55,104.47311887553897,5502.912710799783,99.97208390605067,0,1,0,0,1,0,1,1,0,0,0,0,1,0,1,0,0,0,1,0,1,0,0,1,0,0,0,0,1
1,44.04333312905973,44.04333312905973,44.04333312905973,0,0,0,0,1,0,0,0,0,0,0,0,0,0,0,0,0,0,0,0,0,0,0,0,0,0,0,0,0
2,46.750924475872466,93.9486793201822,46.9743396600911,1,0,0,0,1,0,0,0,0,0,0,0,0,0,0,0,0,0,0,0,0,0,0,1,0,0,0,0,0
13,72.84632864995808,912.7986217688629,67.93762876459652,0,0,0,0,1,0,0,1,0,0,0,0,0,0,0,0,0,0,0,0,0,0,0,1,0,0,0,0,0
48,62.788486528059295,3015.3061416667197,63.10556215550924,1,0,0,0,0,0,0,0,0,0,0,0,0,0,0,0,0,0,0,0,0,0,0,0,0,1,0,0,1
21,92.84133242975926,1973.8129404659044,92.43607065547444,0,0,0,0,1,0,0,1,0,0,0,0,0,0,0,0,0,0,0,0,0,0,0,1,0,1,0,1,0
9,74.34203226281262,656.8364622624083,72.98182914026759,0,0,1,0,1,0,0,0,0,0,0,0,0,0,1,0,0,0,0,0,0,0,0,0,0,0,0,0,0
12,97.6654124341888,1154.4828491302094,96.20690409418411,0,0,0,0,1,0,1,1,0,0,0,0,0,0,0,0,0,0,1,0,1,0,0,1,0,0,0,0,0
48,96.67424382038894,4722.902106047624,97.0066878784127,1,0,0,0,1,0,1,1,0,0,0,0,0,0,0,0,0,0,1,0,1,0,0,1,0,1,0,0,1
2,76.09348633131233,143.47149141733564,71.73574570866782,0,0,0,0,1,0,0,1,0,0,0,0,0,0,0,0,0,0,0,0,0,0,0,1,0,1,0,0,0
1,45.06329243704791,45.06329243704791,45.06329243704791,1,0,0,0,1,0,0,0,0,0,0,0,0,0,0,0,0,0,0,0,0,0,0,1,0,0,0,0,0
